DT_GERACAO;HH_GERACAO;AA_ELEICAO;DT_ELEICAO;NR_TURNO;SG_UF;CD_MUNICIPIO;NM_MUNICIPIO;NR_ZONA;NR_SECAO;DS_TIPO_SECAO_AGREGADA;NR_SECAO_PRINCIPAL;NR_LOCAL_VOTACAO;NM_LOCAL_VOTACAO;DS_TIPO_LOCAL;DS_ENDERECO;NM_BAIRRO;NR_CEP;NR_LATITUDE;NR_LONGITUDE;DS_SITU_LOCAL_VOTACAO;DS_SITU_SECAO
07/10/2026;06:28:10;2026;04/10/2026;1;PB;20516;JOÃO PESSOA;1;1;Principal;-1;1767;FPB - FACULDADE INTERNACIONAL DA PARAÍBA;Convencional;AV. MONSENHOR WALFREDO LEAL, 512;TAMBIÁ;58020540;-7,1174317;-34,8733817;ATIVO;ATIVO
07/10/2026;06:28:10;2026;04/10/2026;1;PB;20516;JOÃO PESSOA;1;3;Principal;-1;1031;ESC. ESTADUAL PROFª OLIVINA OLIVIA CARNEIRO DA CUNHA;Convencional;AV DUARTE DA SILVEIRA 450 (VIZINHO AO LYCEU) - CENTRO - JOÃO PESSOA;CENTRO;58013280;-7,1214917;-34,8745783;ATIVO;ATIVO
07/10/2026;06:28:10;2026;04/10/2026;1;PB;20516;JOÃO PESSOA;1;4;Principal;-1;1767;FPB - FACULDADE INTERNACIONAL DA PARAÍBA;Convencional;AV. MONSENHOR WALFREDO LEAL, 512;TAMBIÁ;58020540;-7,1174317;-34,8733817;ATIVO;ATIVO
07/10/2026;06:28:10;2026;04/10/2026;1;PB;20516;JOÃO PESSOA;1;5;Principal;-1;1767;FPB - FACULDADE INTERNACIONAL DA PARAÍBA;Convencional;AV. MONSENHOR WALFREDO LEAL, 512;TAMBIÁ;58020540;-7,1174317;-34,8733817;ATIVO;ATIVO
07/10/2026;06:28:10;2026;04/10/2026;1;PB;20516;JOÃO PESSOA;1;6;Principal;-1;1767;FPB - FACULDADE INTERNACIONAL DA PARAÍBA;Convencional;AV. MONSENHOR WALFREDO LEAL, 512;TAMBIÁ;58020540;-7,1174317;-34,8733817;ATIVO;ATIVO
07/10/2026;06:28:10;2026;04/10/2026;1;PB;20516;JOÃO PESSOA;1;7;Principal;-1;1767;FPB - FACULDADE INTERNACIONAL DA PARAÍBA;Convencional;AV. MONSENHOR WALFREDO LEAL, 512;TAMBIÁ;58020540;-7,1174317;-34,8733817;ATIVO;ATIVO
07/10/2026;06:28:10;2026;04/10/2026;1;PB;20516;JOÃO PESSOA;1;11;Principal;-1;1953;AEMP - CENTRO PROFISSIONALIZANTE NOSSA SENHORA DE FÁTIMA;Convencional;RUA RODRIGUES CHAVES, 280 - (TRINCHEIRAS);CENTRO;58011040;-7,1252533;-34,885545;ATIVO;ATIVO
07/10/2026;06:28:10;2026;04/10/2026;1;PB;20516;JOÃO PESSOA;1;13;Principal;-1;1953;AEMP - CENTRO PROFISSIONALIZANTE NOSSA SENHORA DE FÁTIMA;Convencional;RUA RODRIGUES CHAVES, 280 - (TRINCHEIRAS);CENTRO;58011040;-7,1252533;-34,885545;ATIVO;ATIVO
07/10/2026;06:28:10;2026;04/10/2026;1;PB;20516;JOÃO PESSOA;1;14;Principal;-1;1031;ESC. ESTADUAL PROFª OLIVINA OLIVIA CARNEIRO DA CUNHA;Convencional;AV DUARTE DA SILVEIRA 450 (VIZINHO AO LYCEU) - CENTRO - JOÃO PESSOA;CENTRO;58013280;-7,1214917;-34,8745783;ATIVO;ATIVO
07/10/2026;06:28:10;2026;04/10/2026;1;PB;20516;JOÃO PESSOA;1;15;Principal;-1;1082;ESC ESTADUAL ANTONIO PESSOA;Convencional;AV BEAUREPAIRE ROHAN 149 - CENTRO - JOÃO PESSOA;CENTRO;58010000;-7,1199065;-34,887191;ATIVO;ATIVO
07/10/2026;06:28:10;2026;04/10/2026;1;PB;20516;JOÃO PESSOA;1;16;Principal;-1;1082;ESC ESTADUAL ANTONIO PESSOA;Convencional;AV BEAUREPAIRE ROHAN 149 - CENTRO - JOÃO PESSOA;CENTRO;58010000;-7,1199065;-34,887191;ATIVO;ATIVO
07/10/2026;06:28:10;2026;04/10/2026;1;PB;20516;JOÃO PESSOA;1;17;Principal;-1;1082;ESC ESTADUAL ANTONIO PESSOA;Convencional;AV BEAUREPAIRE ROHAN 149 - CENTRO - JOÃO PESSOA;CENTRO;58010000;-7,1199065;-34,887191;ATIVO;ATIVO
07/10/2026;06:28:10;2026;04/10/2026;1;PB;20516;JOÃO PESSOA;1;18;Principal;-1;1082;ESC ESTADUAL ANTONIO PESSOA;Convencional;AV BEAUREPAIRE ROHAN 149 - CENTRO - JOÃO PESSOA;CENTRO;58010000;-7,1199065;-34,887191;ATIVO;ATIVO
07/10/2026;06:28:10;2026;04/10/2026;1;PB;20516;JOÃO PESSOA;1;21;Principal;-1;1031;ESC. ESTADUAL PROFª OLIVINA OLIVIA CARNEIRO DA CUNHA;Convencional;AV DUARTE DA SILVEIRA 450 (VIZINHO AO LYCEU) - CENTRO - JOÃO PESSOA;CENTRO;58013280;-7,1214917;-34,8745783;ATIVO;ATIVO
07/10/2026;06:28:10;2026;04/10/2026;1;PB;20516;JOÃO PESSOA;1;22;Principal;-1;1031;ESC. ESTADUAL PROFª OLIVINA OLIVIA CARNEIRO DA CUNHA;Convencional;AV DUARTE DA SILVEIRA 450 (VIZINHO AO LYCEU) - CENTRO - JOÃO PESSOA;CENTRO;58013280;-7,1214917;-34,8745783;ATIVO;ATIVO
07/10/2026;06:28:10;2026;04/10/2026;1;PB;20516;JOÃO PESSOA;1;23;Principal;-1;1031;ESC. ESTADUAL PROFª OLIVINA OLIVIA CARNEIRO DA CUNHA;Convencional;AV DUARTE DA SILVEIRA 450 (VIZINHO AO LYCEU) - CENTRO - JOÃO PESSOA;CENTRO;58013280;-7,1214917;-34,8745783;ATIVO;ATIVO
07/10/2026;06:28:10;2026;04/10/2026;1;PB;20516;JOÃO PESSOA;1;24;Principal;-1;1031;ESC. ESTADUAL PROFª OLIVINA OLIVIA CARNEIRO DA CUNHA;Convencional;AV DUARTE DA SILVEIRA 450 (VIZINHO AO LYCEU) - CENTRO - JOÃO PESSOA;CENTRO;58013280;-7,1214917;-34,8745783;ATIVO;ATIVO
07/10/2026;06:28:10;2026;04/10/2026;1;PB;20516;JOÃO PESSOA;1;25;Principal;-1;1031;ESC. ESTADUAL PROFª OLIVINA OLIVIA CARNEIRO DA CUNHA;Convencional;AV DUARTE DA SILVEIRA 450 (VIZINHO AO LYCEU) - CENTRO - JOÃO PESSOA;CENTRO;58013280;-7,1214917;-34,8745783;ATIVO;ATIVO
07/10/2026;06:28:10;2026;04/10/2026;1;PB;20516;JOÃO PESSOA;1;27;Principal;-1;1031;ESC. ESTADUAL PROFª OLIVINA OLIVIA CARNEIRO DA CUNHA;Convencional;AV DUARTE DA SILVEIRA 450 (VIZINHO AO LYCEU) - CENTRO - JOÃO PESSOA;CENTRO;58013280;-7,1214917;-34,8745783;ATIVO;ATIVO
07/10/2026;06:28:10;2026;04/10/2026;1;PB;20516;JOÃO PESSOA;1;28;Principal;-1;1031;ESC. ESTADUAL PROFª OLIVINA OLIVIA CARNEIRO DA CUNHA;Convencional;AV DUARTE DA SILVEIRA 450 (VIZINHO AO LYCEU) - CENTRO - JOÃO PESSOA;CENTRO;58013280;-7,1214917;-34,8745783;ATIVO;ATIVO
07/10/2026;06:28:10;2026;04/10/2026;1;PB;20516;JOÃO PESSOA;1;29;Principal;-1;1155;CENTRO ESTADUAL DE LÍNGUAS (ANTIGA ESCOLA PROFª URSULA LIANZA);Convencional;AV MONSENHOR WALFREDO LEAL 476 - TAMBIÁ - JOÃO PESSOA;TAMBIÁ;58020540;-7,11724695;-34,87384986;ATIVO;ATIVO
07/10/2026;06:28:10;2026;04/10/2026;1;PB;20516;JOÃO PESSOA;1;30;Principal;-1;1139;COLÉGIO PIO X;Convencional;PRAÇA DA INDEPENDENCIA 150 - TAMBIÁ - JOÃO PESSOA;TAMBIÁ;58013490;-7,1189967;-34,8721017;ATIVO;ATIVO
07/10/2026;06:28:10;2026;04/10/2026;1;PB;20516;JOÃO PESSOA;1;31;Principal;-1;1139;COLÉGIO PIO X;Convencional;PRAÇA DA INDEPENDENCIA 150 - TAMBIÁ - JOÃO PESSOA;TAMBIÁ;58013490;-7,1189967;-34,8721017;ATIVO;ATIVO
07/10/2026;06:28:10;2026;04/10/2026;1;PB;20516;JOÃO PESSOA;1;32;Principal;-1;1139;COLÉGIO PIO X;Convencional;PRAÇA DA INDEPENDENCIA 150 - TAMBIÁ - JOÃO PESSOA;TAMBIÁ;58013490;-7,1189967;-34,8721017;ATIVO;ATIVO
07/10/2026;06:28:10;2026;04/10/2026;1;PB;20516;JOÃO PESSOA;1;33;Principal;-1;1139;COLÉGIO PIO X;Convencional;PRAÇA DA INDEPENDENCIA 150 - TAMBIÁ - JOÃO PESSOA;TAMBIÁ;58013490;-7,1189967;-34,8721017;ATIVO;ATIVO
07/10/2026;06:28:10;2026;04/10/2026;1;PB;20516;JOÃO PESSOA;1;34;Principal;-1;1139;COLÉGIO PIO X;Convencional;PRAÇA DA INDEPENDENCIA 150 - TAMBIÁ - JOÃO PESSOA;TAMBIÁ;58013490;-7,1189967;-34,8721017;ATIVO;ATIVO
07/10/2026;06:28:10;2026;04/10/2026;1;PB;20516;JOÃO PESSOA;1;35;Principal;-1;1201;COLÉGIO NOSSA SENHORA DE LOURDES (LOURDINAS);Convencional;AV PRESIDENTE EPITACIO PESSOA, 208 - TORRE - JOÃO PESSOA;TORRE;58040000;-7,12021542;-34,8685953;ATIVO;ATIVO
07/10/2026;06:28:10;2026;04/10/2026;1;PB;20516;JOÃO PESSOA;1;36;Principal;-1;1147;ESC. ESTADUAL PROF LUIZ GONZAGA BURITI;Convencional;AV MONSENHOR WALFREDO LEAL S/N - TAMBIÁ - JOÃO PESSOA;TAMBIÁ;58020540;-7,1170557;-34,8741479;ATIVO;ATIVO
07/10/2026;06:28:10;2026;04/10/2026;1;PB;20516;JOÃO PESSOA;1;37;Principal;-1;1147;ESC. ESTADUAL PROF LUIZ GONZAGA BURITI;Convencional;AV MONSENHOR WALFREDO LEAL S/N - TAMBIÁ - JOÃO PESSOA;TAMBIÁ;58020540;-7,1170557;-34,8741479;ATIVO;ATIVO
07/10/2026;06:28:10;2026;04/10/2026;1;PB;20516;JOÃO PESSOA;1;38;Principal;-1;1147;ESC. ESTADUAL PROF LUIZ GONZAGA BURITI;Convencional;AV MONSENHOR WALFREDO LEAL S/N - TAMBIÁ - JOÃO PESSOA;TAMBIÁ;58020540;-7,1170557;-34,8741479;ATIVO;ATIVO
07/10/2026;06:28:10;2026;04/10/2026;1;PB;20516;JOÃO PESSOA;1;39;Principal;-1;1147;ESC. ESTADUAL PROF LUIZ GONZAGA BURITI;Convencional;AV MONSENHOR WALFREDO LEAL S/N - TAMBIÁ - JOÃO PESSOA;TAMBIÁ;58020540;-7,1170557;-34,8741479;ATIVO;ATIVO
07/10/2026;06:28:10;2026;04/10/2026;1;PB;20516;JOÃO PESSOA;1;40;Principal;-1;1155;CENTRO ESTADUAL DE LÍNGUAS (ANTIGA ESCOLA PROFª URSULA LIANZA);Convencional;AV MONSENHOR WALFREDO LEAL 476 - TAMBIÁ - JOÃO PESSOA;TAMBIÁ;58020540;-7,11724695;-34,87384986;ATIVO;ATIVO
07/10/2026;06:28:10;2026;04/10/2026;1;PB;20516;JOÃO PESSOA;1;41;Principal;-1;1155;CENTRO ESTADUAL DE LÍNGUAS (ANTIGA ESCOLA PROFª URSULA LIANZA);Convencional;AV MONSENHOR WALFREDO LEAL 476 - TAMBIÁ - JOÃO PESSOA;TAMBIÁ;58020540;-7,11724695;-34,87384986;ATIVO;ATIVO
07/10/2026;06:28:10;2026;04/10/2026;1;PB;20516;JOÃO PESSOA;1;42;Principal;-1;1155;CENTRO ESTADUAL DE LÍNGUAS (ANTIGA ESCOLA PROFª URSULA LIANZA);Convencional;AV MONSENHOR WALFREDO LEAL 476 - TAMBIÁ - JOÃO PESSOA;TAMBIÁ;58020540;-7,11724695;-34,87384986;ATIVO;ATIVO
07/10/2026;06:28:10;2026;04/10/2026;1;PB;20516;JOÃO PESSOA;1;44;Principal;-1;1163;ESC. ESTADUAL EPITACIO PESSOA;Convencional;AV MONSENHOR WALFREDO LEAL S/N - TAMBIÁ - JOÃO PESSOA;TAMBIÁ;58020540;-7,1156333;-34,8775517;ATIVO;ATIVO
07/10/2026;06:28:10;2026;04/10/2026;1;PB;20516;JOÃO PESSOA;1;45;Principal;-1;1163;ESC. ESTADUAL EPITACIO PESSOA;Convencional;AV MONSENHOR WALFREDO LEAL S/N - TAMBIÁ - JOÃO PESSOA;TAMBIÁ;58020540;-7,1156333;-34,8775517;ATIVO;ATIVO
07/10/2026;06:28:10;2026;04/10/2026;1;PB;20516;JOÃO PESSOA;1;46;Principal;-1;1163;ESC. ESTADUAL EPITACIO PESSOA;Convencional;AV MONSENHOR WALFREDO LEAL S/N - TAMBIÁ - JOÃO PESSOA;TAMBIÁ;58020540;-7,1156333;-34,8775517;ATIVO;ATIVO
07/10/2026;06:28:10;2026;04/10/2026;1;PB;20516;JOÃO PESSOA;1;47;Principal;-1;1163;ESC. ESTADUAL EPITACIO PESSOA;Convencional;AV MONSENHOR WALFREDO LEAL S/N - TAMBIÁ - JOÃO PESSOA;TAMBIÁ;58020540;-7,1156333;-34,8775517;ATIVO;ATIVO
07/10/2026;06:28:10;2026;04/10/2026;1;PB;20516;JOÃO PESSOA;1;48;Principal;-1;1171;CMEI ASSIS TAVARES (ANTIGA ESCOLA ANA HIGINA);Convencional;RUA DEZENOVE DE MARÇO S/N - ROGER - JOÃO PESSOA;ROGER;58020340;-7,11056;-34,8777;ATIVO;ATIVO
07/10/2026;06:28:10;2026;04/10/2026;1;PB;20516;JOÃO PESSOA;1;49;Principal;-1;1171;CMEI ASSIS TAVARES (ANTIGA ESCOLA ANA HIGINA);Convencional;RUA DEZENOVE DE MARÇO S/N - ROGER - JOÃO PESSOA;ROGER;58020340;-7,11056;-34,8777;ATIVO;ATIVO
07/10/2026;06:28:10;2026;04/10/2026;1;PB;20516;JOÃO PESSOA;1;50;Principal;-1;1171;CMEI ASSIS TAVARES (ANTIGA ESCOLA ANA HIGINA);Convencional;RUA DEZENOVE DE MARÇO S/N - ROGER - JOÃO PESSOA;ROGER;58020340;-7,11056;-34,8777;ATIVO;ATIVO
07/10/2026;06:28:10;2026;04/10/2026;1;PB;20516;JOÃO PESSOA;1;51;Principal;-1;1805;ESCOLA MUNICIPAL MONS. JOÃO COUTINHO (ROGER);Convencional;RUA DEZENOVE DE MARÇO, 339, ROGER - JOÃO PESSOA;ROGER;58020340;-7,108415;-34,8781883;ATIVO;ATIVO
07/10/2026;06:28:10;2026;04/10/2026;1;PB;20516;JOÃO PESSOA;1;52;Principal;-1;1198;ESC. MUNICIPAL FREI AFONSO;Convencional;RUA CORDEIRO SENIOR 250 - ROGER;ROGER;58020020;-7,1099898;-34,8841732;ATIVO;ATIVO
07/10/2026;06:28:10;2026;04/10/2026;1;PB;20516;JOÃO PESSOA;1;53;Principal;-1;1198;ESC. MUNICIPAL FREI AFONSO;Convencional;RUA CORDEIRO SENIOR 250 - ROGER;ROGER;58020020;-7,1099898;-34,8841732;ATIVO;ATIVO
07/10/2026;06:28:10;2026;04/10/2026;1;PB;20516;JOÃO PESSOA;1;54;Principal;-1;1198;ESC. MUNICIPAL FREI AFONSO;Convencional;RUA CORDEIRO SENIOR 250 - ROGER;ROGER;58020020;-7,1099898;-34,8841732;ATIVO;ATIVO
07/10/2026;06:28:10;2026;04/10/2026;1;PB;20516;JOÃO PESSOA;1;55;Principal;-1;1198;ESC. MUNICIPAL FREI AFONSO;Convencional;RUA CORDEIRO SENIOR 250 - ROGER;ROGER;58020020;-7,1099898;-34,8841732;ATIVO;ATIVO
07/10/2026;06:28:10;2026;04/10/2026;1;PB;20516;JOÃO PESSOA;1;56;Principal;-1;1201;COLÉGIO NOSSA SENHORA DE LOURDES (LOURDINAS);Convencional;AV PRESIDENTE EPITACIO PESSOA, 208 - TORRE - JOÃO PESSOA;TORRE;58040000;-7,12021542;-34,8685953;ATIVO;ATIVO
07/10/2026;06:28:10;2026;04/10/2026;1;PB;20516;JOÃO PESSOA;1;57;Principal;-1;1210;ESC. ESTADUAL PROF RAUL CORDULA;Convencional;AV CARNEIRO DA CUNHA 1300 - TORRE;TORRE;58040240;-7,1285422;-34,8571124;ATIVO;ATIVO
07/10/2026;06:28:10;2026;04/10/2026;1;PB;20516;JOÃO PESSOA;1;58;Principal;-1;1210;ESC. ESTADUAL PROF RAUL CORDULA;Convencional;AV CARNEIRO DA CUNHA 1300 - TORRE;TORRE;58040240;-7,1285422;-34,8571124;ATIVO;ATIVO
07/10/2026;06:28:10;2026;04/10/2026;1;PB;20516;JOÃO PESSOA;1;59;Principal;-1;1210;ESC. ESTADUAL PROF RAUL CORDULA;Convencional;AV CARNEIRO DA CUNHA 1300 - TORRE;TORRE;58040240;-7,1285422;-34,8571124;ATIVO;ATIVO
07/10/2026;06:28:10;2026;04/10/2026;1;PB;20516;JOÃO PESSOA;1;60;Principal;-1;1210;ESC. ESTADUAL PROF RAUL CORDULA;Convencional;AV CARNEIRO DA CUNHA 1300 - TORRE;TORRE;58040240;-7,1285422;-34,8571124;ATIVO;ATIVO
07/10/2026;06:28:10;2026;04/10/2026;1;PB;20516;JOÃO PESSOA;1;61;Principal;-1;1210;ESC. ESTADUAL PROF RAUL CORDULA;Convencional;AV CARNEIRO DA CUNHA 1300 - TORRE;TORRE;58040240;-7,1285422;-34,8571124;ATIVO;ATIVO
07/10/2026;06:28:10;2026;04/10/2026;1;PB;20516;JOÃO PESSOA;1;62;Principal;-1;1210;ESC. ESTADUAL PROF RAUL CORDULA;Convencional;AV CARNEIRO DA CUNHA 1300 - TORRE;TORRE;58040240;-7,1285422;-34,8571124;ATIVO;ATIVO
07/10/2026;06:28:10;2026;04/10/2026;1;PB;20516;JOÃO PESSOA;1;63;Principal;-1;1759;ESCOLA SÃO JOSÉ;Convencional;AV MARECHAL DEODORO DA FONSECA, 200 - TORRE - JOÃO PESSOA;TORRE;58013476;-7,1214551;-34,8692713;ATIVO;ATIVO
07/10/2026;06:28:10;2026;04/10/2026;1;PB;20516;JOÃO PESSOA;1;64;Principal;-1;1759;ESCOLA SÃO JOSÉ;Convencional;AV MARECHAL DEODORO DA FONSECA, 200 - TORRE - JOÃO PESSOA;TORRE;58013476;-7,1214551;-34,8692713;ATIVO;ATIVO
07/10/2026;06:28:10;2026;04/10/2026;1;PB;20516;JOÃO PESSOA;1;65;Principal;-1;1759;ESCOLA SÃO JOSÉ;Convencional;AV MARECHAL DEODORO DA FONSECA, 200 - TORRE - JOÃO PESSOA;TORRE;58013476;-7,1214551;-34,8692713;ATIVO;ATIVO
07/10/2026;06:28:10;2026;04/10/2026;1;PB;20516;JOÃO PESSOA;1;66;Principal;-1;1759;ESCOLA SÃO JOSÉ;Convencional;AV MARECHAL DEODORO DA FONSECA, 200 - TORRE - JOÃO PESSOA;TORRE;58013476;-7,1214551;-34,8692713;ATIVO;ATIVO
07/10/2026;06:28:10;2026;04/10/2026;1;PB;20516;JOÃO PESSOA;1;67;Principal;-1;1759;ESCOLA SÃO JOSÉ;Convencional;AV MARECHAL DEODORO DA FONSECA, 200 - TORRE - JOÃO PESSOA;TORRE;58013476;-7,1214551;-34,8692713;ATIVO;ATIVO
07/10/2026;06:28:10;2026;04/10/2026;1;PB;20516;JOÃO PESSOA;1;69;Principal;-1;1201;COLÉGIO NOSSA SENHORA DE LOURDES (LOURDINAS);Convencional;AV PRESIDENTE EPITACIO PESSOA, 208 - TORRE - JOÃO PESSOA;TORRE;58040000;-7,12021542;-34,8685953;ATIVO;ATIVO
07/10/2026;06:28:10;2026;04/10/2026;1;PB;20516;JOÃO PESSOA;1;70;Principal;-1;1201;COLÉGIO NOSSA SENHORA DE LOURDES (LOURDINAS);Convencional;AV PRESIDENTE EPITACIO PESSOA, 208 - TORRE - JOÃO PESSOA;TORRE;58040000;-7,12021542;-34,8685953;ATIVO;ATIVO
07/10/2026;06:28:10;2026;04/10/2026;1;PB;20516;JOÃO PESSOA;1;71;Principal;-1;1236;ESC. ESTADUAL PADRE HILDON BANDEIRA;Convencional;RUA CAETANO FILGUEIRAS S/N - TORRE - JOÃO PESSOA;TORRE;58040390;-7,1212944;-34,8606251;ATIVO;ATIVO
07/10/2026;06:28:10;2026;04/10/2026;1;PB;20516;JOÃO PESSOA;1;72;Principal;-1;1236;ESC. ESTADUAL PADRE HILDON BANDEIRA;Convencional;RUA CAETANO FILGUEIRAS S/N - TORRE - JOÃO PESSOA;TORRE;58040390;-7,1212944;-34,8606251;ATIVO;ATIVO
07/10/2026;06:28:10;2026;04/10/2026;1;PB;20516;JOÃO PESSOA;1;73;Principal;-1;1236;ESC. ESTADUAL PADRE HILDON BANDEIRA;Convencional;RUA CAETANO FILGUEIRAS S/N - TORRE - JOÃO PESSOA;TORRE;58040390;-7,1212944;-34,8606251;ATIVO;ATIVO
07/10/2026;06:28:10;2026;04/10/2026;1;PB;20516;JOÃO PESSOA;1;74;Principal;-1;1236;ESC. ESTADUAL PADRE HILDON BANDEIRA;Convencional;RUA CAETANO FILGUEIRAS S/N - TORRE - JOÃO PESSOA;TORRE;58040390;-7,1212944;-34,8606251;ATIVO;ATIVO
07/10/2026;06:28:10;2026;04/10/2026;1;PB;20516;JOÃO PESSOA;1;75;Principal;-1;1236;ESC. ESTADUAL PADRE HILDON BANDEIRA;Convencional;RUA CAETANO FILGUEIRAS S/N - TORRE - JOÃO PESSOA;TORRE;58040390;-7,1212944;-34,8606251;ATIVO;ATIVO
07/10/2026;06:28:10;2026;04/10/2026;1;PB;20516;JOÃO PESSOA;1;76;Principal;-1;1236;ESC. ESTADUAL PADRE HILDON BANDEIRA;Convencional;RUA CAETANO FILGUEIRAS S/N - TORRE - JOÃO PESSOA;TORRE;58040390;-7,1212944;-34,8606251;ATIVO;ATIVO
07/10/2026;06:28:10;2026;04/10/2026;1;PB;20516;JOÃO PESSOA;1;77;Principal;-1;1236;ESC. ESTADUAL PADRE HILDON BANDEIRA;Convencional;RUA CAETANO FILGUEIRAS S/N - TORRE - JOÃO PESSOA;TORRE;58040390;-7,1212944;-34,8606251;ATIVO;ATIVO
07/10/2026;06:28:10;2026;04/10/2026;1;PB;20516;JOÃO PESSOA;1;78;Principal;-1;1244;ESC. ESTADUAL PROF ANTONIA RANGEL DE FARIAS;Convencional;AV JULIA FREIRE S/N - TORRE - JOÃO PESSOA;TORRE;58040040;-7,121208;-34,8600736;ATIVO;ATIVO
07/10/2026;06:28:10;2026;04/10/2026;1;PB;20516;JOÃO PESSOA;1;79;Principal;-1;1244;ESC. ESTADUAL PROF ANTONIA RANGEL DE FARIAS;Convencional;AV JULIA FREIRE S/N - TORRE - JOÃO PESSOA;TORRE;58040040;-7,121208;-34,8600736;ATIVO;ATIVO
07/10/2026;06:28:10;2026;04/10/2026;1;PB;20516;JOÃO PESSOA;1;80;Principal;-1;1244;ESC. ESTADUAL PROF ANTONIA RANGEL DE FARIAS;Convencional;AV JULIA FREIRE S/N - TORRE - JOÃO PESSOA;TORRE;58040040;-7,121208;-34,8600736;ATIVO;ATIVO
07/10/2026;06:28:10;2026;04/10/2026;1;PB;20516;JOÃO PESSOA;1;81;Principal;-1;1244;ESC. ESTADUAL PROF ANTONIA RANGEL DE FARIAS;Convencional;AV JULIA FREIRE S/N - TORRE - JOÃO PESSOA;TORRE;58040040;-7,121208;-34,8600736;ATIVO;ATIVO
07/10/2026;06:28:10;2026;04/10/2026;1;PB;20516;JOÃO PESSOA;1;82;Principal;-1;1244;ESC. ESTADUAL PROF ANTONIA RANGEL DE FARIAS;Convencional;AV JULIA FREIRE S/N - TORRE - JOÃO PESSOA;TORRE;58040040;-7,121208;-34,8600736;ATIVO;ATIVO
07/10/2026;06:28:10;2026;04/10/2026;1;PB;20516;JOÃO PESSOA;1;83;Principal;-1;1244;ESC. ESTADUAL PROF ANTONIA RANGEL DE FARIAS;Convencional;AV JULIA FREIRE S/N - TORRE - JOÃO PESSOA;TORRE;58040040;-7,121208;-34,8600736;ATIVO;ATIVO
07/10/2026;06:28:10;2026;04/10/2026;1;PB;20516;JOÃO PESSOA;1;84;Principal;-1;1252;ESC. MUNICIPAL CÔNEGO MATIAS FREIRE;Convencional;RUA GEMINIANO DA FRANCA 654 - TORRE - JOÃO PESSOA;TORRE;58040560;-7,1289723;-34,8605989;ATIVO;ATIVO
07/10/2026;06:28:10;2026;04/10/2026;1;PB;20516;JOÃO PESSOA;1;85;Principal;-1;1252;ESC. MUNICIPAL CÔNEGO MATIAS FREIRE;Convencional;RUA GEMINIANO DA FRANCA 654 - TORRE - JOÃO PESSOA;TORRE;58040560;-7,1289723;-34,8605989;ATIVO;ATIVO
07/10/2026;06:28:10;2026;04/10/2026;1;PB;20516;JOÃO PESSOA;1;86;Principal;-1;1252;ESC. MUNICIPAL CÔNEGO MATIAS FREIRE;Convencional;RUA GEMINIANO DA FRANCA 654 - TORRE - JOÃO PESSOA;TORRE;58040560;-7,1289723;-34,8605989;ATIVO;ATIVO
07/10/2026;06:28:10;2026;04/10/2026;1;PB;20516;JOÃO PESSOA;1;87;Principal;-1;1252;ESC. MUNICIPAL CÔNEGO MATIAS FREIRE;Convencional;RUA GEMINIANO DA FRANCA 654 - TORRE - JOÃO PESSOA;TORRE;58040560;-7,1289723;-34,8605989;ATIVO;ATIVO
07/10/2026;06:28:10;2026;04/10/2026;1;PB;20516;JOÃO PESSOA;1;88;Principal;-1;1252;ESC. MUNICIPAL CÔNEGO MATIAS FREIRE;Convencional;RUA GEMINIANO DA FRANCA 654 - TORRE - JOÃO PESSOA;TORRE;58040560;-7,1289723;-34,8605989;ATIVO;ATIVO
07/10/2026;06:28:10;2026;04/10/2026;1;PB;20516;JOÃO PESSOA;1;89;Principal;-1;1201;COLÉGIO NOSSA SENHORA DE LOURDES (LOURDINAS);Convencional;AV PRESIDENTE EPITACIO PESSOA, 208 - TORRE - JOÃO PESSOA;TORRE;58040000;-7,12021542;-34,8685953;ATIVO;ATIVO
07/10/2026;06:28:10;2026;04/10/2026;1;PB;20516;JOÃO PESSOA;1;90;Principal;-1;1201;COLÉGIO NOSSA SENHORA DE LOURDES (LOURDINAS);Convencional;AV PRESIDENTE EPITACIO PESSOA, 208 - TORRE - JOÃO PESSOA;TORRE;58040000;-7,12021542;-34,8685953;ATIVO;ATIVO
07/10/2026;06:28:10;2026;04/10/2026;1;PB;20516;JOÃO PESSOA;1;91;Principal;-1;1201;COLÉGIO NOSSA SENHORA DE LOURDES (LOURDINAS);Convencional;AV PRESIDENTE EPITACIO PESSOA, 208 - TORRE - JOÃO PESSOA;TORRE;58040000;-7,12021542;-34,8685953;ATIVO;ATIVO
07/10/2026;06:28:10;2026;04/10/2026;1;PB;20516;JOÃO PESSOA;1;92;Principal;-1;1902;CONECTA  SMART SCHOOL -- UNIDADE EXPEDICIONÁRIOS (ANTIGO CARRAZZONI);Convencional;RUA PADRE PINTO, 241;EXPEDICIONARIOS;58041230;-7,1233217;-34,8560017;ATIVO;ATIVO
07/10/2026;06:28:10;2026;04/10/2026;1;PB;20516;JOÃO PESSOA;1;93;Principal;-1;1902;CONECTA  SMART SCHOOL -- UNIDADE EXPEDICIONÁRIOS (ANTIGO CARRAZZONI);Convencional;RUA PADRE PINTO, 241;EXPEDICIONARIOS;58041230;-7,1233217;-34,8560017;ATIVO;ATIVO
07/10/2026;06:28:10;2026;04/10/2026;1;PB;20516;JOÃO PESSOA;1;94;Principal;-1;1902;CONECTA  SMART SCHOOL -- UNIDADE EXPEDICIONÁRIOS (ANTIGO CARRAZZONI);Convencional;RUA PADRE PINTO, 241;EXPEDICIONARIOS;58041230;-7,1233217;-34,8560017;ATIVO;ATIVO
07/10/2026;06:28:10;2026;04/10/2026;1;PB;20516;JOÃO PESSOA;1;95;Principal;-1;1945;ESCOLA ESTADUAL PROFESSOR JOÃO JOSÉ DA COSTA;Convencional;AV BARÃO DE MAMANGUAPE, 199 - TORRE;TORRE;58040330;-7,1215579;-34,8621955;ATIVO;ATIVO
07/10/2026;06:28:10;2026;04/10/2026;1;PB;20516;JOÃO PESSOA;1;96;Principal;-1;1945;ESCOLA ESTADUAL PROFESSOR JOÃO JOSÉ DA COSTA;Convencional;AV BARÃO DE MAMANGUAPE, 199 - TORRE;TORRE;58040330;-7,1215579;-34,8621955;ATIVO;ATIVO
07/10/2026;06:28:10;2026;04/10/2026;1;PB;20516;JOÃO PESSOA;1;97;Principal;-1;1945;ESCOLA ESTADUAL PROFESSOR JOÃO JOSÉ DA COSTA;Convencional;AV BARÃO DE MAMANGUAPE, 199 - TORRE;TORRE;58040330;-7,1215579;-34,8621955;ATIVO;ATIVO
07/10/2026;06:28:10;2026;04/10/2026;1;PB;20516;JOÃO PESSOA;1;98;Principal;-1;1945;ESCOLA ESTADUAL PROFESSOR JOÃO JOSÉ DA COSTA;Convencional;AV BARÃO DE MAMANGUAPE, 199 - TORRE;TORRE;58040330;-7,1215579;-34,8621955;ATIVO;ATIVO
07/10/2026;06:28:10;2026;04/10/2026;1;PB;20516;JOÃO PESSOA;1;99;Principal;-1;1945;ESCOLA ESTADUAL PROFESSOR JOÃO JOSÉ DA COSTA;Convencional;AV BARÃO DE MAMANGUAPE, 199 - TORRE;TORRE;58040330;-7,1215579;-34,8621955;ATIVO;ATIVO
07/10/2026;06:28:10;2026;04/10/2026;1;PB;20516;JOÃO PESSOA;1;100;Principal;-1;1244;ESC. ESTADUAL PROF ANTONIA RANGEL DE FARIAS;Convencional;AV JULIA FREIRE S/N - TORRE - JOÃO PESSOA;TORRE;58040040;-7,121208;-34,8600736;ATIVO;ATIVO
07/10/2026;06:28:10;2026;04/10/2026;1;PB;20516;JOÃO PESSOA;1;101;Principal;-1;1244;ESC. ESTADUAL PROF ANTONIA RANGEL DE FARIAS;Convencional;AV JULIA FREIRE S/N - TORRE - JOÃO PESSOA;TORRE;58040040;-7,121208;-34,8600736;ATIVO;ATIVO
07/10/2026;06:28:10;2026;04/10/2026;1;PB;20516;JOÃO PESSOA;1;102;Principal;-1;1244;ESC. ESTADUAL PROF ANTONIA RANGEL DE FARIAS;Convencional;AV JULIA FREIRE S/N - TORRE - JOÃO PESSOA;TORRE;58040040;-7,121208;-34,8600736;ATIVO;ATIVO
07/10/2026;06:28:10;2026;04/10/2026;1;PB;20516;JOÃO PESSOA;1;103;Principal;-1;1244;ESC. ESTADUAL PROF ANTONIA RANGEL DE FARIAS;Convencional;AV JULIA FREIRE S/N - TORRE - JOÃO PESSOA;TORRE;58040040;-7,121208;-34,8600736;ATIVO;ATIVO
07/10/2026;06:28:10;2026;04/10/2026;1;PB;20516;JOÃO PESSOA;1;104;Principal;-1;1350;ESC. ESTADUAL SESQUICENTENÁRIO;Convencional;RUA DOUTOR ORESTES LISBOA S/N - PEDRO GONDIM - JOÃO PESSOA;CONJUNTO PEDRO GONDIM;58031090;-7,1150511;-34,847033;ATIVO;ATIVO
07/10/2026;06:28:10;2026;04/10/2026;1;PB;20516;JOÃO PESSOA;1;106;Principal;-1;1910;COLÉGIO SÉCULO - BAIRRO DOS ESTADOS;Convencional;AV SÃO PAULO, 1440;ESTADOS;58030041;-7,1176354;-34,8546298;ATIVO;ATIVO
07/10/2026;06:28:10;2026;04/10/2026;1;PB;20516;JOÃO PESSOA;1;107;Principal;-1;1910;COLÉGIO SÉCULO - BAIRRO DOS ESTADOS;Convencional;AV SÃO PAULO, 1440;ESTADOS;58030041;-7,1176354;-34,8546298;ATIVO;ATIVO
07/10/2026;06:28:10;2026;04/10/2026;1;PB;20516;JOÃO PESSOA;1;108;Principal;-1;1910;COLÉGIO SÉCULO - BAIRRO DOS ESTADOS;Convencional;AV SÃO PAULO, 1440;ESTADOS;58030041;-7,1176354;-34,8546298;ATIVO;ATIVO
07/10/2026;06:28:10;2026;04/10/2026;1;PB;20516;JOÃO PESSOA;1;109;Principal;-1;1910;COLÉGIO SÉCULO - BAIRRO DOS ESTADOS;Convencional;AV SÃO PAULO, 1440;ESTADOS;58030041;-7,1176354;-34,8546298;ATIVO;ATIVO
07/10/2026;06:28:10;2026;04/10/2026;1;PB;20516;JOÃO PESSOA;1;110;Principal;-1;1929;SHOPPING SEBRAE - ÁREA DE EVENTOS 1º ANDAR;Convencional;RUA JOAQUIM PIRES FERREIRA, SN;ESTADOS;58030224;-7,1110047;-34,8562203;ATIVO;ATIVO
07/10/2026;06:28:10;2026;04/10/2026;1;PB;20516;JOÃO PESSOA;1;111;Principal;-1;1929;SHOPPING SEBRAE - ÁREA DE EVENTOS 1º ANDAR;Convencional;RUA JOAQUIM PIRES FERREIRA, SN;ESTADOS;58030224;-7,1110047;-34,8562203;ATIVO;ATIVO
07/10/2026;06:28:10;2026;04/10/2026;1;PB;20516;JOÃO PESSOA;1;112;Principal;-1;1929;SHOPPING SEBRAE - ÁREA DE EVENTOS 1º ANDAR;Convencional;RUA JOAQUIM PIRES FERREIRA, SN;ESTADOS;58030224;-7,1110047;-34,8562203;ATIVO;ATIVO
07/10/2026;06:28:10;2026;04/10/2026;1;PB;20516;JOÃO PESSOA;1;113;Principal;-1;1929;SHOPPING SEBRAE - ÁREA DE EVENTOS 1º ANDAR;Convencional;RUA JOAQUIM PIRES FERREIRA, SN;ESTADOS;58030224;-7,1110047;-34,8562203;ATIVO;ATIVO
07/10/2026;06:28:10;2026;04/10/2026;1;PB;20516;JOÃO PESSOA;1;114;Principal;-1;1350;ESC. ESTADUAL SESQUICENTENÁRIO;Convencional;RUA DOUTOR ORESTES LISBOA S/N - PEDRO GONDIM - JOÃO PESSOA;CONJUNTO PEDRO GONDIM;58031090;-7,1150511;-34,847033;ATIVO;ATIVO
07/10/2026;06:28:10;2026;04/10/2026;1;PB;20516;JOÃO PESSOA;1;115;Principal;-1;1350;ESC. ESTADUAL SESQUICENTENÁRIO;Convencional;RUA DOUTOR ORESTES LISBOA S/N - PEDRO GONDIM - JOÃO PESSOA;CONJUNTO PEDRO GONDIM;58031090;-7,1150511;-34,847033;ATIVO;ATIVO
07/10/2026;06:28:10;2026;04/10/2026;1;PB;20516;JOÃO PESSOA;1;116;Principal;-1;1350;ESC. ESTADUAL SESQUICENTENÁRIO;Convencional;RUA DOUTOR ORESTES LISBOA S/N - PEDRO GONDIM - JOÃO PESSOA;CONJUNTO PEDRO GONDIM;58031090;-7,1150511;-34,847033;ATIVO;ATIVO
07/10/2026;06:28:10;2026;04/10/2026;1;PB;20516;JOÃO PESSOA;1;117;Principal;-1;1350;ESC. ESTADUAL SESQUICENTENÁRIO;Convencional;RUA DOUTOR ORESTES LISBOA S/N - PEDRO GONDIM - JOÃO PESSOA;CONJUNTO PEDRO GONDIM;58031090;-7,1150511;-34,847033;ATIVO;ATIVO
07/10/2026;06:28:10;2026;04/10/2026;1;PB;20516;JOÃO PESSOA;1;118;Principal;-1;1350;ESC. ESTADUAL SESQUICENTENÁRIO;Convencional;RUA DOUTOR ORESTES LISBOA S/N - PEDRO GONDIM - JOÃO PESSOA;CONJUNTO PEDRO GONDIM;58031090;-7,1150511;-34,847033;ATIVO;ATIVO
07/10/2026;06:28:10;2026;04/10/2026;1;PB;20516;JOÃO PESSOA;1;119;Principal;-1;1368;ESC. MUNICIPAL GENERAL RODRIGO OTAVIO (GPTE);Convencional;AV MATO GROSSO, 988 - ESTADOS - JOÃO PESSOA;ESTADOS;58030080;-7,115555;-34,852175;ATIVO;ATIVO
07/10/2026;06:28:10;2026;04/10/2026;1;PB;20516;JOÃO PESSOA;1;120;Principal;-1;1368;ESC. MUNICIPAL GENERAL RODRIGO OTAVIO (GPTE);Convencional;AV MATO GROSSO, 988 - ESTADOS - JOÃO PESSOA;ESTADOS;58030080;-7,115555;-34,852175;ATIVO;ATIVO
07/10/2026;06:28:10;2026;04/10/2026;1;PB;20516;JOÃO PESSOA;1;121;Principal;-1;1368;ESC. MUNICIPAL GENERAL RODRIGO OTAVIO (GPTE);Convencional;AV MATO GROSSO, 988 - ESTADOS - JOÃO PESSOA;ESTADOS;58030080;-7,115555;-34,852175;ATIVO;ATIVO
07/10/2026;06:28:10;2026;04/10/2026;1;PB;20516;JOÃO PESSOA;1;122;Principal;-1;1368;ESC. MUNICIPAL GENERAL RODRIGO OTAVIO (GPTE);Convencional;AV MATO GROSSO, 988 - ESTADOS - JOÃO PESSOA;ESTADOS;58030080;-7,115555;-34,852175;ATIVO;ATIVO
07/10/2026;06:28:10;2026;04/10/2026;1;PB;20516;JOÃO PESSOA;1;123;Principal;-1;1368;ESC. MUNICIPAL GENERAL RODRIGO OTAVIO (GPTE);Convencional;AV MATO GROSSO, 988 - ESTADOS - JOÃO PESSOA;ESTADOS;58030080;-7,115555;-34,852175;ATIVO;ATIVO
07/10/2026;06:28:10;2026;04/10/2026;1;PB;20516;JOÃO PESSOA;1;124;Principal;-1;1368;ESC. MUNICIPAL GENERAL RODRIGO OTAVIO (GPTE);Convencional;AV MATO GROSSO, 988 - ESTADOS - JOÃO PESSOA;ESTADOS;58030080;-7,115555;-34,852175;ATIVO;ATIVO
07/10/2026;06:28:10;2026;04/10/2026;1;PB;20516;JOÃO PESSOA;1;125;Principal;-1;1376;INSTITUTO DOS CEGOS DA PARAIBA;Convencional;AV SANTA CATARINA S/N - ESTADOS - JOÃO PESSOA;ESTADOS;58030071;-7,11601;-34,8609351;ATIVO;ATIVO
07/10/2026;06:28:10;2026;04/10/2026;1;PB;20516;JOÃO PESSOA;1;126;Principal;-1;1376;INSTITUTO DOS CEGOS DA PARAIBA;Convencional;AV SANTA CATARINA S/N - ESTADOS - JOÃO PESSOA;ESTADOS;58030071;-7,11601;-34,8609351;ATIVO;ATIVO
07/10/2026;06:28:10;2026;04/10/2026;1;PB;20516;JOÃO PESSOA;1;129;Principal;-1;1406;ESC. MUNICIPAL MONS ODILON COUTINHO;Convencional;RUA CELERINA  PAIVA S/N - MANDACARU - JOÃO PESSOA;MANDACARU;58027390;-7,1043417;-34,8628018;ATIVO;ATIVO
07/10/2026;06:28:10;2026;04/10/2026;1;PB;20516;JOÃO PESSOA;1;130;Principal;-1;1406;ESC. MUNICIPAL MONS ODILON COUTINHO;Convencional;RUA CELERINA  PAIVA S/N - MANDACARU - JOÃO PESSOA;MANDACARU;58027390;-7,1043417;-34,8628018;ATIVO;ATIVO
07/10/2026;06:28:10;2026;04/10/2026;1;PB;20516;JOÃO PESSOA;1;131;Principal;-1;1406;ESC. MUNICIPAL MONS ODILON COUTINHO;Convencional;RUA CELERINA  PAIVA S/N - MANDACARU - JOÃO PESSOA;MANDACARU;58027390;-7,1043417;-34,8628018;ATIVO;ATIVO
07/10/2026;06:28:10;2026;04/10/2026;1;PB;20516;JOÃO PESSOA;1;132;Principal;-1;1406;ESC. MUNICIPAL MONS ODILON COUTINHO;Convencional;RUA CELERINA  PAIVA S/N - MANDACARU - JOÃO PESSOA;MANDACARU;58027390;-7,1043417;-34,8628018;ATIVO;ATIVO
07/10/2026;06:28:10;2026;04/10/2026;1;PB;20516;JOÃO PESSOA;1;133;Principal;-1;1414;ESC. ESTADUAL TENENTE LUCENA;Convencional;RUA PROFA MARIA ESTER BEZERRA MESQUITA S/N - IPÊS;IPES;58028700;-7,1005183;-34,8573267;ATIVO;ATIVO
07/10/2026;06:28:10;2026;04/10/2026;1;PB;20516;JOÃO PESSOA;1;134;Principal;-1;1414;ESC. ESTADUAL TENENTE LUCENA;Convencional;RUA PROFA MARIA ESTER BEZERRA MESQUITA S/N - IPÊS;IPES;58028700;-7,1005183;-34,8573267;ATIVO;ATIVO
07/10/2026;06:28:10;2026;04/10/2026;1;PB;20516;JOÃO PESSOA;1;135;Principal;-1;1414;ESC. ESTADUAL TENENTE LUCENA;Convencional;RUA PROFA MARIA ESTER BEZERRA MESQUITA S/N - IPÊS;IPES;58028700;-7,1005183;-34,8573267;ATIVO;ATIVO
07/10/2026;06:28:10;2026;04/10/2026;1;PB;20516;JOÃO PESSOA;1;136;Principal;-1;1414;ESC. ESTADUAL TENENTE LUCENA;Convencional;RUA PROFA MARIA ESTER BEZERRA MESQUITA S/N - IPÊS;IPES;58028700;-7,1005183;-34,8573267;ATIVO;ATIVO
07/10/2026;06:28:10;2026;04/10/2026;1;PB;20516;JOÃO PESSOA;1;137;Principal;-1;1414;ESC. ESTADUAL TENENTE LUCENA;Convencional;RUA PROFA MARIA ESTER BEZERRA MESQUITA S/N - IPÊS;IPES;58028700;-7,1005183;-34,8573267;ATIVO;ATIVO
07/10/2026;06:28:10;2026;04/10/2026;1;PB;20516;JOÃO PESSOA;1;138;Principal;-1;1414;ESC. ESTADUAL TENENTE LUCENA;Convencional;RUA PROFA MARIA ESTER BEZERRA MESQUITA S/N - IPÊS;IPES;58028700;-7,1005183;-34,8573267;ATIVO;ATIVO
07/10/2026;06:28:10;2026;04/10/2026;1;PB;20516;JOÃO PESSOA;1;139;Principal;-1;1414;ESC. ESTADUAL TENENTE LUCENA;Convencional;RUA PROFA MARIA ESTER BEZERRA MESQUITA S/N - IPÊS;IPES;58028700;-7,1005183;-34,8573267;ATIVO;ATIVO
07/10/2026;06:28:10;2026;04/10/2026;1;PB;20516;JOÃO PESSOA;1;140;Principal;-1;1422;ESC. MUNICIPAL FRANCISCA MOURA;Convencional;RUA SILVINO SANTOS, 27 - MANDACARU - JOÃO PESSOA;MANDACARU;58027470;-7,1009975;-34,8614412;ATIVO;ATIVO
07/10/2026;06:28:10;2026;04/10/2026;1;PB;20516;JOÃO PESSOA;1;141;Principal;-1;1422;ESC. MUNICIPAL FRANCISCA MOURA;Convencional;RUA SILVINO SANTOS, 27 - MANDACARU - JOÃO PESSOA;MANDACARU;58027470;-7,1009975;-34,8614412;ATIVO;ATIVO
07/10/2026;06:28:10;2026;04/10/2026;1;PB;20516;JOÃO PESSOA;1;142;Principal;-1;1422;ESC. MUNICIPAL FRANCISCA MOURA;Convencional;RUA SILVINO SANTOS, 27 - MANDACARU - JOÃO PESSOA;MANDACARU;58027470;-7,1009975;-34,8614412;ATIVO;ATIVO
07/10/2026;06:28:10;2026;04/10/2026;1;PB;20516;JOÃO PESSOA;1;143;Principal;-1;1430;CENTRO SOCIAL URBANO MONSENHOR JOSE COUTINHO;Convencional;RUA PROFA MARIA ESTER BEZERRA MESQUITA, S/N - IPÊS - JOÃO PESSOA;IPES;58028700;-7,1004129;-34,8581331;ATIVO;ATIVO
07/10/2026;06:28:10;2026;04/10/2026;1;PB;20516;JOÃO PESSOA;1;144;Principal;-1;1430;CENTRO SOCIAL URBANO MONSENHOR JOSE COUTINHO;Convencional;RUA PROFA MARIA ESTER BEZERRA MESQUITA, S/N - IPÊS - JOÃO PESSOA;IPES;58028700;-7,1004129;-34,8581331;ATIVO;ATIVO
07/10/2026;06:28:10;2026;04/10/2026;1;PB;20516;JOÃO PESSOA;1;145;Principal;-1;1430;CENTRO SOCIAL URBANO MONSENHOR JOSE COUTINHO;Convencional;RUA PROFA MARIA ESTER BEZERRA MESQUITA, S/N - IPÊS - JOÃO PESSOA;IPES;58028700;-7,1004129;-34,8581331;ATIVO;ATIVO
07/10/2026;06:28:10;2026;04/10/2026;1;PB;20516;JOÃO PESSOA;1;146;Principal;-1;1449;ESC. MUNICIPAL JOSÉ DE BARROS MOREIRA;Convencional;RUA MELVIN JONES, S/N - IPÊS - JOÃO PESSOA;IPES;58028360;-7,1012339;-34,8594618;ATIVO;ATIVO
07/10/2026;06:28:10;2026;04/10/2026;1;PB;20516;JOÃO PESSOA;1;147;Principal;-1;1449;ESC. MUNICIPAL JOSÉ DE BARROS MOREIRA;Convencional;RUA MELVIN JONES, S/N - IPÊS - JOÃO PESSOA;IPES;58028360;-7,1012339;-34,8594618;ATIVO;ATIVO
07/10/2026;06:28:10;2026;04/10/2026;1;PB;20516;JOÃO PESSOA;1;148;Principal;-1;1449;ESC. MUNICIPAL JOSÉ DE BARROS MOREIRA;Convencional;RUA MELVIN JONES, S/N - IPÊS - JOÃO PESSOA;IPES;58028360;-7,1012339;-34,8594618;ATIVO;ATIVO
07/10/2026;06:28:10;2026;04/10/2026;1;PB;20516;JOÃO PESSOA;1;149;Principal;-1;1449;ESC. MUNICIPAL JOSÉ DE BARROS MOREIRA;Convencional;RUA MELVIN JONES, S/N - IPÊS - JOÃO PESSOA;IPES;58028360;-7,1012339;-34,8594618;ATIVO;ATIVO
07/10/2026;06:28:10;2026;04/10/2026;1;PB;20516;JOÃO PESSOA;1;150;Principal;-1;1449;ESC. MUNICIPAL JOSÉ DE BARROS MOREIRA;Convencional;RUA MELVIN JONES, S/N - IPÊS - JOÃO PESSOA;IPES;58028360;-7,1012339;-34,8594618;ATIVO;ATIVO
07/10/2026;06:28:10;2026;04/10/2026;1;PB;20516;JOÃO PESSOA;1;151;Principal;-1;1457;ESC ESTADUAL MONS PEDRO ANISIO BEZERRA;Convencional;RUA GIL FURTADO S/N - IPÊS - JOÃO PESSOA;IPES;58028050;-7,1059548;-34,8583301;ATIVO;ATIVO
07/10/2026;06:28:10;2026;04/10/2026;1;PB;20516;JOÃO PESSOA;1;152;Principal;-1;1457;ESC ESTADUAL MONS PEDRO ANISIO BEZERRA;Convencional;RUA GIL FURTADO S/N - IPÊS - JOÃO PESSOA;IPES;58028050;-7,1059548;-34,8583301;ATIVO;ATIVO
07/10/2026;06:28:10;2026;04/10/2026;1;PB;20516;JOÃO PESSOA;1;153;Principal;-1;1457;ESC ESTADUAL MONS PEDRO ANISIO BEZERRA;Convencional;RUA GIL FURTADO S/N - IPÊS - JOÃO PESSOA;IPES;58028050;-7,1059548;-34,8583301;ATIVO;ATIVO
07/10/2026;06:28:10;2026;04/10/2026;1;PB;20516;JOÃO PESSOA;1;154;Principal;-1;1457;ESC ESTADUAL MONS PEDRO ANISIO BEZERRA;Convencional;RUA GIL FURTADO S/N - IPÊS - JOÃO PESSOA;IPES;58028050;-7,1059548;-34,8583301;ATIVO;ATIVO
07/10/2026;06:28:10;2026;04/10/2026;1;PB;20516;JOÃO PESSOA;1;155;Principal;-1;1457;ESC ESTADUAL MONS PEDRO ANISIO BEZERRA;Convencional;RUA GIL FURTADO S/N - IPÊS - JOÃO PESSOA;IPES;58028050;-7,1059548;-34,8583301;ATIVO;ATIVO
07/10/2026;06:28:10;2026;04/10/2026;1;PB;20516;JOÃO PESSOA;1;156;Principal;-1;1457;ESC ESTADUAL MONS PEDRO ANISIO BEZERRA;Convencional;RUA GIL FURTADO S/N - IPÊS - JOÃO PESSOA;IPES;58028050;-7,1059548;-34,8583301;ATIVO;ATIVO
07/10/2026;06:28:10;2026;04/10/2026;1;PB;20516;JOÃO PESSOA;1;157;Principal;-1;1457;ESC ESTADUAL MONS PEDRO ANISIO BEZERRA;Convencional;RUA GIL FURTADO S/N - IPÊS - JOÃO PESSOA;IPES;58028050;-7,1059548;-34,8583301;ATIVO;ATIVO
07/10/2026;06:28:10;2026;04/10/2026;1;PB;20516;JOÃO PESSOA;1;158;Principal;-1;1457;ESC ESTADUAL MONS PEDRO ANISIO BEZERRA;Convencional;RUA GIL FURTADO S/N - IPÊS - JOÃO PESSOA;IPES;58028050;-7,1059548;-34,8583301;ATIVO;ATIVO
07/10/2026;06:28:10;2026;04/10/2026;1;PB;20516;JOÃO PESSOA;1;159;Principal;-1;1457;ESC ESTADUAL MONS PEDRO ANISIO BEZERRA;Convencional;RUA GIL FURTADO S/N - IPÊS - JOÃO PESSOA;IPES;58028050;-7,1059548;-34,8583301;ATIVO;ATIVO
07/10/2026;06:28:10;2026;04/10/2026;1;PB;20516;JOÃO PESSOA;1;160;Principal;-1;1457;ESC ESTADUAL MONS PEDRO ANISIO BEZERRA;Convencional;RUA GIL FURTADO S/N - IPÊS - JOÃO PESSOA;IPES;58028050;-7,1059548;-34,8583301;ATIVO;ATIVO
07/10/2026;06:28:10;2026;04/10/2026;1;PB;20516;JOÃO PESSOA;1;161;Principal;-1;1465;ESC ESTADUAL AUDIOCOMUNICAÇÃO;Convencional;AV FRANCISCO MOURA S/N - TREZE DE MAIO - JOÃO PESSOA;TREZE DE MAIO;58025650;-7,1068732;-34,8681454;ATIVO;ATIVO
07/10/2026;06:28:10;2026;04/10/2026;1;PB;20516;JOÃO PESSOA;1;162;Principal;-1;1473;ESC ESTADUAL DES BOTTO DE MENEZES;Convencional;RUA PROFESSORA RITA MIRANDA 318 - TREZE DE MAIO - JOÃO PESSOA;TREZE DE MAIO;58025280;-7,111495;-34,8629717;ATIVO;ATIVO
07/10/2026;06:28:10;2026;04/10/2026;1;PB;20516;JOÃO PESSOA;1;163;Principal;-1;1473;ESC ESTADUAL DES BOTTO DE MENEZES;Convencional;RUA PROFESSORA RITA MIRANDA 318 - TREZE DE MAIO - JOÃO PESSOA;TREZE DE MAIO;58025280;-7,111495;-34,8629717;ATIVO;ATIVO
07/10/2026;06:28:10;2026;04/10/2026;1;PB;20516;JOÃO PESSOA;1;164;Principal;-1;1473;ESC ESTADUAL DES BOTTO DE MENEZES;Convencional;RUA PROFESSORA RITA MIRANDA 318 - TREZE DE MAIO - JOÃO PESSOA;TREZE DE MAIO;58025280;-7,111495;-34,8629717;ATIVO;ATIVO
07/10/2026;06:28:10;2026;04/10/2026;1;PB;20516;JOÃO PESSOA;1;165;Principal;-1;1473;ESC ESTADUAL DES BOTTO DE MENEZES;Convencional;RUA PROFESSORA RITA MIRANDA 318 - TREZE DE MAIO - JOÃO PESSOA;TREZE DE MAIO;58025280;-7,111495;-34,8629717;ATIVO;ATIVO
07/10/2026;06:28:10;2026;04/10/2026;1;PB;20516;JOÃO PESSOA;1;166;Principal;-1;1376;INSTITUTO DOS CEGOS DA PARAIBA;Convencional;AV SANTA CATARINA S/N - ESTADOS - JOÃO PESSOA;ESTADOS;58030071;-7,11601;-34,8609351;ATIVO;ATIVO
07/10/2026;06:28:10;2026;04/10/2026;1;PB;20516;JOÃO PESSOA;1;167;Principal;-1;1376;INSTITUTO DOS CEGOS DA PARAIBA;Convencional;AV SANTA CATARINA S/N - ESTADOS - JOÃO PESSOA;ESTADOS;58030071;-7,11601;-34,8609351;ATIVO;ATIVO
07/10/2026;06:28:10;2026;04/10/2026;1;PB;20516;JOÃO PESSOA;1;168;Principal;-1;1465;ESC ESTADUAL AUDIOCOMUNICAÇÃO;Convencional;AV FRANCISCO MOURA S/N - TREZE DE MAIO - JOÃO PESSOA;TREZE DE MAIO;58025650;-7,1068732;-34,8681454;ATIVO;ATIVO
07/10/2026;06:28:10;2026;04/10/2026;1;PB;20516;JOÃO PESSOA;1;169;Principal;-1;1465;ESC ESTADUAL AUDIOCOMUNICAÇÃO;Convencional;AV FRANCISCO MOURA S/N - TREZE DE MAIO - JOÃO PESSOA;TREZE DE MAIO;58025650;-7,1068732;-34,8681454;ATIVO;ATIVO
07/10/2026;06:28:10;2026;04/10/2026;1;PB;20516;JOÃO PESSOA;1;170;Principal;-1;1465;ESC ESTADUAL AUDIOCOMUNICAÇÃO;Convencional;AV FRANCISCO MOURA S/N - TREZE DE MAIO - JOÃO PESSOA;TREZE DE MAIO;58025650;-7,1068732;-34,8681454;ATIVO;ATIVO
07/10/2026;06:28:10;2026;04/10/2026;1;PB;20516;JOÃO PESSOA;1;171;Principal;-1;1490;ESC. MUNICIPAL ANGELO NOTARE;Convencional;PRAÇA DOM VILAS BOAS 27 - TREZE DE MAIO - JOÃO PESSOA;TREZE DE MAIO;58025220;-7,1132364;-34,8649188;ATIVO;ATIVO
07/10/2026;06:28:10;2026;04/10/2026;1;PB;20516;JOÃO PESSOA;1;172;Principal;-1;1490;ESC. MUNICIPAL ANGELO NOTARE;Convencional;PRAÇA DOM VILAS BOAS 27 - TREZE DE MAIO - JOÃO PESSOA;TREZE DE MAIO;58025220;-7,1132364;-34,8649188;ATIVO;ATIVO
07/10/2026;06:28:10;2026;04/10/2026;1;PB;20516;JOÃO PESSOA;1;173;Principal;-1;1538;ESC. MUNICIPAL HUGO MOURA;Convencional;RUA FAGUNDES VARELA, 119 - PADRE ZÉ - JOÃO PESSOA;PADRE ZE;58025550;-7,10624;-34,8689768;ATIVO;ATIVO
07/10/2026;06:28:10;2026;04/10/2026;1;PB;20516;JOÃO PESSOA;1;174;Principal;-1;1511;ESC MUNICIPAL MARCILIO DIAS;Convencional;RUA FREI ALBINO S/N - PADRE ZÉ - JOÃO PESSOA;PADRE ZE;58025010;-7,106625;-34,8704814;ATIVO;ATIVO
07/10/2026;06:28:10;2026;04/10/2026;1;PB;20516;JOÃO PESSOA;1;175;Principal;-1;1511;ESC MUNICIPAL MARCILIO DIAS;Convencional;RUA FREI ALBINO S/N - PADRE ZÉ - JOÃO PESSOA;PADRE ZE;58025010;-7,106625;-34,8704814;ATIVO;ATIVO
07/10/2026;06:28:10;2026;04/10/2026;1;PB;20516;JOÃO PESSOA;1;176;Principal;-1;1511;ESC MUNICIPAL MARCILIO DIAS;Convencional;RUA FREI ALBINO S/N - PADRE ZÉ - JOÃO PESSOA;PADRE ZE;58025010;-7,106625;-34,8704814;ATIVO;ATIVO
07/10/2026;06:28:10;2026;04/10/2026;1;PB;20516;JOÃO PESSOA;1;177;Principal;-1;1880;CREI DONA TANA;Convencional;AV MANDACARU, SN - PADRE ZÉ;PADRE ZE;58025760;-7,1079329;-34,8692213;ATIVO;ATIVO
07/10/2026;06:28:10;2026;04/10/2026;1;PB;20516;JOÃO PESSOA;1;178;Principal;-1;1880;CREI DONA TANA;Convencional;AV MANDACARU, SN - PADRE ZÉ;PADRE ZE;58025760;-7,1079329;-34,8692213;ATIVO;ATIVO
07/10/2026;06:28:10;2026;04/10/2026;1;PB;20516;JOÃO PESSOA;1;179;Principal;-1;1880;CREI DONA TANA;Convencional;AV MANDACARU, SN - PADRE ZÉ;PADRE ZE;58025760;-7,1079329;-34,8692213;ATIVO;ATIVO
07/10/2026;06:28:10;2026;04/10/2026;1;PB;20516;JOÃO PESSOA;1;180;Principal;-1;1880;CREI DONA TANA;Convencional;AV MANDACARU, SN - PADRE ZÉ;PADRE ZE;58025760;-7,1079329;-34,8692213;ATIVO;ATIVO
07/10/2026;06:28:10;2026;04/10/2026;1;PB;20516;JOÃO PESSOA;1;183;Principal;-1;1244;ESC. ESTADUAL PROF ANTONIA RANGEL DE FARIAS;Convencional;AV JULIA FREIRE S/N - TORRE - JOÃO PESSOA;TORRE;58040040;-7,121208;-34,8600736;ATIVO;ATIVO
07/10/2026;06:28:10;2026;04/10/2026;1;PB;20516;JOÃO PESSOA;1;184;Principal;-1;1350;ESC. ESTADUAL SESQUICENTENÁRIO;Convencional;RUA DOUTOR ORESTES LISBOA S/N - PEDRO GONDIM - JOÃO PESSOA;CONJUNTO PEDRO GONDIM;58031090;-7,1150511;-34,847033;ATIVO;ATIVO
07/10/2026;06:28:10;2026;04/10/2026;1;PB;20516;JOÃO PESSOA;1;185;Principal;-1;1082;ESC ESTADUAL ANTONIO PESSOA;Convencional;AV BEAUREPAIRE ROHAN 149 - CENTRO - JOÃO PESSOA;CENTRO;58010000;-7,1199065;-34,887191;ATIVO;ATIVO
07/10/2026;06:28:10;2026;04/10/2026;1;PB;20516;JOÃO PESSOA;1;186;Principal;-1;1538;ESC. MUNICIPAL HUGO MOURA;Convencional;RUA FAGUNDES VARELA, 119 - PADRE ZÉ - JOÃO PESSOA;PADRE ZE;58025550;-7,10624;-34,8689768;ATIVO;ATIVO
07/10/2026;06:28:10;2026;04/10/2026;1;PB;20516;JOÃO PESSOA;1;190;Principal;-1;1414;ESC. ESTADUAL TENENTE LUCENA;Convencional;RUA PROFA MARIA ESTER BEZERRA MESQUITA S/N - IPÊS;IPES;58028700;-7,1005183;-34,8573267;ATIVO;ATIVO
07/10/2026;06:28:10;2026;04/10/2026;1;PB;20516;JOÃO PESSOA;1;193;Principal;-1;1406;ESC. MUNICIPAL MONS ODILON COUTINHO;Convencional;RUA CELERINA  PAIVA S/N - MANDACARU - JOÃO PESSOA;MANDACARU;58027390;-7,1043417;-34,8628018;ATIVO;ATIVO
07/10/2026;06:28:10;2026;04/10/2026;1;PB;20516;JOÃO PESSOA;1;194;Principal;-1;1449;ESC. MUNICIPAL JOSÉ DE BARROS MOREIRA;Convencional;RUA MELVIN JONES, S/N - IPÊS - JOÃO PESSOA;IPES;58028360;-7,1012339;-34,8594618;ATIVO;ATIVO
07/10/2026;06:28:10;2026;04/10/2026;1;PB;20516;JOÃO PESSOA;1;196;Principal;-1;1490;ESC. MUNICIPAL ANGELO NOTARE;Convencional;PRAÇA DOM VILAS BOAS 27 - TREZE DE MAIO - JOÃO PESSOA;TREZE DE MAIO;58025220;-7,1132364;-34,8649188;ATIVO;ATIVO
07/10/2026;06:28:10;2026;04/10/2026;1;PB;20516;JOÃO PESSOA;1;197;Principal;-1;1406;ESC. MUNICIPAL MONS ODILON COUTINHO;Convencional;RUA CELERINA  PAIVA S/N - MANDACARU - JOÃO PESSOA;MANDACARU;58027390;-7,1043417;-34,8628018;ATIVO;ATIVO
07/10/2026;06:28:10;2026;04/10/2026;1;PB;20516;JOÃO PESSOA;1;199;Principal;-1;1449;ESC. MUNICIPAL JOSÉ DE BARROS MOREIRA;Convencional;RUA MELVIN JONES, S/N - IPÊS - JOÃO PESSOA;IPES;58028360;-7,1012339;-34,8594618;ATIVO;ATIVO
07/10/2026;06:28:10;2026;04/10/2026;1;PB;20516;JOÃO PESSOA;1;201;Principal;-1;1805;ESCOLA MUNICIPAL MONS. JOÃO COUTINHO (ROGER);Convencional;RUA DEZENOVE DE MARÇO, 339, ROGER - JOÃO PESSOA;ROGER;58020340;-7,108415;-34,8781883;ATIVO;ATIVO
07/10/2026;06:28:10;2026;04/10/2026;1;PB;20516;JOÃO PESSOA;1;202;Principal;-1;1465;ESC ESTADUAL AUDIOCOMUNICAÇÃO;Convencional;AV FRANCISCO MOURA S/N - TREZE DE MAIO - JOÃO PESSOA;TREZE DE MAIO;58025650;-7,1068732;-34,8681454;ATIVO;ATIVO
07/10/2026;06:28:10;2026;04/10/2026;1;PB;20516;JOÃO PESSOA;1;203;Principal;-1;1759;ESCOLA SÃO JOSÉ;Convencional;AV MARECHAL DEODORO DA FONSECA, 200 - TORRE - JOÃO PESSOA;TORRE;58013476;-7,1214551;-34,8692713;ATIVO;ATIVO
07/10/2026;06:28:10;2026;04/10/2026;1;PB;20516;JOÃO PESSOA;1;204;Principal;-1;1422;ESC. MUNICIPAL FRANCISCA MOURA;Convencional;RUA SILVINO SANTOS, 27 - MANDACARU - JOÃO PESSOA;MANDACARU;58027470;-7,1009975;-34,8614412;ATIVO;ATIVO
07/10/2026;06:28:10;2026;04/10/2026;1;PB;20516;JOÃO PESSOA;1;205;Principal;-1;1902;CONECTA  SMART SCHOOL -- UNIDADE EXPEDICIONÁRIOS (ANTIGO CARRAZZONI);Convencional;RUA PADRE PINTO, 241;EXPEDICIONARIOS;58041230;-7,1233217;-34,8560017;ATIVO;ATIVO
07/10/2026;06:28:10;2026;04/10/2026;1;PB;20516;JOÃO PESSOA;1;206;Principal;-1;1449;ESC. MUNICIPAL JOSÉ DE BARROS MOREIRA;Convencional;RUA MELVIN JONES, S/N - IPÊS - JOÃO PESSOA;IPES;58028360;-7,1012339;-34,8594618;ATIVO;ATIVO
07/10/2026;06:28:10;2026;04/10/2026;1;PB;20516;JOÃO PESSOA;1;207;Principal;-1;1210;ESC. ESTADUAL PROF RAUL CORDULA;Convencional;AV CARNEIRO DA CUNHA 1300 - TORRE;TORRE;58040240;-7,1285422;-34,8571124;ATIVO;ATIVO
07/10/2026;06:28:10;2026;04/10/2026;1;PB;20516;JOÃO PESSOA;1;208;Principal;-1;1139;COLÉGIO PIO X;Convencional;PRAÇA DA INDEPENDENCIA 150 - TAMBIÁ - JOÃO PESSOA;TAMBIÁ;58013490;-7,1189967;-34,8721017;ATIVO;ATIVO
07/10/2026;06:28:10;2026;04/10/2026;1;PB;20516;JOÃO PESSOA;1;209;Principal;-1;1538;ESC. MUNICIPAL HUGO MOURA;Convencional;RUA FAGUNDES VARELA, 119 - PADRE ZÉ - JOÃO PESSOA;PADRE ZE;58025550;-7,10624;-34,8689768;ATIVO;ATIVO
07/10/2026;06:28:10;2026;04/10/2026;1;PB;20516;JOÃO PESSOA;1;210;Principal;-1;1538;ESC. MUNICIPAL HUGO MOURA;Convencional;RUA FAGUNDES VARELA, 119 - PADRE ZÉ - JOÃO PESSOA;PADRE ZE;58025550;-7,10624;-34,8689768;ATIVO;ATIVO
07/10/2026;06:28:10;2026;04/10/2026;1;PB;20516;JOÃO PESSOA;1;211;Principal;-1;1538;ESC. MUNICIPAL HUGO MOURA;Convencional;RUA FAGUNDES VARELA, 119 - PADRE ZÉ - JOÃO PESSOA;PADRE ZE;58025550;-7,10624;-34,8689768;ATIVO;ATIVO
07/10/2026;06:28:10;2026;04/10/2026;1;PB;20516;JOÃO PESSOA;1;212;Principal;-1;1554;ESC. MUNICIPAL SENADOR RUI CARNEIRO;Convencional;RUA JOÃO DE BRITO, 180 - MANDACARU - JOÃO PESSOA;MANDACARU;58027070;-7,1021638;-34,8645464;ATIVO;ATIVO
07/10/2026;06:28:10;2026;04/10/2026;1;PB;20516;JOÃO PESSOA;1;213;Principal;-1;1457;ESC ESTADUAL MONS PEDRO ANISIO BEZERRA;Convencional;RUA GIL FURTADO S/N - IPÊS - JOÃO PESSOA;IPES;58028050;-7,1059548;-34,8583301;ATIVO;ATIVO
07/10/2026;06:28:10;2026;04/10/2026;1;PB;20516;JOÃO PESSOA;1;214;Principal;-1;1490;ESC. MUNICIPAL ANGELO NOTARE;Convencional;PRAÇA DOM VILAS BOAS 27 - TREZE DE MAIO - JOÃO PESSOA;TREZE DE MAIO;58025220;-7,1132364;-34,8649188;ATIVO;ATIVO
07/10/2026;06:28:10;2026;04/10/2026;1;PB;20516;JOÃO PESSOA;1;215;Principal;-1;1910;COLÉGIO SÉCULO - BAIRRO DOS ESTADOS;Convencional;AV SÃO PAULO, 1440;ESTADOS;58030041;-7,1176354;-34,8546298;ATIVO;ATIVO
07/10/2026;06:28:10;2026;04/10/2026;1;PB;20516;JOÃO PESSOA;1;216;Principal;-1;1554;ESC. MUNICIPAL SENADOR RUI CARNEIRO;Convencional;RUA JOÃO DE BRITO, 180 - MANDACARU - JOÃO PESSOA;MANDACARU;58027070;-7,1021638;-34,8645464;ATIVO;ATIVO
07/10/2026;06:28:10;2026;04/10/2026;1;PB;20516;JOÃO PESSOA;1;217;Principal;-1;1554;ESC. MUNICIPAL SENADOR RUI CARNEIRO;Convencional;RUA JOÃO DE BRITO, 180 - MANDACARU - JOÃO PESSOA;MANDACARU;58027070;-7,1021638;-34,8645464;ATIVO;ATIVO
07/10/2026;06:28:10;2026;04/10/2026;1;PB;20516;JOÃO PESSOA;1;218;Principal;-1;1198;ESC. MUNICIPAL FREI AFONSO;Convencional;RUA CORDEIRO SENIOR 250 - ROGER;ROGER;58020020;-7,1099898;-34,8841732;ATIVO;ATIVO
07/10/2026;06:28:10;2026;04/10/2026;1;PB;20516;JOÃO PESSOA;1;219;Principal;-1;1538;ESC. MUNICIPAL HUGO MOURA;Convencional;RUA FAGUNDES VARELA, 119 - PADRE ZÉ - JOÃO PESSOA;PADRE ZE;58025550;-7,10624;-34,8689768;ATIVO;ATIVO
07/10/2026;06:28:10;2026;04/10/2026;1;PB;20516;JOÃO PESSOA;1;220;Principal;-1;1457;ESC ESTADUAL MONS PEDRO ANISIO BEZERRA;Convencional;RUA GIL FURTADO S/N - IPÊS - JOÃO PESSOA;IPES;58028050;-7,1059548;-34,8583301;ATIVO;ATIVO
07/10/2026;06:28:10;2026;04/10/2026;1;PB;20516;JOÃO PESSOA;1;221;Principal;-1;1554;ESC. MUNICIPAL SENADOR RUI CARNEIRO;Convencional;RUA JOÃO DE BRITO, 180 - MANDACARU - JOÃO PESSOA;MANDACARU;58027070;-7,1021638;-34,8645464;ATIVO;ATIVO
07/10/2026;06:28:10;2026;04/10/2026;1;PB;20516;JOÃO PESSOA;1;222;Principal;-1;1805;ESCOLA MUNICIPAL MONS. JOÃO COUTINHO (ROGER);Convencional;RUA DEZENOVE DE MARÇO, 339, ROGER - JOÃO PESSOA;ROGER;58020340;-7,108415;-34,8781883;ATIVO;ATIVO
07/10/2026;06:28:10;2026;04/10/2026;1;PB;20516;JOÃO PESSOA;1;223;Principal;-1;1350;ESC. ESTADUAL SESQUICENTENÁRIO;Convencional;RUA DOUTOR ORESTES LISBOA S/N - PEDRO GONDIM - JOÃO PESSOA;CONJUNTO PEDRO GONDIM;58031090;-7,1150511;-34,847033;ATIVO;ATIVO
07/10/2026;06:28:10;2026;04/10/2026;1;PB;20516;JOÃO PESSOA;1;224;Principal;-1;1147;ESC. ESTADUAL PROF LUIZ GONZAGA BURITI;Convencional;AV MONSENHOR WALFREDO LEAL S/N - TAMBIÁ - JOÃO PESSOA;TAMBIÁ;58020540;-7,1170557;-34,8741479;ATIVO;ATIVO
07/10/2026;06:28:10;2026;04/10/2026;1;PB;20516;JOÃO PESSOA;1;225;Principal;-1;1198;ESC. MUNICIPAL FREI AFONSO;Convencional;RUA CORDEIRO SENIOR 250 - ROGER;ROGER;58020020;-7,1099898;-34,8841732;ATIVO;ATIVO
07/10/2026;06:28:10;2026;04/10/2026;1;PB;20516;JOÃO PESSOA;1;226;Principal;-1;1627;ESC. MUNICIPAL VIOLETA FORMIGA;Convencional;RUA JOSE DE ALFREDO ATAÍDE, S/N (ALTO DO CÉU) - MANDACARU - JOÃO PESSO;MANDACARU;58000000;-7,0998771;-34,8699858;ATIVO;ATIVO
07/10/2026;06:28:10;2026;04/10/2026;1;PB;20516;JOÃO PESSOA;1;227;Principal;-1;1538;ESC. MUNICIPAL HUGO MOURA;Convencional;RUA FAGUNDES VARELA, 119 - PADRE ZÉ - JOÃO PESSOA;PADRE ZE;58025550;-7,10624;-34,8689768;ATIVO;ATIVO
07/10/2026;06:28:10;2026;04/10/2026;1;PB;20516;JOÃO PESSOA;1;228;Principal;-1;1627;ESC. MUNICIPAL VIOLETA FORMIGA;Convencional;RUA JOSE DE ALFREDO ATAÍDE, S/N (ALTO DO CÉU) - MANDACARU - JOÃO PESSO;MANDACARU;58000000;-7,0998771;-34,8699858;ATIVO;ATIVO
07/10/2026;06:28:10;2026;04/10/2026;1;PB;20516;JOÃO PESSOA;1;229;Principal;-1;1198;ESC. MUNICIPAL FREI AFONSO;Convencional;RUA CORDEIRO SENIOR 250 - ROGER;ROGER;58020020;-7,1099898;-34,8841732;ATIVO;ATIVO
07/10/2026;06:28:10;2026;04/10/2026;1;PB;20516;JOÃO PESSOA;1;230;Principal;-1;1600;ESC. MUNICIPAL ESCRITOR LUIZ AUGUSTO CRISPIM;Convencional;RUA PROFESSORA MOCINHA AVELAR S/N - IPÊS - JOÃO PESSOA;IPES;58025370;-7,0976133;-34,8560567;ATIVO;ATIVO
07/10/2026;06:28:10;2026;04/10/2026;1;PB;20516;JOÃO PESSOA;1;231;Principal;-1;1929;SHOPPING SEBRAE - ÁREA DE EVENTOS 1º ANDAR;Convencional;RUA JOAQUIM PIRES FERREIRA, SN;ESTADOS;58030224;-7,1110047;-34,8562203;ATIVO;ATIVO
07/10/2026;06:28:10;2026;04/10/2026;1;PB;20516;JOÃO PESSOA;1;232;Principal;-1;1627;ESC. MUNICIPAL VIOLETA FORMIGA;Convencional;RUA JOSE DE ALFREDO ATAÍDE, S/N (ALTO DO CÉU) - MANDACARU - JOÃO PESSO;MANDACARU;58000000;-7,0998771;-34,8699858;ATIVO;ATIVO
07/10/2026;06:28:10;2026;04/10/2026;1;PB;20516;JOÃO PESSOA;1;233;Principal;-1;1368;ESC. MUNICIPAL GENERAL RODRIGO OTAVIO (GPTE);Convencional;AV MATO GROSSO, 988 - ESTADOS - JOÃO PESSOA;ESTADOS;58030080;-7,115555;-34,852175;ATIVO;ATIVO
07/10/2026;06:28:10;2026;04/10/2026;1;PB;20516;JOÃO PESSOA;1;236;Principal;-1;1538;ESC. MUNICIPAL HUGO MOURA;Convencional;RUA FAGUNDES VARELA, 119 - PADRE ZÉ - JOÃO PESSOA;PADRE ZE;58025550;-7,10624;-34,8689768;ATIVO;ATIVO
07/10/2026;06:28:10;2026;04/10/2026;1;PB;20516;JOÃO PESSOA;1;237;Principal;-1;1627;ESC. MUNICIPAL VIOLETA FORMIGA;Convencional;RUA JOSE DE ALFREDO ATAÍDE, S/N (ALTO DO CÉU) - MANDACARU - JOÃO PESSO;MANDACARU;58000000;-7,0998771;-34,8699858;ATIVO;ATIVO
07/10/2026;06:28:10;2026;04/10/2026;1;PB;20516;JOÃO PESSOA;1;238;Principal;-1;1600;ESC. MUNICIPAL ESCRITOR LUIZ AUGUSTO CRISPIM;Convencional;RUA PROFESSORA MOCINHA AVELAR S/N - IPÊS - JOÃO PESSOA;IPES;58025370;-7,0976133;-34,8560567;ATIVO;ATIVO
07/10/2026;06:28:10;2026;04/10/2026;1;PB;20516;JOÃO PESSOA;1;239;Principal;-1;1490;ESC. MUNICIPAL ANGELO NOTARE;Convencional;PRAÇA DOM VILAS BOAS 27 - TREZE DE MAIO - JOÃO PESSOA;TREZE DE MAIO;58025220;-7,1132364;-34,8649188;ATIVO;ATIVO
07/10/2026;06:28:10;2026;04/10/2026;1;PB;20516;JOÃO PESSOA;1;240;Principal;-1;1910;COLÉGIO SÉCULO - BAIRRO DOS ESTADOS;Convencional;AV SÃO PAULO, 1440;ESTADOS;58030041;-7,1176354;-34,8546298;ATIVO;ATIVO
07/10/2026;06:28:10;2026;04/10/2026;1;PB;20516;JOÃO PESSOA;1;242;Principal;-1;1600;ESC. MUNICIPAL ESCRITOR LUIZ AUGUSTO CRISPIM;Convencional;RUA PROFESSORA MOCINHA AVELAR S/N - IPÊS - JOÃO PESSOA;IPES;58025370;-7,0976133;-34,8560567;ATIVO;ATIVO
07/10/2026;06:28:10;2026;04/10/2026;1;PB;20516;JOÃO PESSOA;1;244;Principal;-1;1465;ESC ESTADUAL AUDIOCOMUNICAÇÃO;Convencional;AV FRANCISCO MOURA S/N - TREZE DE MAIO - JOÃO PESSOA;TREZE DE MAIO;58025650;-7,1068732;-34,8681454;ATIVO;ATIVO
07/10/2026;06:28:10;2026;04/10/2026;1;PB;20516;JOÃO PESSOA;1;245;Principal;-1;1600;ESC. MUNICIPAL ESCRITOR LUIZ AUGUSTO CRISPIM;Convencional;RUA PROFESSORA MOCINHA AVELAR S/N - IPÊS - JOÃO PESSOA;IPES;58025370;-7,0976133;-34,8560567;ATIVO;ATIVO
07/10/2026;06:28:10;2026;04/10/2026;1;PB;20516;JOÃO PESSOA;1;249;Principal;-1;1627;ESC. MUNICIPAL VIOLETA FORMIGA;Convencional;RUA JOSE DE ALFREDO ATAÍDE, S/N (ALTO DO CÉU) - MANDACARU - JOÃO PESSO;MANDACARU;58000000;-7,0998771;-34,8699858;ATIVO;ATIVO
07/10/2026;06:28:10;2026;04/10/2026;1;PB;20516;JOÃO PESSOA;1;252;Principal;-1;1627;ESC. MUNICIPAL VIOLETA FORMIGA;Convencional;RUA JOSE DE ALFREDO ATAÍDE, S/N (ALTO DO CÉU) - MANDACARU - JOÃO PESSO;MANDACARU;58000000;-7,0998771;-34,8699858;ATIVO;ATIVO
07/10/2026;06:28:10;2026;04/10/2026;1;PB;20516;JOÃO PESSOA;1;253;Principal;-1;1627;ESC. MUNICIPAL VIOLETA FORMIGA;Convencional;RUA JOSE DE ALFREDO ATAÍDE, S/N (ALTO DO CÉU) - MANDACARU - JOÃO PESSO;MANDACARU;58000000;-7,0998771;-34,8699858;ATIVO;ATIVO
07/10/2026;06:28:10;2026;04/10/2026;1;PB;20516;JOÃO PESSOA;1;254;Principal;-1;1627;ESC. MUNICIPAL VIOLETA FORMIGA;Convencional;RUA JOSE DE ALFREDO ATAÍDE, S/N (ALTO DO CÉU) - MANDACARU - JOÃO PESSO;MANDACARU;58000000;-7,0998771;-34,8699858;ATIVO;ATIVO
07/10/2026;06:28:10;2026;04/10/2026;1;PB;20516;JOÃO PESSOA;1;257;Principal;-1;1643;MOTIVA;Convencional;RUA ANTONIO RABELO JUNIOR, 270 - JARDIM LUNA - JOÃO PESSOA;JARDIM LUNA;58032090;-7,1170783;-34,8372567;ATIVO;ATIVO
07/10/2026;06:28:10;2026;04/10/2026;1;PB;20516;JOÃO PESSOA;1;258;Principal;-1;1643;MOTIVA;Convencional;RUA ANTONIO RABELO JUNIOR, 270 - JARDIM LUNA - JOÃO PESSOA;JARDIM LUNA;58032090;-7,1170783;-34,8372567;ATIVO;ATIVO
07/10/2026;06:28:10;2026;04/10/2026;1;PB;20516;JOÃO PESSOA;1;259;Principal;-1;1643;MOTIVA;Convencional;RUA ANTONIO RABELO JUNIOR, 270 - JARDIM LUNA - JOÃO PESSOA;JARDIM LUNA;58032090;-7,1170783;-34,8372567;ATIVO;ATIVO
07/10/2026;06:28:10;2026;04/10/2026;1;PB;20516;JOÃO PESSOA;1;260;Principal;-1;1643;MOTIVA;Convencional;RUA ANTONIO RABELO JUNIOR, 270 - JARDIM LUNA - JOÃO PESSOA;JARDIM LUNA;58032090;-7,1170783;-34,8372567;ATIVO;ATIVO
07/10/2026;06:28:10;2026;04/10/2026;1;PB;20516;JOÃO PESSOA;1;261;Principal;-1;1864;ESC ESTADUAL ANA PAULA RIBEIRO B LIRA;Convencional;RUA JUIZ OVIDIO GOUVEIA, SN, PEDRO GONDIM (AO LADO DA HONDA - BR 230);CONJUNTO PEDRO GONDIM;58031030;-7,117215;-34,8439167;ATIVO;ATIVO
07/10/2026;06:28:10;2026;04/10/2026;1;PB;20516;JOÃO PESSOA;1;262;Principal;-1;1864;ESC ESTADUAL ANA PAULA RIBEIRO B LIRA;Convencional;RUA JUIZ OVIDIO GOUVEIA, SN, PEDRO GONDIM (AO LADO DA HONDA - BR 230);CONJUNTO PEDRO GONDIM;58031030;-7,117215;-34,8439167;ATIVO;ATIVO
07/10/2026;06:28:10;2026;04/10/2026;1;PB;20516;JOÃO PESSOA;1;263;Principal;-1;1864;ESC ESTADUAL ANA PAULA RIBEIRO B LIRA;Convencional;RUA JUIZ OVIDIO GOUVEIA, SN, PEDRO GONDIM (AO LADO DA HONDA - BR 230);CONJUNTO PEDRO GONDIM;58031030;-7,117215;-34,8439167;ATIVO;ATIVO
07/10/2026;06:28:10;2026;04/10/2026;1;PB;20516;JOÃO PESSOA;1;264;Principal;-1;1864;ESC ESTADUAL ANA PAULA RIBEIRO B LIRA;Convencional;RUA JUIZ OVIDIO GOUVEIA, SN, PEDRO GONDIM (AO LADO DA HONDA - BR 230);CONJUNTO PEDRO GONDIM;58031030;-7,117215;-34,8439167;ATIVO;ATIVO
07/10/2026;06:28:10;2026;04/10/2026;1;PB;20516;JOÃO PESSOA;1;265;Principal;-1;1864;ESC ESTADUAL ANA PAULA RIBEIRO B LIRA;Convencional;RUA JUIZ OVIDIO GOUVEIA, SN, PEDRO GONDIM (AO LADO DA HONDA - BR 230);CONJUNTO PEDRO GONDIM;58031030;-7,117215;-34,8439167;ATIVO;ATIVO
07/10/2026;06:28:10;2026;04/10/2026;1;PB;20516;JOÃO PESSOA;1;266;Principal;-1;1864;ESC ESTADUAL ANA PAULA RIBEIRO B LIRA;Convencional;RUA JUIZ OVIDIO GOUVEIA, SN, PEDRO GONDIM (AO LADO DA HONDA - BR 230);CONJUNTO PEDRO GONDIM;58031030;-7,117215;-34,8439167;ATIVO;ATIVO
07/10/2026;06:28:10;2026;04/10/2026;1;PB;20516;JOÃO PESSOA;1;267;Principal;-1;1864;ESC ESTADUAL ANA PAULA RIBEIRO B LIRA;Convencional;RUA JUIZ OVIDIO GOUVEIA, SN, PEDRO GONDIM (AO LADO DA HONDA - BR 230);CONJUNTO PEDRO GONDIM;58031030;-7,117215;-34,8439167;ATIVO;ATIVO
07/10/2026;06:28:10;2026;04/10/2026;1;PB;20516;JOÃO PESSOA;1;268;Principal;-1;1872;FUNAD - ACESSO NÚCLEO DE VIVÊNCIA E ARTES;Convencional;RUA DR ORESTES LISBOA, SN - PEDRO GONDIM;CONJUNTO PEDRO GONDIM;58031090;-7,1166226;-34,8456762;ATIVO;ATIVO
07/10/2026;06:28:10;2026;04/10/2026;1;PB;20516;JOÃO PESSOA;1;269;Principal;-1;1872;FUNAD - ACESSO NÚCLEO DE VIVÊNCIA E ARTES;Convencional;RUA DR ORESTES LISBOA, SN - PEDRO GONDIM;CONJUNTO PEDRO GONDIM;58031090;-7,1166226;-34,8456762;ATIVO;ATIVO
07/10/2026;06:28:10;2026;04/10/2026;1;PB;20516;JOÃO PESSOA;1;270;Principal;-1;1872;FUNAD - ACESSO NÚCLEO DE VIVÊNCIA E ARTES;Convencional;RUA DR ORESTES LISBOA, SN - PEDRO GONDIM;CONJUNTO PEDRO GONDIM;58031090;-7,1166226;-34,8456762;ATIVO;ATIVO
07/10/2026;06:28:10;2026;04/10/2026;1;PB;20516;JOÃO PESSOA;1;272;Principal;-1;1872;FUNAD - ACESSO NÚCLEO DE VIVÊNCIA E ARTES;Convencional;RUA DR ORESTES LISBOA, SN - PEDRO GONDIM;CONJUNTO PEDRO GONDIM;58031090;-7,1166226;-34,8456762;ATIVO;ATIVO
07/10/2026;06:28:10;2026;04/10/2026;1;PB;20516;JOÃO PESSOA;1;273;Principal;-1;1872;FUNAD - ACESSO NÚCLEO DE VIVÊNCIA E ARTES;Convencional;RUA DR ORESTES LISBOA, SN - PEDRO GONDIM;CONJUNTO PEDRO GONDIM;58031090;-7,1166226;-34,8456762;ATIVO;ATIVO
07/10/2026;06:28:10;2026;04/10/2026;1;PB;20516;JOÃO PESSOA;1;274;Principal;-1;1660;ESC. ESTADUAL JOSÉ VIEIRA;Convencional;RUA ABDIAS GOMES DE ALMEIDA, SN - TAMBAUZINHO - JOÃO PESSOA;TAMBAUZINHO;58000000;-7,1217063;-34,8446628;ATIVO;ATIVO
07/10/2026;06:28:10;2026;04/10/2026;1;PB;20516;JOÃO PESSOA;1;275;Principal;-1;1660;ESC. ESTADUAL JOSÉ VIEIRA;Convencional;RUA ABDIAS GOMES DE ALMEIDA, SN - TAMBAUZINHO - JOÃO PESSOA;TAMBAUZINHO;58000000;-7,1217063;-34,8446628;ATIVO;ATIVO
07/10/2026;06:28:10;2026;04/10/2026;1;PB;20516;JOÃO PESSOA;1;276;Principal;-1;1660;ESC. ESTADUAL JOSÉ VIEIRA;Convencional;RUA ABDIAS GOMES DE ALMEIDA, SN - TAMBAUZINHO - JOÃO PESSOA;TAMBAUZINHO;58000000;-7,1217063;-34,8446628;ATIVO;ATIVO
07/10/2026;06:28:10;2026;04/10/2026;1;PB;20516;JOÃO PESSOA;1;277;Principal;-1;1660;ESC. ESTADUAL JOSÉ VIEIRA;Convencional;RUA ABDIAS GOMES DE ALMEIDA, SN - TAMBAUZINHO - JOÃO PESSOA;TAMBAUZINHO;58000000;-7,1217063;-34,8446628;ATIVO;ATIVO
07/10/2026;06:28:10;2026;04/10/2026;1;PB;20516;JOÃO PESSOA;1;278;Principal;-1;1660;ESC. ESTADUAL JOSÉ VIEIRA;Convencional;RUA ABDIAS GOMES DE ALMEIDA, SN - TAMBAUZINHO - JOÃO PESSOA;TAMBAUZINHO;58000000;-7,1217063;-34,8446628;ATIVO;ATIVO
07/10/2026;06:28:10;2026;04/10/2026;1;PB;20516;JOÃO PESSOA;1;279;Principal;-1;1660;ESC. ESTADUAL JOSÉ VIEIRA;Convencional;RUA ABDIAS GOMES DE ALMEIDA, SN - TAMBAUZINHO - JOÃO PESSOA;TAMBAUZINHO;58000000;-7,1217063;-34,8446628;ATIVO;ATIVO
07/10/2026;06:28:10;2026;04/10/2026;1;PB;20516;JOÃO PESSOA;1;280;Principal;-1;1660;ESC. ESTADUAL JOSÉ VIEIRA;Convencional;RUA ABDIAS GOMES DE ALMEIDA, SN - TAMBAUZINHO - JOÃO PESSOA;TAMBAUZINHO;58000000;-7,1217063;-34,8446628;ATIVO;ATIVO
07/10/2026;06:28:10;2026;04/10/2026;1;PB;20516;JOÃO PESSOA;1;281;Principal;-1;1660;ESC. ESTADUAL JOSÉ VIEIRA;Convencional;RUA ABDIAS GOMES DE ALMEIDA, SN - TAMBAUZINHO - JOÃO PESSOA;TAMBAUZINHO;58000000;-7,1217063;-34,8446628;ATIVO;ATIVO
07/10/2026;06:28:10;2026;04/10/2026;1;PB;20516;JOÃO PESSOA;1;282;Principal;-1;1678;ESC ESTADUAL ALMIRANTE TAMANDARE;Convencional;RUA MATOS CARDOSO S/N - CASTELO BRANCO - JOÃO PESSOA;CASTELO BRANCO I;00000000;-7,1307206;-34,8429732;ATIVO;ATIVO
07/10/2026;06:28:10;2026;04/10/2026;1;PB;20516;JOÃO PESSOA;1;283;Principal;-1;1678;ESC ESTADUAL ALMIRANTE TAMANDARE;Convencional;RUA MATOS CARDOSO S/N - CASTELO BRANCO - JOÃO PESSOA;CASTELO BRANCO I;00000000;-7,1307206;-34,8429732;ATIVO;ATIVO
07/10/2026;06:28:10;2026;04/10/2026;1;PB;20516;JOÃO PESSOA;1;284;Principal;-1;1678;ESC ESTADUAL ALMIRANTE TAMANDARE;Convencional;RUA MATOS CARDOSO S/N - CASTELO BRANCO - JOÃO PESSOA;CASTELO BRANCO I;00000000;-7,1307206;-34,8429732;ATIVO;ATIVO
07/10/2026;06:28:10;2026;04/10/2026;1;PB;20516;JOÃO PESSOA;1;285;Principal;-1;1678;ESC ESTADUAL ALMIRANTE TAMANDARE;Convencional;RUA MATOS CARDOSO S/N - CASTELO BRANCO - JOÃO PESSOA;CASTELO BRANCO I;00000000;-7,1307206;-34,8429732;ATIVO;ATIVO
07/10/2026;06:28:10;2026;04/10/2026;1;PB;20516;JOÃO PESSOA;1;286;Principal;-1;1716;ESC ESTADUAL PRESIDENTE JOÃO GOULART;Convencional;RUA CONEGO FRANCISCO LIMA, 06 - CASTELO BRANCO - JOÃO PESSOA;CASTELO BRANCO;58050690;-7,13678575;-34,85143772;ATIVO;ATIVO
07/10/2026;06:28:10;2026;04/10/2026;1;PB;20516;JOÃO PESSOA;1;287;Principal;-1;1716;ESC ESTADUAL PRESIDENTE JOÃO GOULART;Convencional;RUA CONEGO FRANCISCO LIMA, 06 - CASTELO BRANCO - JOÃO PESSOA;CASTELO BRANCO;58050690;-7,13678575;-34,85143772;ATIVO;ATIVO
07/10/2026;06:28:10;2026;04/10/2026;1;PB;20516;JOÃO PESSOA;1;288;Principal;-1;1716;ESC ESTADUAL PRESIDENTE JOÃO GOULART;Convencional;RUA CONEGO FRANCISCO LIMA, 06 - CASTELO BRANCO - JOÃO PESSOA;CASTELO BRANCO;58050690;-7,13678575;-34,85143772;ATIVO;ATIVO
07/10/2026;06:28:10;2026;04/10/2026;1;PB;20516;JOÃO PESSOA;1;289;Principal;-1;1716;ESC ESTADUAL PRESIDENTE JOÃO GOULART;Convencional;RUA CONEGO FRANCISCO LIMA, 06 - CASTELO BRANCO - JOÃO PESSOA;CASTELO BRANCO;58050690;-7,13678575;-34,85143772;ATIVO;ATIVO
07/10/2026;06:28:10;2026;04/10/2026;1;PB;20516;JOÃO PESSOA;1;290;Principal;-1;1716;ESC ESTADUAL PRESIDENTE JOÃO GOULART;Convencional;RUA CONEGO FRANCISCO LIMA, 06 - CASTELO BRANCO - JOÃO PESSOA;CASTELO BRANCO;58050690;-7,13678575;-34,85143772;ATIVO;ATIVO
07/10/2026;06:28:10;2026;04/10/2026;1;PB;20516;JOÃO PESSOA;1;291;Principal;-1;1694;ESPAÇO CULTURAL DA PARAIBA;Convencional;RUA ABDIAS GOMES DE ALMEIDA, 800 - TAMBAUZINHO - JOÃO PESSOA;TAMBAUZINHO;58000000;-7,1216233;-34,84308;ATIVO;ATIVO
07/10/2026;06:28:10;2026;04/10/2026;1;PB;20516;JOÃO PESSOA;1;292;Principal;-1;1694;ESPAÇO CULTURAL DA PARAIBA;Convencional;RUA ABDIAS GOMES DE ALMEIDA, 800 - TAMBAUZINHO - JOÃO PESSOA;TAMBAUZINHO;58000000;-7,1216233;-34,84308;ATIVO;ATIVO
07/10/2026;06:28:10;2026;04/10/2026;1;PB;20516;JOÃO PESSOA;1;293;Principal;-1;1694;ESPAÇO CULTURAL DA PARAIBA;Convencional;RUA ABDIAS GOMES DE ALMEIDA, 800 - TAMBAUZINHO - JOÃO PESSOA;TAMBAUZINHO;58000000;-7,1216233;-34,84308;ATIVO;ATIVO
07/10/2026;06:28:10;2026;04/10/2026;1;PB;20516;JOÃO PESSOA;1;294;Principal;-1;1694;ESPAÇO CULTURAL DA PARAIBA;Convencional;RUA ABDIAS GOMES DE ALMEIDA, 800 - TAMBAUZINHO - JOÃO PESSOA;TAMBAUZINHO;58000000;-7,1216233;-34,84308;ATIVO;ATIVO
07/10/2026;06:28:10;2026;04/10/2026;1;PB;20516;JOÃO PESSOA;1;295;Principal;-1;1694;ESPAÇO CULTURAL DA PARAIBA;Convencional;RUA ABDIAS GOMES DE ALMEIDA, 800 - TAMBAUZINHO - JOÃO PESSOA;TAMBAUZINHO;58000000;-7,1216233;-34,84308;ATIVO;ATIVO
07/10/2026;06:28:10;2026;04/10/2026;1;PB;20516;JOÃO PESSOA;1;296;Principal;-1;1694;ESPAÇO CULTURAL DA PARAIBA;Convencional;RUA ABDIAS GOMES DE ALMEIDA, 800 - TAMBAUZINHO - JOÃO PESSOA;TAMBAUZINHO;58000000;-7,1216233;-34,84308;ATIVO;ATIVO
07/10/2026;06:28:10;2026;04/10/2026;1;PB;20516;JOÃO PESSOA;1;297;Principal;-1;1694;ESPAÇO CULTURAL DA PARAIBA;Convencional;RUA ABDIAS GOMES DE ALMEIDA, 800 - TAMBAUZINHO - JOÃO PESSOA;TAMBAUZINHO;58000000;-7,1216233;-34,84308;ATIVO;ATIVO
07/10/2026;06:28:10;2026;04/10/2026;1;PB;20516;JOÃO PESSOA;1;298;Principal;-1;1708;COLÉGIO SANTA DOROTEIA;Convencional;RUA EDUARDO MEDEIROS, 89 - CASTELO BRANCO - JOÃO PESSOA;CASTELO BRANCO;58000000;-7,1308836;-34,8394478;ATIVO;ATIVO
07/10/2026;06:28:10;2026;04/10/2026;1;PB;20516;JOÃO PESSOA;1;299;Principal;-1;1708;COLÉGIO SANTA DOROTEIA;Convencional;RUA EDUARDO MEDEIROS, 89 - CASTELO BRANCO - JOÃO PESSOA;CASTELO BRANCO;58000000;-7,1308836;-34,8394478;ATIVO;ATIVO
07/10/2026;06:28:10;2026;04/10/2026;1;PB;20516;JOÃO PESSOA;1;300;Principal;-1;1708;COLÉGIO SANTA DOROTEIA;Convencional;RUA EDUARDO MEDEIROS, 89 - CASTELO BRANCO - JOÃO PESSOA;CASTELO BRANCO;58000000;-7,1308836;-34,8394478;ATIVO;ATIVO
07/10/2026;06:28:10;2026;04/10/2026;1;PB;20516;JOÃO PESSOA;1;301;Principal;-1;1708;COLÉGIO SANTA DOROTEIA;Convencional;RUA EDUARDO MEDEIROS, 89 - CASTELO BRANCO - JOÃO PESSOA;CASTELO BRANCO;58000000;-7,1308836;-34,8394478;ATIVO;ATIVO
07/10/2026;06:28:10;2026;04/10/2026;1;PB;20516;JOÃO PESSOA;1;302;Principal;-1;1708;COLÉGIO SANTA DOROTEIA;Convencional;RUA EDUARDO MEDEIROS, 89 - CASTELO BRANCO - JOÃO PESSOA;CASTELO BRANCO;58000000;-7,1308836;-34,8394478;ATIVO;ATIVO
07/10/2026;06:28:10;2026;04/10/2026;1;PB;20516;JOÃO PESSOA;1;303;Principal;-1;1716;ESC ESTADUAL PRESIDENTE JOÃO GOULART;Convencional;RUA CONEGO FRANCISCO LIMA, 06 - CASTELO BRANCO - JOÃO PESSOA;CASTELO BRANCO;58050690;-7,13678575;-34,85143772;ATIVO;ATIVO
07/10/2026;06:28:10;2026;04/10/2026;1;PB;20516;JOÃO PESSOA;1;304;Principal;-1;1716;ESC ESTADUAL PRESIDENTE JOÃO GOULART;Convencional;RUA CONEGO FRANCISCO LIMA, 06 - CASTELO BRANCO - JOÃO PESSOA;CASTELO BRANCO;58050690;-7,13678575;-34,85143772;ATIVO;ATIVO
07/10/2026;06:28:10;2026;04/10/2026;1;PB;20516;JOÃO PESSOA;1;305;Principal;-1;1716;ESC ESTADUAL PRESIDENTE JOÃO GOULART;Convencional;RUA CONEGO FRANCISCO LIMA, 06 - CASTELO BRANCO - JOÃO PESSOA;CASTELO BRANCO;58050690;-7,13678575;-34,85143772;ATIVO;ATIVO
07/10/2026;06:28:10;2026;04/10/2026;1;PB;20516;JOÃO PESSOA;1;306;Principal;-1;1716;ESC ESTADUAL PRESIDENTE JOÃO GOULART;Convencional;RUA CONEGO FRANCISCO LIMA, 06 - CASTELO BRANCO - JOÃO PESSOA;CASTELO BRANCO;58050690;-7,13678575;-34,85143772;ATIVO;ATIVO
07/10/2026;06:28:10;2026;04/10/2026;1;PB;20516;JOÃO PESSOA;1;307;Principal;-1;1716;ESC ESTADUAL PRESIDENTE JOÃO GOULART;Convencional;RUA CONEGO FRANCISCO LIMA, 06 - CASTELO BRANCO - JOÃO PESSOA;CASTELO BRANCO;58050690;-7,13678575;-34,85143772;ATIVO;ATIVO
07/10/2026;06:28:10;2026;04/10/2026;1;PB;20516;JOÃO PESSOA;1;308;Principal;-1;1716;ESC ESTADUAL PRESIDENTE JOÃO GOULART;Convencional;RUA CONEGO FRANCISCO LIMA, 06 - CASTELO BRANCO - JOÃO PESSOA;CASTELO BRANCO;58050690;-7,13678575;-34,85143772;ATIVO;ATIVO
07/10/2026;06:28:10;2026;04/10/2026;1;PB;20516;JOÃO PESSOA;1;309;Principal;-1;1716;ESC ESTADUAL PRESIDENTE JOÃO GOULART;Convencional;RUA CONEGO FRANCISCO LIMA, 06 - CASTELO BRANCO - JOÃO PESSOA;CASTELO BRANCO;58050690;-7,13678575;-34,85143772;ATIVO;ATIVO
07/10/2026;06:28:10;2026;04/10/2026;1;PB;20516;JOÃO PESSOA;1;310;Principal;-1;1716;ESC ESTADUAL PRESIDENTE JOÃO GOULART;Convencional;RUA CONEGO FRANCISCO LIMA, 06 - CASTELO BRANCO - JOÃO PESSOA;CASTELO BRANCO;58050690;-7,13678575;-34,85143772;ATIVO;ATIVO
07/10/2026;06:28:10;2026;04/10/2026;1;PB;20516;JOÃO PESSOA;1;311;Principal;-1;1716;ESC ESTADUAL PRESIDENTE JOÃO GOULART;Convencional;RUA CONEGO FRANCISCO LIMA, 06 - CASTELO BRANCO - JOÃO PESSOA;CASTELO BRANCO;58050690;-7,13678575;-34,85143772;ATIVO;ATIVO
07/10/2026;06:28:10;2026;04/10/2026;1;PB;20516;JOÃO PESSOA;1;312;Principal;-1;1724;COLÉGIO E CURSO EVOLUÇÃO;Convencional;RUA OVÍDIO MENDONÇA, 130 - MIRAMAR - JOÃO PESSOA;MIRAMAR;58043210;-7,1226383;-34,8345399;ATIVO;ATIVO
07/10/2026;06:28:10;2026;04/10/2026;1;PB;20516;JOÃO PESSOA;1;313;Principal;-1;1724;COLÉGIO E CURSO EVOLUÇÃO;Convencional;RUA OVÍDIO MENDONÇA, 130 - MIRAMAR - JOÃO PESSOA;MIRAMAR;58043210;-7,1226383;-34,8345399;ATIVO;ATIVO
07/10/2026;06:28:10;2026;04/10/2026;1;PB;20516;JOÃO PESSOA;1;314;Principal;-1;1724;COLÉGIO E CURSO EVOLUÇÃO;Convencional;RUA OVÍDIO MENDONÇA, 130 - MIRAMAR - JOÃO PESSOA;MIRAMAR;58043210;-7,1226383;-34,8345399;ATIVO;ATIVO
07/10/2026;06:28:10;2026;04/10/2026;1;PB;20516;JOÃO PESSOA;1;315;Principal;-1;1724;COLÉGIO E CURSO EVOLUÇÃO;Convencional;RUA OVÍDIO MENDONÇA, 130 - MIRAMAR - JOÃO PESSOA;MIRAMAR;58043210;-7,1226383;-34,8345399;ATIVO;ATIVO
07/10/2026;06:28:10;2026;04/10/2026;1;PB;20516;JOÃO PESSOA;1;316;Principal;-1;1732;ESC ESTADUAL DES BRAZ BARACUHY;Convencional;RUA ESCRITOR GILBERTO AMADO S/N - CASTELO BRANCO - JOÃO PESSOA;CASTELO BRANCO;58050500;-7,1311197;-34,8479469;ATIVO;ATIVO
07/10/2026;06:28:10;2026;04/10/2026;1;PB;20516;JOÃO PESSOA;1;317;Principal;-1;1732;ESC ESTADUAL DES BRAZ BARACUHY;Convencional;RUA ESCRITOR GILBERTO AMADO S/N - CASTELO BRANCO - JOÃO PESSOA;CASTELO BRANCO;58050500;-7,1311197;-34,8479469;ATIVO;ATIVO
07/10/2026;06:28:10;2026;04/10/2026;1;PB;20516;JOÃO PESSOA;1;318;Principal;-1;1732;ESC ESTADUAL DES BRAZ BARACUHY;Convencional;RUA ESCRITOR GILBERTO AMADO S/N - CASTELO BRANCO - JOÃO PESSOA;CASTELO BRANCO;58050500;-7,1311197;-34,8479469;ATIVO;ATIVO
07/10/2026;06:28:10;2026;04/10/2026;1;PB;20516;JOÃO PESSOA;1;319;Principal;-1;1732;ESC ESTADUAL DES BRAZ BARACUHY;Convencional;RUA ESCRITOR GILBERTO AMADO S/N - CASTELO BRANCO - JOÃO PESSOA;CASTELO BRANCO;58050500;-7,1311197;-34,8479469;ATIVO;ATIVO
07/10/2026;06:28:10;2026;04/10/2026;1;PB;20516;JOÃO PESSOA;1;320;Principal;-1;1732;ESC ESTADUAL DES BRAZ BARACUHY;Convencional;RUA ESCRITOR GILBERTO AMADO S/N - CASTELO BRANCO - JOÃO PESSOA;CASTELO BRANCO;58050500;-7,1311197;-34,8479469;ATIVO;ATIVO
07/10/2026;06:28:10;2026;04/10/2026;1;PB;20516;JOÃO PESSOA;1;321;Principal;-1;1732;ESC ESTADUAL DES BRAZ BARACUHY;Convencional;RUA ESCRITOR GILBERTO AMADO S/N - CASTELO BRANCO - JOÃO PESSOA;CASTELO BRANCO;58050500;-7,1311197;-34,8479469;ATIVO;ATIVO
07/10/2026;06:28:10;2026;04/10/2026;1;PB;20516;JOÃO PESSOA;1;322;Principal;-1;1732;ESC ESTADUAL DES BRAZ BARACUHY;Convencional;RUA ESCRITOR GILBERTO AMADO S/N - CASTELO BRANCO - JOÃO PESSOA;CASTELO BRANCO;58050500;-7,1311197;-34,8479469;ATIVO;ATIVO
07/10/2026;06:28:10;2026;04/10/2026;1;PB;20516;JOÃO PESSOA;1;323;Principal;-1;1740;ESC. MUNICIPAL GOVERNADOR BRIZOLA;Convencional;RUA MARIA CAETANO FERNANDES DE LIMA 488 - TAMBAUZINHO - JOÃO PESSOA;TAMBAUZINHO;58000000;-7,1241745;-34,8469642;ATIVO;ATIVO
07/10/2026;06:28:10;2026;04/10/2026;1;PB;20516;JOÃO PESSOA;1;324;Principal;-1;1740;ESC. MUNICIPAL GOVERNADOR BRIZOLA;Convencional;RUA MARIA CAETANO FERNANDES DE LIMA 488 - TAMBAUZINHO - JOÃO PESSOA;TAMBAUZINHO;58000000;-7,1241745;-34,8469642;ATIVO;ATIVO
07/10/2026;06:28:10;2026;04/10/2026;1;PB;20516;JOÃO PESSOA;1;325;Principal;-1;1740;ESC. MUNICIPAL GOVERNADOR BRIZOLA;Convencional;RUA MARIA CAETANO FERNANDES DE LIMA 488 - TAMBAUZINHO - JOÃO PESSOA;TAMBAUZINHO;58000000;-7,1241745;-34,8469642;ATIVO;ATIVO
07/10/2026;06:28:10;2026;04/10/2026;1;PB;20516;JOÃO PESSOA;1;326;Principal;-1;1740;ESC. MUNICIPAL GOVERNADOR BRIZOLA;Convencional;RUA MARIA CAETANO FERNANDES DE LIMA 488 - TAMBAUZINHO - JOÃO PESSOA;TAMBAUZINHO;58000000;-7,1241745;-34,8469642;ATIVO;ATIVO
07/10/2026;06:28:10;2026;04/10/2026;1;PB;20516;JOÃO PESSOA;1;327;Principal;-1;1740;ESC. MUNICIPAL GOVERNADOR BRIZOLA;Convencional;RUA MARIA CAETANO FERNANDES DE LIMA 488 - TAMBAUZINHO - JOÃO PESSOA;TAMBAUZINHO;58000000;-7,1241745;-34,8469642;ATIVO;ATIVO
07/10/2026;06:28:10;2026;04/10/2026;1;PB;20516;JOÃO PESSOA;1;328;Principal;-1;1740;ESC. MUNICIPAL GOVERNADOR BRIZOLA;Convencional;RUA MARIA CAETANO FERNANDES DE LIMA 488 - TAMBAUZINHO - JOÃO PESSOA;TAMBAUZINHO;58000000;-7,1241745;-34,8469642;ATIVO;ATIVO
07/10/2026;06:28:10;2026;04/10/2026;1;PB;20516;JOÃO PESSOA;1;329;Principal;-1;1740;ESC. MUNICIPAL GOVERNADOR BRIZOLA;Convencional;RUA MARIA CAETANO FERNANDES DE LIMA 488 - TAMBAUZINHO - JOÃO PESSOA;TAMBAUZINHO;58000000;-7,1241745;-34,8469642;ATIVO;ATIVO
07/10/2026;06:28:10;2026;04/10/2026;1;PB;20516;JOÃO PESSOA;1;330;Principal;-1;1740;ESC. MUNICIPAL GOVERNADOR BRIZOLA;Convencional;RUA MARIA CAETANO FERNANDES DE LIMA 488 - TAMBAUZINHO - JOÃO PESSOA;TAMBAUZINHO;58000000;-7,1241745;-34,8469642;ATIVO;ATIVO
07/10/2026;06:28:10;2026;04/10/2026;1;PB;20516;JOÃO PESSOA;1;331;Principal;-1;1740;ESC. MUNICIPAL GOVERNADOR BRIZOLA;Convencional;RUA MARIA CAETANO FERNANDES DE LIMA 488 - TAMBAUZINHO - JOÃO PESSOA;TAMBAUZINHO;58000000;-7,1241745;-34,8469642;ATIVO;ATIVO
07/10/2026;06:28:10;2026;04/10/2026;1;PB;20516;JOÃO PESSOA;1;332;Principal;-1;1740;ESC. MUNICIPAL GOVERNADOR BRIZOLA;Convencional;RUA MARIA CAETANO FERNANDES DE LIMA 488 - TAMBAUZINHO - JOÃO PESSOA;TAMBAUZINHO;58000000;-7,1241745;-34,8469642;ATIVO;ATIVO
07/10/2026;06:28:10;2026;04/10/2026;1;PB;20516;JOÃO PESSOA;1;335;Principal;-1;1694;ESPAÇO CULTURAL DA PARAIBA;Convencional;RUA ABDIAS GOMES DE ALMEIDA, 800 - TAMBAUZINHO - JOÃO PESSOA;TAMBAUZINHO;58000000;-7,1216233;-34,84308;ATIVO;ATIVO
07/10/2026;06:28:10;2026;04/10/2026;1;PB;20516;JOÃO PESSOA;1;336;Principal;-1;1783;ESC. ESTADUAL PADRE IBIAPINA;Convencional;RUA JOÃO DE BRITO LIMA MOURA, SN - MANDACARU - JOÃO PESSOA;MANDACARU;58027070;-7,0995586;-34,865727;ATIVO;ATIVO
07/10/2026;06:28:10;2026;04/10/2026;1;PB;20516;JOÃO PESSOA;1;338;Principal;-1;1783;ESC. ESTADUAL PADRE IBIAPINA;Convencional;RUA JOÃO DE BRITO LIMA MOURA, SN - MANDACARU - JOÃO PESSOA;MANDACARU;58027070;-7,0995586;-34,865727;ATIVO;ATIVO
07/10/2026;06:28:10;2026;04/10/2026;1;PB;20516;JOÃO PESSOA;1;339;Principal;-1;1783;ESC. ESTADUAL PADRE IBIAPINA;Convencional;RUA JOÃO DE BRITO LIMA MOURA, SN - MANDACARU - JOÃO PESSOA;MANDACARU;58027070;-7,0995586;-34,865727;ATIVO;ATIVO
07/10/2026;06:28:10;2026;04/10/2026;1;PB;20516;JOÃO PESSOA;1;340;Principal;-1;1600;ESC. MUNICIPAL ESCRITOR LUIZ AUGUSTO CRISPIM;Convencional;RUA PROFESSORA MOCINHA AVELAR S/N - IPÊS - JOÃO PESSOA;IPES;58025370;-7,0976133;-34,8560567;ATIVO;ATIVO
07/10/2026;06:28:10;2026;04/10/2026;1;PB;20516;JOÃO PESSOA;1;343;Principal;-1;1554;ESC. MUNICIPAL SENADOR RUI CARNEIRO;Convencional;RUA JOÃO DE BRITO, 180 - MANDACARU - JOÃO PESSOA;MANDACARU;58027070;-7,1021638;-34,8645464;ATIVO;ATIVO
07/10/2026;06:28:10;2026;04/10/2026;1;PB;20516;JOÃO PESSOA;1;344;Principal;-1;1694;ESPAÇO CULTURAL DA PARAIBA;Convencional;RUA ABDIAS GOMES DE ALMEIDA, 800 - TAMBAUZINHO - JOÃO PESSOA;TAMBAUZINHO;58000000;-7,1216233;-34,84308;ATIVO;ATIVO
07/10/2026;06:28:10;2026;04/10/2026;1;PB;20516;JOÃO PESSOA;1;345;Principal;-1;1554;ESC. MUNICIPAL SENADOR RUI CARNEIRO;Convencional;RUA JOÃO DE BRITO, 180 - MANDACARU - JOÃO PESSOA;MANDACARU;58027070;-7,1021638;-34,8645464;ATIVO;ATIVO
07/10/2026;06:28:10;2026;04/10/2026;1;PB;20516;JOÃO PESSOA;1;346;Principal;-1;1538;ESC. MUNICIPAL HUGO MOURA;Convencional;RUA FAGUNDES VARELA, 119 - PADRE ZÉ - JOÃO PESSOA;PADRE ZE;58025550;-7,10624;-34,8689768;ATIVO;ATIVO
07/10/2026;06:28:10;2026;04/10/2026;1;PB;20516;JOÃO PESSOA;64;1;Principal;-1;1082;ESCOLA NORMAL ESTADUAL PROFESSORA MARIA DO CARMO DE MIRANDA;Convencional;AVENIDA JOAO LUIZ RIBEIRO DE MORAIS, 266;CENTRO;58013230;-7,1273981;-34,8803159;ATIVO;ATIVO
07/10/2026;06:28:10;2026;04/10/2026;1;PB;20516;JOÃO PESSOA;64;2;Principal;-1;1082;ESCOLA NORMAL ESTADUAL PROFESSORA MARIA DO CARMO DE MIRANDA;Convencional;AVENIDA JOAO LUIZ RIBEIRO DE MORAIS, 266;CENTRO;58013230;-7,1273981;-34,8803159;ATIVO;ATIVO
07/10/2026;06:28:10;2026;04/10/2026;1;PB;20516;JOÃO PESSOA;64;3;Principal;-1;1082;ESCOLA NORMAL ESTADUAL PROFESSORA MARIA DO CARMO DE MIRANDA;Convencional;AVENIDA JOAO LUIZ RIBEIRO DE MORAIS, 266;CENTRO;58013230;-7,1273981;-34,8803159;ATIVO;ATIVO
07/10/2026;06:28:10;2026;04/10/2026;1;PB;20516;JOÃO PESSOA;64;4;Principal;-1;1082;ESCOLA NORMAL ESTADUAL PROFESSORA MARIA DO CARMO DE MIRANDA;Convencional;AVENIDA JOAO LUIZ RIBEIRO DE MORAIS, 266;CENTRO;58013230;-7,1273981;-34,8803159;ATIVO;ATIVO
07/10/2026;06:28:10;2026;04/10/2026;1;PB;20516;JOÃO PESSOA;64;5;Principal;-1;1082;ESCOLA NORMAL ESTADUAL PROFESSORA MARIA DO CARMO DE MIRANDA;Convencional;AVENIDA JOAO LUIZ RIBEIRO DE MORAIS, 266;CENTRO;58013230;-7,1273981;-34,8803159;ATIVO;ATIVO
07/10/2026;06:28:10;2026;04/10/2026;1;PB;20516;JOÃO PESSOA;64;6;Principal;-1;1082;ESCOLA NORMAL ESTADUAL PROFESSORA MARIA DO CARMO DE MIRANDA;Convencional;AVENIDA JOAO LUIZ RIBEIRO DE MORAIS, 266;CENTRO;58013230;-7,1273981;-34,8803159;ATIVO;ATIVO
07/10/2026;06:28:10;2026;04/10/2026;1;PB;20516;JOÃO PESSOA;64;7;Principal;-1;1082;ESCOLA NORMAL ESTADUAL PROFESSORA MARIA DO CARMO DE MIRANDA;Convencional;AVENIDA JOAO LUIZ RIBEIRO DE MORAIS, 266;CENTRO;58013230;-7,1273981;-34,8803159;ATIVO;ATIVO
07/10/2026;06:28:10;2026;04/10/2026;1;PB;20516;JOÃO PESSOA;64;8;Principal;-1;1082;ESCOLA NORMAL ESTADUAL PROFESSORA MARIA DO CARMO DE MIRANDA;Convencional;AVENIDA JOAO LUIZ RIBEIRO DE MORAIS, 266;CENTRO;58013230;-7,1273981;-34,8803159;ATIVO;ATIVO
07/10/2026;06:28:10;2026;04/10/2026;1;PB;20516;JOÃO PESSOA;64;9;Principal;-1;1759;SERVICO SOCIAL DA INDUSTRIA - SESI;Convencional;RUA RODRIGUES CHAVES, 90;CENTRO;58011040;-7,1234241;-34,8859067;ATIVO;ATIVO
07/10/2026;06:28:10;2026;04/10/2026;1;PB;20516;JOÃO PESSOA;64;10;Principal;-1;1759;SERVICO SOCIAL DA INDUSTRIA - SESI;Convencional;RUA RODRIGUES CHAVES, 90;CENTRO;58011040;-7,1234241;-34,8859067;ATIVO;ATIVO
07/10/2026;06:28:10;2026;04/10/2026;1;PB;20516;JOÃO PESSOA;64;11;Principal;-1;2054;ESCOLA ESTADUAL DE ENSINO FUNDAMENTAL ISABEL MARIA DAS NEVES;Convencional;AV. JOÃO MACHADO, 484;CENTRO;58013530;-7,1261467;-34,88031;ATIVO;ATIVO
07/10/2026;06:28:10;2026;04/10/2026;1;PB;20516;JOÃO PESSOA;64;12;Principal;-1;2054;ESCOLA ESTADUAL DE ENSINO FUNDAMENTAL ISABEL MARIA DAS NEVES;Convencional;AV. JOÃO MACHADO, 484;CENTRO;58013530;-7,1261467;-34,88031;ATIVO;ATIVO
07/10/2026;06:28:10;2026;04/10/2026;1;PB;20516;JOÃO PESSOA;64;13;Principal;-1;2054;ESCOLA ESTADUAL DE ENSINO FUNDAMENTAL ISABEL MARIA DAS NEVES;Convencional;AV. JOÃO MACHADO, 484;CENTRO;58013530;-7,1261467;-34,88031;ATIVO;ATIVO
07/10/2026;06:28:10;2026;04/10/2026;1;PB;20516;JOÃO PESSOA;64;17;Principal;-1;1066;ESCOLA MUNICIPAL DAMÁSIO BARBOSA DA FRANCA;Convencional;RUA RODRIGUES CHAVES, S/N;CENTRO;58011040;-7,1295667;-34,887005;ATIVO;ATIVO
07/10/2026;06:28:10;2026;04/10/2026;1;PB;20516;JOÃO PESSOA;64;18;Principal;-1;1066;ESCOLA MUNICIPAL DAMÁSIO BARBOSA DA FRANCA;Convencional;RUA RODRIGUES CHAVES, S/N;CENTRO;58011040;-7,1295667;-34,887005;ATIVO;ATIVO
07/10/2026;06:28:10;2026;04/10/2026;1;PB;20516;JOÃO PESSOA;64;19;Principal;-1;1066;ESCOLA MUNICIPAL DAMÁSIO BARBOSA DA FRANCA;Convencional;RUA RODRIGUES CHAVES, S/N;CENTRO;58011040;-7,1295667;-34,887005;ATIVO;ATIVO
07/10/2026;06:28:10;2026;04/10/2026;1;PB;20516;JOÃO PESSOA;64;24;Principal;-1;1082;ESCOLA NORMAL ESTADUAL PROFESSORA MARIA DO CARMO DE MIRANDA;Convencional;AVENIDA JOAO LUIZ RIBEIRO DE MORAIS, 266;CENTRO;58013230;-7,1273981;-34,8803159;ATIVO;ATIVO
07/10/2026;06:28:10;2026;04/10/2026;1;PB;20516;JOÃO PESSOA;64;26;Principal;-1;1082;ESCOLA NORMAL ESTADUAL PROFESSORA MARIA DO CARMO DE MIRANDA;Convencional;AVENIDA JOAO LUIZ RIBEIRO DE MORAIS, 266;CENTRO;58013230;-7,1273981;-34,8803159;ATIVO;ATIVO
07/10/2026;06:28:10;2026;04/10/2026;1;PB;20516;JOÃO PESSOA;64;55;Principal;-1;1171;JOÃO MACHADO COLÉGIO E CURSO;Convencional;AV. 1 DE MAIO, 386;JAGUARIBE;58015100;-7,1336374;-34,8766866;ATIVO;ATIVO
07/10/2026;06:28:10;2026;04/10/2026;1;PB;20516;JOÃO PESSOA;64;56;Principal;-1;1171;JOÃO MACHADO COLÉGIO E CURSO;Convencional;AV. 1 DE MAIO, 386;JAGUARIBE;58015100;-7,1336374;-34,8766866;ATIVO;ATIVO
07/10/2026;06:28:10;2026;04/10/2026;1;PB;20516;JOÃO PESSOA;64;57;Principal;-1;1171;JOÃO MACHADO COLÉGIO E CURSO;Convencional;AV. 1 DE MAIO, 386;JAGUARIBE;58015100;-7,1336374;-34,8766866;ATIVO;ATIVO
07/10/2026;06:28:10;2026;04/10/2026;1;PB;20516;JOÃO PESSOA;64;58;Principal;-1;1171;JOÃO MACHADO COLÉGIO E CURSO;Convencional;AV. 1 DE MAIO, 386;JAGUARIBE;58015100;-7,1336374;-34,8766866;ATIVO;ATIVO
07/10/2026;06:28:10;2026;04/10/2026;1;PB;20516;JOÃO PESSOA;64;59;Principal;-1;1171;JOÃO MACHADO COLÉGIO E CURSO;Convencional;AV. 1 DE MAIO, 386;JAGUARIBE;58015100;-7,1336374;-34,8766866;ATIVO;ATIVO
07/10/2026;06:28:10;2026;04/10/2026;1;PB;20516;JOÃO PESSOA;64;60;Principal;-1;1171;JOÃO MACHADO COLÉGIO E CURSO;Convencional;AV. 1 DE MAIO, 386;JAGUARIBE;58015100;-7,1336374;-34,8766866;ATIVO;ATIVO
07/10/2026;06:28:10;2026;04/10/2026;1;PB;20516;JOÃO PESSOA;64;61;Principal;-1;1171;JOÃO MACHADO COLÉGIO E CURSO;Convencional;AV. 1 DE MAIO, 386;JAGUARIBE;58015100;-7,1336374;-34,8766866;ATIVO;ATIVO
07/10/2026;06:28:10;2026;04/10/2026;1;PB;20516;JOÃO PESSOA;64;62;Principal;-1;1171;JOÃO MACHADO COLÉGIO E CURSO;Convencional;AV. 1 DE MAIO, 386;JAGUARIBE;58015100;-7,1336374;-34,8766866;ATIVO;ATIVO
07/10/2026;06:28:10;2026;04/10/2026;1;PB;20516;JOÃO PESSOA;64;63;Principal;-1;1171;JOÃO MACHADO COLÉGIO E CURSO;Convencional;AV. 1 DE MAIO, 386;JAGUARIBE;58015100;-7,1336374;-34,8766866;ATIVO;ATIVO
07/10/2026;06:28:10;2026;04/10/2026;1;PB;20516;JOÃO PESSOA;64;64;Principal;-1;1171;JOÃO MACHADO COLÉGIO E CURSO;Convencional;AV. 1 DE MAIO, 386;JAGUARIBE;58015100;-7,1336374;-34,8766866;ATIVO;ATIVO
07/10/2026;06:28:10;2026;04/10/2026;1;PB;20516;JOÃO PESSOA;64;65;Principal;-1;1872;ESCOLA MUNICIPAL ANALICE CALDAS;Convencional;RUA CECÍLIA MIRANDA, 22;JAGUARIBE;58015130;-7,1290231;-34,8738769;ATIVO;ATIVO
07/10/2026;06:28:10;2026;04/10/2026;1;PB;20516;JOÃO PESSOA;64;66;Principal;-1;1872;ESCOLA MUNICIPAL ANALICE CALDAS;Convencional;RUA CECÍLIA MIRANDA, 22;JAGUARIBE;58015130;-7,1290231;-34,8738769;ATIVO;ATIVO
07/10/2026;06:28:10;2026;04/10/2026;1;PB;20516;JOÃO PESSOA;64;67;Principal;-1;1872;ESCOLA MUNICIPAL ANALICE CALDAS;Convencional;RUA CECÍLIA MIRANDA, 22;JAGUARIBE;58015130;-7,1290231;-34,8738769;ATIVO;ATIVO
07/10/2026;06:28:10;2026;04/10/2026;1;PB;20516;JOÃO PESSOA;64;71;Principal;-1;1040;E. E E. FUNDAMENTAL/MÉDIO PROF. PEDRO AUGUSTO PORTO CAMINHA - EEPAC;Convencional;RUA ANUBIO LINS FALCAO, S/N;JAGUARIBE;58015480;-7,1377967;-34,875105;ATIVO;ATIVO
07/10/2026;06:28:10;2026;04/10/2026;1;PB;20516;JOÃO PESSOA;64;73;Principal;-1;1040;E. E E. FUNDAMENTAL/MÉDIO PROF. PEDRO AUGUSTO PORTO CAMINHA - EEPAC;Convencional;RUA ANUBIO LINS FALCAO, S/N;JAGUARIBE;58015480;-7,1377967;-34,875105;ATIVO;ATIVO
07/10/2026;06:28:10;2026;04/10/2026;1;PB;20516;JOÃO PESSOA;64;74;Principal;-1;1040;E. E E. FUNDAMENTAL/MÉDIO PROF. PEDRO AUGUSTO PORTO CAMINHA - EEPAC;Convencional;RUA ANUBIO LINS FALCAO, S/N;JAGUARIBE;58015480;-7,1377967;-34,875105;ATIVO;ATIVO
07/10/2026;06:28:10;2026;04/10/2026;1;PB;20516;JOÃO PESSOA;64;75;Principal;-1;1244;INSTITUTO FEDERAL DE EDUCAÇÃO, CIÊNCIA E TECNOLOGIA DA PARAÍBA;Convencional;AV. PRIMEIRO DE MAIO, 720;JAGUARIBE;58015905;-7,1346067;-34,873385;ATIVO;ATIVO
07/10/2026;06:28:10;2026;04/10/2026;1;PB;20516;JOÃO PESSOA;64;76;Principal;-1;1244;INSTITUTO FEDERAL DE EDUCAÇÃO, CIÊNCIA E TECNOLOGIA DA PARAÍBA;Convencional;AV. PRIMEIRO DE MAIO, 720;JAGUARIBE;58015905;-7,1346067;-34,873385;ATIVO;ATIVO
07/10/2026;06:28:10;2026;04/10/2026;1;PB;20516;JOÃO PESSOA;64;77;Principal;-1;1244;INSTITUTO FEDERAL DE EDUCAÇÃO, CIÊNCIA E TECNOLOGIA DA PARAÍBA;Convencional;AV. PRIMEIRO DE MAIO, 720;JAGUARIBE;58015905;-7,1346067;-34,873385;ATIVO;ATIVO
07/10/2026;06:28:10;2026;04/10/2026;1;PB;20516;JOÃO PESSOA;64;78;Principal;-1;1244;INSTITUTO FEDERAL DE EDUCAÇÃO, CIÊNCIA E TECNOLOGIA DA PARAÍBA;Convencional;AV. PRIMEIRO DE MAIO, 720;JAGUARIBE;58015905;-7,1346067;-34,873385;ATIVO;ATIVO
07/10/2026;06:28:10;2026;04/10/2026;1;PB;20516;JOÃO PESSOA;64;79;Principal;-1;1244;INSTITUTO FEDERAL DE EDUCAÇÃO, CIÊNCIA E TECNOLOGIA DA PARAÍBA;Convencional;AV. PRIMEIRO DE MAIO, 720;JAGUARIBE;58015905;-7,1346067;-34,873385;ATIVO;ATIVO
07/10/2026;06:28:10;2026;04/10/2026;1;PB;20516;JOÃO PESSOA;64;80;Principal;-1;1244;INSTITUTO FEDERAL DE EDUCAÇÃO, CIÊNCIA E TECNOLOGIA DA PARAÍBA;Convencional;AV. PRIMEIRO DE MAIO, 720;JAGUARIBE;58015905;-7,1346067;-34,873385;ATIVO;ATIVO
07/10/2026;06:28:10;2026;04/10/2026;1;PB;20516;JOÃO PESSOA;64;81;Principal;-1;1244;INSTITUTO FEDERAL DE EDUCAÇÃO, CIÊNCIA E TECNOLOGIA DA PARAÍBA;Convencional;AV. PRIMEIRO DE MAIO, 720;JAGUARIBE;58015905;-7,1346067;-34,873385;ATIVO;ATIVO
07/10/2026;06:28:10;2026;04/10/2026;1;PB;20516;JOÃO PESSOA;64;82;Principal;-1;1244;INSTITUTO FEDERAL DE EDUCAÇÃO, CIÊNCIA E TECNOLOGIA DA PARAÍBA;Convencional;AV. PRIMEIRO DE MAIO, 720;JAGUARIBE;58015905;-7,1346067;-34,873385;ATIVO;ATIVO
07/10/2026;06:28:10;2026;04/10/2026;1;PB;20516;JOÃO PESSOA;64;83;Principal;-1;1244;INSTITUTO FEDERAL DE EDUCAÇÃO, CIÊNCIA E TECNOLOGIA DA PARAÍBA;Convencional;AV. PRIMEIRO DE MAIO, 720;JAGUARIBE;58015905;-7,1346067;-34,873385;ATIVO;ATIVO
07/10/2026;06:28:10;2026;04/10/2026;1;PB;20516;JOÃO PESSOA;64;84;Principal;-1;1244;INSTITUTO FEDERAL DE EDUCAÇÃO, CIÊNCIA E TECNOLOGIA DA PARAÍBA;Convencional;AV. PRIMEIRO DE MAIO, 720;JAGUARIBE;58015905;-7,1346067;-34,873385;ATIVO;ATIVO
07/10/2026;06:28:10;2026;04/10/2026;1;PB;20516;JOÃO PESSOA;64;85;Principal;-1;1244;INSTITUTO FEDERAL DE EDUCAÇÃO, CIÊNCIA E TECNOLOGIA DA PARAÍBA;Convencional;AV. PRIMEIRO DE MAIO, 720;JAGUARIBE;58015905;-7,1346067;-34,873385;ATIVO;ATIVO
07/10/2026;06:28:10;2026;04/10/2026;1;PB;20516;JOÃO PESSOA;64;86;Principal;-1;1244;INSTITUTO FEDERAL DE EDUCAÇÃO, CIÊNCIA E TECNOLOGIA DA PARAÍBA;Convencional;AV. PRIMEIRO DE MAIO, 720;JAGUARIBE;58015905;-7,1346067;-34,873385;ATIVO;ATIVO
07/10/2026;06:28:10;2026;04/10/2026;1;PB;20516;JOÃO PESSOA;64;87;Principal;-1;1244;INSTITUTO FEDERAL DE EDUCAÇÃO, CIÊNCIA E TECNOLOGIA DA PARAÍBA;Convencional;AV. PRIMEIRO DE MAIO, 720;JAGUARIBE;58015905;-7,1346067;-34,873385;ATIVO;ATIVO
07/10/2026;06:28:10;2026;04/10/2026;1;PB;20516;JOÃO PESSOA;64;88;Principal;-1;1244;INSTITUTO FEDERAL DE EDUCAÇÃO, CIÊNCIA E TECNOLOGIA DA PARAÍBA;Convencional;AV. PRIMEIRO DE MAIO, 720;JAGUARIBE;58015905;-7,1346067;-34,873385;ATIVO;ATIVO
07/10/2026;06:28:10;2026;04/10/2026;1;PB;20516;JOÃO PESSOA;64;89;Principal;-1;1244;INSTITUTO FEDERAL DE EDUCAÇÃO, CIÊNCIA E TECNOLOGIA DA PARAÍBA;Convencional;AV. PRIMEIRO DE MAIO, 720;JAGUARIBE;58015905;-7,1346067;-34,873385;ATIVO;ATIVO
07/10/2026;06:28:10;2026;04/10/2026;1;PB;20516;JOÃO PESSOA;64;90;Principal;-1;1660;ESCOLA MUNICIPAL DE ENSINO FUND. PROFESSOR DURMEVAL TRIGUEIRO MENDES;Convencional;RUA QUATORZE DE JULHO, 891;RANGEL;58070160;-7,1497917;-34,87283;ATIVO;ATIVO
07/10/2026;06:28:10;2026;04/10/2026;1;PB;20516;JOÃO PESSOA;64;91;Principal;-1;1660;ESCOLA MUNICIPAL DE ENSINO FUND. PROFESSOR DURMEVAL TRIGUEIRO MENDES;Convencional;RUA QUATORZE DE JULHO, 891;RANGEL;58070160;-7,1497917;-34,87283;ATIVO;ATIVO
07/10/2026;06:28:10;2026;04/10/2026;1;PB;20516;JOÃO PESSOA;64;92;Principal;-1;1279;ESCOLA ESTADUAL DE ENSINO FUNDAMENTAL PROF. MATEUS RIBEIRO;Convencional;RUA BOM JESUS, 526;RANGEL;58070060;-7,1481133;-34,870695;ATIVO;ATIVO
07/10/2026;06:28:10;2026;04/10/2026;1;PB;20516;JOÃO PESSOA;64;93;Principal;-1;1260;UNIVERSIDADE ESTADUAL DA PARAÍBA - UEPB;Convencional;RUA HORACIO TRAJANO OLIVEIRA, S/N;CRISTO REDENTOR;58071160;-7,1578433;-34,873005;ATIVO;ATIVO
07/10/2026;06:28:10;2026;04/10/2026;1;PB;20516;JOÃO PESSOA;64;94;Principal;-1;1260;UNIVERSIDADE ESTADUAL DA PARAÍBA - UEPB;Convencional;RUA HORACIO TRAJANO OLIVEIRA, S/N;CRISTO REDENTOR;58071160;-7,1578433;-34,873005;ATIVO;ATIVO
07/10/2026;06:28:10;2026;04/10/2026;1;PB;20516;JOÃO PESSOA;64;95;Principal;-1;1260;UNIVERSIDADE ESTADUAL DA PARAÍBA - UEPB;Convencional;RUA HORACIO TRAJANO OLIVEIRA, S/N;CRISTO REDENTOR;58071160;-7,1578433;-34,873005;ATIVO;ATIVO
07/10/2026;06:28:10;2026;04/10/2026;1;PB;20516;JOÃO PESSOA;64;96;Principal;-1;1260;UNIVERSIDADE ESTADUAL DA PARAÍBA - UEPB;Convencional;RUA HORACIO TRAJANO OLIVEIRA, S/N;CRISTO REDENTOR;58071160;-7,1578433;-34,873005;ATIVO;ATIVO
07/10/2026;06:28:10;2026;04/10/2026;1;PB;20516;JOÃO PESSOA;64;97;Principal;-1;1260;UNIVERSIDADE ESTADUAL DA PARAÍBA - UEPB;Convencional;RUA HORACIO TRAJANO OLIVEIRA, S/N;CRISTO REDENTOR;58071160;-7,1578433;-34,873005;ATIVO;ATIVO
07/10/2026;06:28:10;2026;04/10/2026;1;PB;20516;JOÃO PESSOA;64;98;Principal;-1;1260;UNIVERSIDADE ESTADUAL DA PARAÍBA - UEPB;Convencional;RUA HORACIO TRAJANO OLIVEIRA, S/N;CRISTO REDENTOR;58071160;-7,1578433;-34,873005;ATIVO;ATIVO
07/10/2026;06:28:10;2026;04/10/2026;1;PB;20516;JOÃO PESSOA;64;99;Principal;-1;1260;UNIVERSIDADE ESTADUAL DA PARAÍBA - UEPB;Convencional;RUA HORACIO TRAJANO OLIVEIRA, S/N;CRISTO REDENTOR;58071160;-7,1578433;-34,873005;ATIVO;ATIVO
07/10/2026;06:28:10;2026;04/10/2026;1;PB;20516;JOÃO PESSOA;64;100;Principal;-1;1260;UNIVERSIDADE ESTADUAL DA PARAÍBA - UEPB;Convencional;RUA HORACIO TRAJANO OLIVEIRA, S/N;CRISTO REDENTOR;58071160;-7,1578433;-34,873005;ATIVO;ATIVO
07/10/2026;06:28:10;2026;04/10/2026;1;PB;20516;JOÃO PESSOA;64;101;Principal;-1;1260;UNIVERSIDADE ESTADUAL DA PARAÍBA - UEPB;Convencional;RUA HORACIO TRAJANO OLIVEIRA, S/N;CRISTO REDENTOR;58071160;-7,1578433;-34,873005;ATIVO;ATIVO
07/10/2026;06:28:10;2026;04/10/2026;1;PB;20516;JOÃO PESSOA;64;102;Principal;-1;1260;UNIVERSIDADE ESTADUAL DA PARAÍBA - UEPB;Convencional;RUA HORACIO TRAJANO OLIVEIRA, S/N;CRISTO REDENTOR;58071160;-7,1578433;-34,873005;ATIVO;ATIVO
07/10/2026;06:28:10;2026;04/10/2026;1;PB;20516;JOÃO PESSOA;64;103;Principal;-1;1660;ESCOLA MUNICIPAL DE ENSINO FUND. PROFESSOR DURMEVAL TRIGUEIRO MENDES;Convencional;RUA QUATORZE DE JULHO, 891;RANGEL;58070160;-7,1497917;-34,87283;ATIVO;ATIVO
07/10/2026;06:28:10;2026;04/10/2026;1;PB;20516;JOÃO PESSOA;64;104;Principal;-1;1660;ESCOLA MUNICIPAL DE ENSINO FUND. PROFESSOR DURMEVAL TRIGUEIRO MENDES;Convencional;RUA QUATORZE DE JULHO, 891;RANGEL;58070160;-7,1497917;-34,87283;ATIVO;ATIVO
07/10/2026;06:28:10;2026;04/10/2026;1;PB;20516;JOÃO PESSOA;64;105;Principal;-1;1660;ESCOLA MUNICIPAL DE ENSINO FUND. PROFESSOR DURMEVAL TRIGUEIRO MENDES;Convencional;RUA QUATORZE DE JULHO, 891;RANGEL;58070160;-7,1497917;-34,87283;ATIVO;ATIVO
07/10/2026;06:28:10;2026;04/10/2026;1;PB;20516;JOÃO PESSOA;64;106;Principal;-1;1660;ESCOLA MUNICIPAL DE ENSINO FUND. PROFESSOR DURMEVAL TRIGUEIRO MENDES;Convencional;RUA QUATORZE DE JULHO, 891;RANGEL;58070160;-7,1497917;-34,87283;ATIVO;ATIVO
07/10/2026;06:28:10;2026;04/10/2026;1;PB;20516;JOÃO PESSOA;64;107;Principal;-1;1287;CREI SÃO FRANCISCO;Convencional;RUA JOSÉ SOARES, 32;RANGEL;58070080;-7,15056;-34,8704867;ATIVO;ATIVO
07/10/2026;06:28:10;2026;04/10/2026;1;PB;20516;JOÃO PESSOA;64;108;Principal;-1;1287;CREI SÃO FRANCISCO;Convencional;RUA JOSÉ SOARES, 32;RANGEL;58070080;-7,15056;-34,8704867;ATIVO;ATIVO
07/10/2026;06:28:10;2026;04/10/2026;1;PB;20516;JOÃO PESSOA;64;109;Principal;-1;1287;CREI SÃO FRANCISCO;Convencional;RUA JOSÉ SOARES, 32;RANGEL;58070080;-7,15056;-34,8704867;ATIVO;ATIVO
07/10/2026;06:28:10;2026;04/10/2026;1;PB;20516;JOÃO PESSOA;64;110;Principal;-1;1716;CENTRO SOCIAL URBANO ISABEL DE BRITO PEREIRA;Convencional;RUA BOM JESUS, S/N;RANGEL;58070060;-7,1503433;-34,8699767;ATIVO;ATIVO
07/10/2026;06:28:10;2026;04/10/2026;1;PB;20516;JOÃO PESSOA;64;111;Principal;-1;1767;E.M.E.F. MARIA MADALENA GUEDES PEREIRA (ANTIGA LEONIDAS SANTIAGO);Convencional;RUA CÔNEGO VICENTE PIMENTEL, 365;RANGEL;58070030;-7,1441185;-34,8761723;ATIVO;ATIVO
07/10/2026;06:28:10;2026;04/10/2026;1;PB;20516;JOÃO PESSOA;64;112;Principal;-1;1767;E.M.E.F. MARIA MADALENA GUEDES PEREIRA (ANTIGA LEONIDAS SANTIAGO);Convencional;RUA CÔNEGO VICENTE PIMENTEL, 365;RANGEL;58070030;-7,1441185;-34,8761723;ATIVO;ATIVO
07/10/2026;06:28:10;2026;04/10/2026;1;PB;20516;JOÃO PESSOA;64;113;Principal;-1;1767;E.M.E.F. MARIA MADALENA GUEDES PEREIRA (ANTIGA LEONIDAS SANTIAGO);Convencional;RUA CÔNEGO VICENTE PIMENTEL, 365;RANGEL;58070030;-7,1441185;-34,8761723;ATIVO;ATIVO
07/10/2026;06:28:10;2026;04/10/2026;1;PB;20516;JOÃO PESSOA;64;114;Principal;-1;1767;E.M.E.F. MARIA MADALENA GUEDES PEREIRA (ANTIGA LEONIDAS SANTIAGO);Convencional;RUA CÔNEGO VICENTE PIMENTEL, 365;RANGEL;58070030;-7,1441185;-34,8761723;ATIVO;ATIVO
07/10/2026;06:28:10;2026;04/10/2026;1;PB;20516;JOÃO PESSOA;64;115;Principal;-1;1660;ESCOLA MUNICIPAL DE ENSINO FUND. PROFESSOR DURMEVAL TRIGUEIRO MENDES;Convencional;RUA QUATORZE DE JULHO, 891;RANGEL;58070160;-7,1497917;-34,87283;ATIVO;ATIVO
07/10/2026;06:28:10;2026;04/10/2026;1;PB;20516;JOÃO PESSOA;64;116;Principal;-1;2127;COLÉGIO INTERACTIVO;Convencional;RUA HILTON GUEDES PEREIRA;CRISTO REDENTOR;58071630;-7,1653217;-34,8694757;ATIVO;ATIVO
07/10/2026;06:28:10;2026;04/10/2026;1;PB;20516;JOÃO PESSOA;64;117;Principal;-1;2127;COLÉGIO INTERACTIVO;Convencional;RUA HILTON GUEDES PEREIRA;CRISTO REDENTOR;58071630;-7,1653217;-34,8694757;ATIVO;ATIVO
07/10/2026;06:28:10;2026;04/10/2026;1;PB;20516;JOÃO PESSOA;64;118;Principal;-1;2127;COLÉGIO INTERACTIVO;Convencional;RUA HILTON GUEDES PEREIRA;CRISTO REDENTOR;58071630;-7,1653217;-34,8694757;ATIVO;ATIVO
07/10/2026;06:28:10;2026;04/10/2026;1;PB;20516;JOÃO PESSOA;64;119;Principal;-1;2127;COLÉGIO INTERACTIVO;Convencional;RUA HILTON GUEDES PEREIRA;CRISTO REDENTOR;58071630;-7,1653217;-34,8694757;ATIVO;ATIVO
07/10/2026;06:28:10;2026;04/10/2026;1;PB;20516;JOÃO PESSOA;64;120;Principal;-1;2127;COLÉGIO INTERACTIVO;Convencional;RUA HILTON GUEDES PEREIRA;CRISTO REDENTOR;58071630;-7,1653217;-34,8694757;ATIVO;ATIVO
07/10/2026;06:28:10;2026;04/10/2026;1;PB;20516;JOÃO PESSOA;64;121;Principal;-1;2127;COLÉGIO INTERACTIVO;Convencional;RUA HILTON GUEDES PEREIRA;CRISTO REDENTOR;58071630;-7,1653217;-34,8694757;ATIVO;ATIVO
07/10/2026;06:28:10;2026;04/10/2026;1;PB;20516;JOÃO PESSOA;64;122;Principal;-1;2062;ESCOLA ESTADUAL GERALDO LAFAYETTE BEZERRA;Convencional;RUA FELINTO DE ARRUDA ESCOLÁSTICO, S/N;CRISTO REDENTOR;58070300;-7,1547569;-34,8769772;ATIVO;ATIVO
07/10/2026;06:28:10;2026;04/10/2026;1;PB;20516;JOÃO PESSOA;64;123;Principal;-1;2062;ESCOLA ESTADUAL GERALDO LAFAYETTE BEZERRA;Convencional;RUA FELINTO DE ARRUDA ESCOLÁSTICO, S/N;CRISTO REDENTOR;58070300;-7,1547569;-34,8769772;ATIVO;ATIVO
07/10/2026;06:28:10;2026;04/10/2026;1;PB;20516;JOÃO PESSOA;64;124;Principal;-1;2062;ESCOLA ESTADUAL GERALDO LAFAYETTE BEZERRA;Convencional;RUA FELINTO DE ARRUDA ESCOLÁSTICO, S/N;CRISTO REDENTOR;58070300;-7,1547569;-34,8769772;ATIVO;ATIVO
07/10/2026;06:28:10;2026;04/10/2026;1;PB;20516;JOÃO PESSOA;64;125;Principal;-1;2062;ESCOLA ESTADUAL GERALDO LAFAYETTE BEZERRA;Convencional;RUA FELINTO DE ARRUDA ESCOLÁSTICO, S/N;CRISTO REDENTOR;58070300;-7,1547569;-34,8769772;ATIVO;ATIVO
07/10/2026;06:28:10;2026;04/10/2026;1;PB;20516;JOÃO PESSOA;64;126;Principal;-1;2062;ESCOLA ESTADUAL GERALDO LAFAYETTE BEZERRA;Convencional;RUA FELINTO DE ARRUDA ESCOLÁSTICO, S/N;CRISTO REDENTOR;58070300;-7,1547569;-34,8769772;ATIVO;ATIVO
07/10/2026;06:28:10;2026;04/10/2026;1;PB;20516;JOÃO PESSOA;64;127;Principal;-1;2020;ESCOLA ESTADUAL DE ENSINO FUND. E MÉDIO LILIOSA DE PAIVA LEITE;Convencional;RUA DOM BOSCO, S/N;CRISTO REDENTOR;58070470;-7,15375;-34,8778567;ATIVO;ATIVO
07/10/2026;06:28:10;2026;04/10/2026;1;PB;20516;JOÃO PESSOA;64;128;Principal;-1;2020;ESCOLA ESTADUAL DE ENSINO FUND. E MÉDIO LILIOSA DE PAIVA LEITE;Convencional;RUA DOM BOSCO, S/N;CRISTO REDENTOR;58070470;-7,15375;-34,8778567;ATIVO;ATIVO
07/10/2026;06:28:10;2026;04/10/2026;1;PB;20516;JOÃO PESSOA;64;129;Principal;-1;2020;ESCOLA ESTADUAL DE ENSINO FUND. E MÉDIO LILIOSA DE PAIVA LEITE;Convencional;RUA DOM BOSCO, S/N;CRISTO REDENTOR;58070470;-7,15375;-34,8778567;ATIVO;ATIVO
07/10/2026;06:28:10;2026;04/10/2026;1;PB;20516;JOÃO PESSOA;64;130;Principal;-1;2070;ESCOLA MUNICIPAL AGOSTINHO FONSECA NETO;Convencional;RUA FERNANDO CUNHA LIMA, S/N;CRISTO REDENTOR;58071480;-7,1572876;-34,8822954;ATIVO;ATIVO
07/10/2026;06:28:10;2026;04/10/2026;1;PB;20516;JOÃO PESSOA;64;131;Principal;-1;2070;ESCOLA MUNICIPAL AGOSTINHO FONSECA NETO;Convencional;RUA FERNANDO CUNHA LIMA, S/N;CRISTO REDENTOR;58071480;-7,1572876;-34,8822954;ATIVO;ATIVO
07/10/2026;06:28:10;2026;04/10/2026;1;PB;20516;JOÃO PESSOA;64;132;Principal;-1;2070;ESCOLA MUNICIPAL AGOSTINHO FONSECA NETO;Convencional;RUA FERNANDO CUNHA LIMA, S/N;CRISTO REDENTOR;58071480;-7,1572876;-34,8822954;ATIVO;ATIVO
07/10/2026;06:28:10;2026;04/10/2026;1;PB;20516;JOÃO PESSOA;64;133;Principal;-1;2070;ESCOLA MUNICIPAL AGOSTINHO FONSECA NETO;Convencional;RUA FERNANDO CUNHA LIMA, S/N;CRISTO REDENTOR;58071480;-7,1572876;-34,8822954;ATIVO;ATIVO
07/10/2026;06:28:10;2026;04/10/2026;1;PB;20516;JOÃO PESSOA;64;134;Principal;-1;1740;ESCOLA MUNICIPAL DE ENSINO FUNDAMENTAL UBIRAJARA TARGINO BOTTO;Convencional;AV. DA FRATERNIDADE, 950;CRISTO REDENTOR;58070310;-7,1552794;-34,884598;ATIVO;ATIVO
07/10/2026;06:28:10;2026;04/10/2026;1;PB;20516;JOÃO PESSOA;64;135;Principal;-1;1740;ESCOLA MUNICIPAL DE ENSINO FUNDAMENTAL UBIRAJARA TARGINO BOTTO;Convencional;AV. DA FRATERNIDADE, 950;CRISTO REDENTOR;58070310;-7,1552794;-34,884598;ATIVO;ATIVO
07/10/2026;06:28:10;2026;04/10/2026;1;PB;20516;JOÃO PESSOA;64;136;Principal;-1;1597;ESCOLA MUNICIPAL DE ENSINO FUNDAMENTAL AMÉRICO FALCÃO;Convencional;RUA DOM BOSCO, 557;CRISTO REDENTOR;58070470;-7,153115;-34,87847;ATIVO;ATIVO
07/10/2026;06:28:10;2026;04/10/2026;1;PB;20516;JOÃO PESSOA;64;137;Principal;-1;1597;ESCOLA MUNICIPAL DE ENSINO FUNDAMENTAL AMÉRICO FALCÃO;Convencional;RUA DOM BOSCO, 557;CRISTO REDENTOR;58070470;-7,153115;-34,87847;ATIVO;ATIVO
07/10/2026;06:28:10;2026;04/10/2026;1;PB;20516;JOÃO PESSOA;64;138;Principal;-1;1597;ESCOLA MUNICIPAL DE ENSINO FUNDAMENTAL AMÉRICO FALCÃO;Convencional;RUA DOM BOSCO, 557;CRISTO REDENTOR;58070470;-7,153115;-34,87847;ATIVO;ATIVO
07/10/2026;06:28:10;2026;04/10/2026;1;PB;20516;JOÃO PESSOA;64;139;Principal;-1;1597;ESCOLA MUNICIPAL DE ENSINO FUNDAMENTAL AMÉRICO FALCÃO;Convencional;RUA DOM BOSCO, 557;CRISTO REDENTOR;58070470;-7,153115;-34,87847;ATIVO;ATIVO
07/10/2026;06:28:10;2026;04/10/2026;1;PB;20516;JOÃO PESSOA;64;140;Principal;-1;1350;ESCOLA MUNICIPAL AUGUSTO DOS ANJOS;Convencional;RUA OLÍVIA MARTINS DE ALMEIDA GUERRA, 391;CRISTO REDENTOR;58071430;-7,1604667;-34,8774317;ATIVO;ATIVO
07/10/2026;06:28:10;2026;04/10/2026;1;PB;20516;JOÃO PESSOA;64;141;Principal;-1;1350;ESCOLA MUNICIPAL AUGUSTO DOS ANJOS;Convencional;RUA OLÍVIA MARTINS DE ALMEIDA GUERRA, 391;CRISTO REDENTOR;58071430;-7,1604667;-34,8774317;ATIVO;ATIVO
07/10/2026;06:28:10;2026;04/10/2026;1;PB;20516;JOÃO PESSOA;64;142;Principal;-1;1350;ESCOLA MUNICIPAL AUGUSTO DOS ANJOS;Convencional;RUA OLÍVIA MARTINS DE ALMEIDA GUERRA, 391;CRISTO REDENTOR;58071430;-7,1604667;-34,8774317;ATIVO;ATIVO
07/10/2026;06:28:10;2026;04/10/2026;1;PB;20516;JOÃO PESSOA;64;143;Principal;-1;1678;ESCOLA MUNICIPAL ALMIRANTE BARROSO;Convencional;RUA ENEDINO JORGE DE ANDRADE, 371 - COMUNIDADE DO BALEADO;CRUZ DAS ARMAS;58088760;-7,1563856;-34,8908884;ATIVO;ATIVO
07/10/2026;06:28:10;2026;04/10/2026;1;PB;20516;JOÃO PESSOA;64;144;Principal;-1;1678;ESCOLA MUNICIPAL ALMIRANTE BARROSO;Convencional;RUA ENEDINO JORGE DE ANDRADE, 371 - COMUNIDADE DO BALEADO;CRUZ DAS ARMAS;58088760;-7,1563856;-34,8908884;ATIVO;ATIVO
07/10/2026;06:28:10;2026;04/10/2026;1;PB;20516;JOÃO PESSOA;64;145;Principal;-1;1678;ESCOLA MUNICIPAL ALMIRANTE BARROSO;Convencional;RUA ENEDINO JORGE DE ANDRADE, 371 - COMUNIDADE DO BALEADO;CRUZ DAS ARMAS;58088760;-7,1563856;-34,8908884;ATIVO;ATIVO
07/10/2026;06:28:10;2026;04/10/2026;1;PB;20516;JOÃO PESSOA;64;146;Principal;-1;1678;ESCOLA MUNICIPAL ALMIRANTE BARROSO;Convencional;RUA ENEDINO JORGE DE ANDRADE, 371 - COMUNIDADE DO BALEADO;CRUZ DAS ARMAS;58088760;-7,1563856;-34,8908884;ATIVO;ATIVO
07/10/2026;06:28:10;2026;04/10/2026;1;PB;20516;JOÃO PESSOA;64;147;Principal;-1;1376;ESCOLA ESTADUAL DE 1. GRAU FREI MARTINHO;Convencional;AV. DESEMBARGADOR NOVAIS, S/N;CRUZ DAS ARMAS;58085450;-7,1427124;-34,8898469;ATIVO;ATIVO
07/10/2026;06:28:10;2026;04/10/2026;1;PB;20516;JOÃO PESSOA;64;148;Principal;-1;1376;ESCOLA ESTADUAL DE 1. GRAU FREI MARTINHO;Convencional;AV. DESEMBARGADOR NOVAIS, S/N;CRUZ DAS ARMAS;58085450;-7,1427124;-34,8898469;ATIVO;ATIVO
07/10/2026;06:28:10;2026;04/10/2026;1;PB;20516;JOÃO PESSOA;64;149;Principal;-1;1376;ESCOLA ESTADUAL DE 1. GRAU FREI MARTINHO;Convencional;AV. DESEMBARGADOR NOVAIS, S/N;CRUZ DAS ARMAS;58085450;-7,1427124;-34,8898469;ATIVO;ATIVO
07/10/2026;06:28:10;2026;04/10/2026;1;PB;20516;JOÃO PESSOA;64;150;Principal;-1;1376;ESCOLA ESTADUAL DE 1. GRAU FREI MARTINHO;Convencional;AV. DESEMBARGADOR NOVAIS, S/N;CRUZ DAS ARMAS;58085450;-7,1427124;-34,8898469;ATIVO;ATIVO
07/10/2026;06:28:10;2026;04/10/2026;1;PB;20516;JOÃO PESSOA;64;151;Principal;-1;1376;ESCOLA ESTADUAL DE 1. GRAU FREI MARTINHO;Convencional;AV. DESEMBARGADOR NOVAIS, S/N;CRUZ DAS ARMAS;58085450;-7,1427124;-34,8898469;ATIVO;ATIVO
07/10/2026;06:28:10;2026;04/10/2026;1;PB;20516;JOÃO PESSOA;64;152;Principal;-1;1376;ESCOLA ESTADUAL DE 1. GRAU FREI MARTINHO;Convencional;AV. DESEMBARGADOR NOVAIS, S/N;CRUZ DAS ARMAS;58085450;-7,1427124;-34,8898469;ATIVO;ATIVO
07/10/2026;06:28:10;2026;04/10/2026;1;PB;20516;JOÃO PESSOA;64;153;Principal;-1;1708;ESCOLA MUNICIPAL PROFESSOR OSCAR DE CASTRO;Convencional;AV. LIMA FILHO, 147;CRUZ DAS ARMAS;58085310;-7,1387546;-34,8869264;ATIVO;ATIVO
07/10/2026;06:28:10;2026;04/10/2026;1;PB;20516;JOÃO PESSOA;64;154;Principal;-1;1678;ESCOLA MUNICIPAL ALMIRANTE BARROSO;Convencional;RUA ENEDINO JORGE DE ANDRADE, 371 - COMUNIDADE DO BALEADO;CRUZ DAS ARMAS;58088760;-7,1563856;-34,8908884;ATIVO;ATIVO
07/10/2026;06:28:10;2026;04/10/2026;1;PB;20516;JOÃO PESSOA;64;155;Principal;-1;1406;ESCOLA ESTADUAL DE 1. GRAU PAPA PAULO VI;Convencional;RUA DEPUTADO JOSE TAVARES, S/N;CRUZ DAS ARMAS;58085730;-7,1496703;-34,8931075;ATIVO;ATIVO
07/10/2026;06:28:10;2026;04/10/2026;1;PB;20516;JOÃO PESSOA;64;156;Principal;-1;1406;ESCOLA ESTADUAL DE 1. GRAU PAPA PAULO VI;Convencional;RUA DEPUTADO JOSE TAVARES, S/N;CRUZ DAS ARMAS;58085730;-7,1496703;-34,8931075;ATIVO;ATIVO
07/10/2026;06:28:10;2026;04/10/2026;1;PB;20516;JOÃO PESSOA;64;157;Principal;-1;1406;ESCOLA ESTADUAL DE 1. GRAU PAPA PAULO VI;Convencional;RUA DEPUTADO JOSE TAVARES, S/N;CRUZ DAS ARMAS;58085730;-7,1496703;-34,8931075;ATIVO;ATIVO
07/10/2026;06:28:10;2026;04/10/2026;1;PB;20516;JOÃO PESSOA;64;158;Principal;-1;1406;ESCOLA ESTADUAL DE 1. GRAU PAPA PAULO VI;Convencional;RUA DEPUTADO JOSE TAVARES, S/N;CRUZ DAS ARMAS;58085730;-7,1496703;-34,8931075;ATIVO;ATIVO
07/10/2026;06:28:10;2026;04/10/2026;1;PB;20516;JOÃO PESSOA;64;159;Principal;-1;1406;ESCOLA ESTADUAL DE 1. GRAU PAPA PAULO VI;Convencional;RUA DEPUTADO JOSE TAVARES, S/N;CRUZ DAS ARMAS;58085730;-7,1496703;-34,8931075;ATIVO;ATIVO
07/10/2026;06:28:10;2026;04/10/2026;1;PB;20516;JOÃO PESSOA;64;160;Principal;-1;1406;ESCOLA ESTADUAL DE 1. GRAU PAPA PAULO VI;Convencional;RUA DEPUTADO JOSE TAVARES, S/N;CRUZ DAS ARMAS;58085730;-7,1496703;-34,8931075;ATIVO;ATIVO
07/10/2026;06:28:10;2026;04/10/2026;1;PB;20516;JOÃO PESSOA;64;161;Principal;-1;1406;ESCOLA ESTADUAL DE 1. GRAU PAPA PAULO VI;Convencional;RUA DEPUTADO JOSE TAVARES, S/N;CRUZ DAS ARMAS;58085730;-7,1496703;-34,8931075;ATIVO;ATIVO
07/10/2026;06:28:10;2026;04/10/2026;1;PB;20516;JOÃO PESSOA;64;162;Principal;-1;1406;ESCOLA ESTADUAL DE 1. GRAU PAPA PAULO VI;Convencional;RUA DEPUTADO JOSE TAVARES, S/N;CRUZ DAS ARMAS;58085730;-7,1496703;-34,8931075;ATIVO;ATIVO
07/10/2026;06:28:10;2026;04/10/2026;1;PB;20516;JOÃO PESSOA;64;163;Principal;-1;1406;ESCOLA ESTADUAL DE 1. GRAU PAPA PAULO VI;Convencional;RUA DEPUTADO JOSE TAVARES, S/N;CRUZ DAS ARMAS;58085730;-7,1496703;-34,8931075;ATIVO;ATIVO
07/10/2026;06:28:10;2026;04/10/2026;1;PB;20516;JOÃO PESSOA;64;164;Principal;-1;1406;ESCOLA ESTADUAL DE 1. GRAU PAPA PAULO VI;Convencional;RUA DEPUTADO JOSE TAVARES, S/N;CRUZ DAS ARMAS;58085730;-7,1496703;-34,8931075;ATIVO;ATIVO
07/10/2026;06:28:10;2026;04/10/2026;1;PB;20516;JOÃO PESSOA;64;165;Principal;-1;1414;ESCOLA MUNICIPAL ANIBAL MOURA;Convencional;RUA SAO SALVADOR, 25;CRUZ DAS ARMAS;58085100;-7,1368517;-34,889675;ATIVO;ATIVO
07/10/2026;06:28:10;2026;04/10/2026;1;PB;20516;JOÃO PESSOA;64;166;Principal;-1;1414;ESCOLA MUNICIPAL ANIBAL MOURA;Convencional;RUA SAO SALVADOR, 25;CRUZ DAS ARMAS;58085100;-7,1368517;-34,889675;ATIVO;ATIVO
07/10/2026;06:28:10;2026;04/10/2026;1;PB;20516;JOÃO PESSOA;64;167;Principal;-1;1414;ESCOLA MUNICIPAL ANIBAL MOURA;Convencional;RUA SAO SALVADOR, 25;CRUZ DAS ARMAS;58085100;-7,1368517;-34,889675;ATIVO;ATIVO
07/10/2026;06:28:10;2026;04/10/2026;1;PB;20516;JOÃO PESSOA;64;168;Principal;-1;1414;ESCOLA MUNICIPAL ANIBAL MOURA;Convencional;RUA SAO SALVADOR, 25;CRUZ DAS ARMAS;58085100;-7,1368517;-34,889675;ATIVO;ATIVO
07/10/2026;06:28:10;2026;04/10/2026;1;PB;20516;JOÃO PESSOA;64;169;Principal;-1;2119;COLÉGIO INTENSIVO - UNIDADE CRUZ DAS ARMAS;Convencional;RUA DESEMBARGADOR NOVAIS, 143;CRUZ DAS ARMAS;58085450;-7,1431294;-34,8892569;ATIVO;ATIVO
07/10/2026;06:28:10;2026;04/10/2026;1;PB;20516;JOÃO PESSOA;64;170;Principal;-1;2119;COLÉGIO INTENSIVO - UNIDADE CRUZ DAS ARMAS;Convencional;RUA DESEMBARGADOR NOVAIS, 143;CRUZ DAS ARMAS;58085450;-7,1431294;-34,8892569;ATIVO;ATIVO
07/10/2026;06:28:10;2026;04/10/2026;1;PB;20516;JOÃO PESSOA;64;171;Principal;-1;2119;COLÉGIO INTENSIVO - UNIDADE CRUZ DAS ARMAS;Convencional;RUA DESEMBARGADOR NOVAIS, 143;CRUZ DAS ARMAS;58085450;-7,1431294;-34,8892569;ATIVO;ATIVO
07/10/2026;06:28:10;2026;04/10/2026;1;PB;20516;JOÃO PESSOA;64;172;Principal;-1;1708;ESCOLA MUNICIPAL PROFESSOR OSCAR DE CASTRO;Convencional;AV. LIMA FILHO, 147;CRUZ DAS ARMAS;58085310;-7,1387546;-34,8869264;ATIVO;ATIVO
07/10/2026;06:28:10;2026;04/10/2026;1;PB;20516;JOÃO PESSOA;64;173;Principal;-1;1708;ESCOLA MUNICIPAL PROFESSOR OSCAR DE CASTRO;Convencional;AV. LIMA FILHO, 147;CRUZ DAS ARMAS;58085310;-7,1387546;-34,8869264;ATIVO;ATIVO
07/10/2026;06:28:10;2026;04/10/2026;1;PB;20516;JOÃO PESSOA;64;174;Principal;-1;1708;ESCOLA MUNICIPAL PROFESSOR OSCAR DE CASTRO;Convencional;AV. LIMA FILHO, 147;CRUZ DAS ARMAS;58085310;-7,1387546;-34,8869264;ATIVO;ATIVO
07/10/2026;06:28:10;2026;04/10/2026;1;PB;20516;JOÃO PESSOA;64;175;Principal;-1;1708;ESCOLA MUNICIPAL PROFESSOR OSCAR DE CASTRO;Convencional;AV. LIMA FILHO, 147;CRUZ DAS ARMAS;58085310;-7,1387546;-34,8869264;ATIVO;ATIVO
07/10/2026;06:28:10;2026;04/10/2026;1;PB;20516;JOÃO PESSOA;64;176;Principal;-1;1708;ESCOLA MUNICIPAL PROFESSOR OSCAR DE CASTRO;Convencional;AV. LIMA FILHO, 147;CRUZ DAS ARMAS;58085310;-7,1387546;-34,8869264;ATIVO;ATIVO
07/10/2026;06:28:10;2026;04/10/2026;1;PB;20516;JOÃO PESSOA;64;177;Principal;-1;1708;ESCOLA MUNICIPAL PROFESSOR OSCAR DE CASTRO;Convencional;AV. LIMA FILHO, 147;CRUZ DAS ARMAS;58085310;-7,1387546;-34,8869264;ATIVO;ATIVO
07/10/2026;06:28:10;2026;04/10/2026;1;PB;20516;JOÃO PESSOA;64;178;Principal;-1;1708;ESCOLA MUNICIPAL PROFESSOR OSCAR DE CASTRO;Convencional;AV. LIMA FILHO, 147;CRUZ DAS ARMAS;58085310;-7,1387546;-34,8869264;ATIVO;ATIVO
07/10/2026;06:28:10;2026;04/10/2026;1;PB;20516;JOÃO PESSOA;64;179;Principal;-1;1708;ESCOLA MUNICIPAL PROFESSOR OSCAR DE CASTRO;Convencional;AV. LIMA FILHO, 147;CRUZ DAS ARMAS;58085310;-7,1387546;-34,8869264;ATIVO;ATIVO
07/10/2026;06:28:10;2026;04/10/2026;1;PB;20516;JOÃO PESSOA;64;180;Principal;-1;1708;ESCOLA MUNICIPAL PROFESSOR OSCAR DE CASTRO;Convencional;AV. LIMA FILHO, 147;CRUZ DAS ARMAS;58085310;-7,1387546;-34,8869264;ATIVO;ATIVO
07/10/2026;06:28:10;2026;04/10/2026;1;PB;20516;JOÃO PESSOA;64;181;Principal;-1;1708;ESCOLA MUNICIPAL PROFESSOR OSCAR DE CASTRO;Convencional;AV. LIMA FILHO, 147;CRUZ DAS ARMAS;58085310;-7,1387546;-34,8869264;ATIVO;ATIVO
07/10/2026;06:28:10;2026;04/10/2026;1;PB;20516;JOÃO PESSOA;64;182;Principal;-1;1708;ESCOLA MUNICIPAL PROFESSOR OSCAR DE CASTRO;Convencional;AV. LIMA FILHO, 147;CRUZ DAS ARMAS;58085310;-7,1387546;-34,8869264;ATIVO;ATIVO
07/10/2026;06:28:10;2026;04/10/2026;1;PB;20516;JOÃO PESSOA;64;183;Principal;-1;1732;ESCOLA ESTADUAL DE ENSINO FUNDAMENTAL CASTRO PINTO;Convencional;AV. CRUZ DAS ARMAS, 1096;CRUZ DAS ARMAS;58085000;-7,1416917;-34,890225;ATIVO;ATIVO
07/10/2026;06:28:10;2026;04/10/2026;1;PB;20516;JOÃO PESSOA;64;184;Principal;-1;1732;ESCOLA ESTADUAL DE ENSINO FUNDAMENTAL CASTRO PINTO;Convencional;AV. CRUZ DAS ARMAS, 1096;CRUZ DAS ARMAS;58085000;-7,1416917;-34,890225;ATIVO;ATIVO
07/10/2026;06:28:10;2026;04/10/2026;1;PB;20516;JOÃO PESSOA;64;185;Principal;-1;1414;ESCOLA MUNICIPAL ANIBAL MOURA;Convencional;RUA SAO SALVADOR, 25;CRUZ DAS ARMAS;58085100;-7,1368517;-34,889675;ATIVO;ATIVO
07/10/2026;06:28:10;2026;04/10/2026;1;PB;20516;JOÃO PESSOA;64;187;Principal;-1;1406;ESCOLA ESTADUAL DE 1. GRAU PAPA PAULO VI;Convencional;RUA DEPUTADO JOSE TAVARES, S/N;CRUZ DAS ARMAS;58085730;-7,1496703;-34,8931075;ATIVO;ATIVO
07/10/2026;06:28:10;2026;04/10/2026;1;PB;20516;JOÃO PESSOA;64;188;Principal;-1;1406;ESCOLA ESTADUAL DE 1. GRAU PAPA PAULO VI;Convencional;RUA DEPUTADO JOSE TAVARES, S/N;CRUZ DAS ARMAS;58085730;-7,1496703;-34,8931075;ATIVO;ATIVO
07/10/2026;06:28:10;2026;04/10/2026;1;PB;20516;JOÃO PESSOA;64;189;Principal;-1;1449;ESCOLA MUNICIPAL ZULMIRA DE NOVAIS;Convencional;RUA SANTA TEREZA, 570;CRUZ DAS ARMAS;58086050;-7,1516232;-34,8939207;ATIVO;ATIVO
07/10/2026;06:28:10;2026;04/10/2026;1;PB;20516;JOÃO PESSOA;64;190;Principal;-1;1449;ESCOLA MUNICIPAL ZULMIRA DE NOVAIS;Convencional;RUA SANTA TEREZA, 570;CRUZ DAS ARMAS;58086050;-7,1516232;-34,8939207;ATIVO;ATIVO
07/10/2026;06:28:10;2026;04/10/2026;1;PB;20516;JOÃO PESSOA;64;191;Principal;-1;1449;ESCOLA MUNICIPAL ZULMIRA DE NOVAIS;Convencional;RUA SANTA TEREZA, 570;CRUZ DAS ARMAS;58086050;-7,1516232;-34,8939207;ATIVO;ATIVO
07/10/2026;06:28:10;2026;04/10/2026;1;PB;20516;JOÃO PESSOA;64;192;Principal;-1;1449;ESCOLA MUNICIPAL ZULMIRA DE NOVAIS;Convencional;RUA SANTA TEREZA, 570;CRUZ DAS ARMAS;58086050;-7,1516232;-34,8939207;ATIVO;ATIVO
07/10/2026;06:28:10;2026;04/10/2026;1;PB;20516;JOÃO PESSOA;64;193;Principal;-1;1449;ESCOLA MUNICIPAL ZULMIRA DE NOVAIS;Convencional;RUA SANTA TEREZA, 570;CRUZ DAS ARMAS;58086050;-7,1516232;-34,8939207;ATIVO;ATIVO
07/10/2026;06:28:10;2026;04/10/2026;1;PB;20516;JOÃO PESSOA;64;237;Principal;-1;1872;ESCOLA MUNICIPAL ANALICE CALDAS;Convencional;RUA CECÍLIA MIRANDA, 22;JAGUARIBE;58015130;-7,1290231;-34,8738769;ATIVO;ATIVO
07/10/2026;06:28:10;2026;04/10/2026;1;PB;20516;JOÃO PESSOA;64;244;Principal;-1;1597;ESCOLA MUNICIPAL DE ENSINO FUNDAMENTAL AMÉRICO FALCÃO;Convencional;RUA DOM BOSCO, 557;CRISTO REDENTOR;58070470;-7,153115;-34,87847;ATIVO;ATIVO
07/10/2026;06:28:10;2026;04/10/2026;1;PB;20516;JOÃO PESSOA;64;245;Principal;-1;1350;ESCOLA MUNICIPAL AUGUSTO DOS ANJOS;Convencional;RUA OLÍVIA MARTINS DE ALMEIDA GUERRA, 391;CRISTO REDENTOR;58071430;-7,1604667;-34,8774317;ATIVO;ATIVO
07/10/2026;06:28:10;2026;04/10/2026;1;PB;20516;JOÃO PESSOA;64;247;Principal;-1;1279;ESCOLA ESTADUAL DE ENSINO FUNDAMENTAL PROF. MATEUS RIBEIRO;Convencional;RUA BOM JESUS, 526;RANGEL;58070060;-7,1481133;-34,870695;ATIVO;ATIVO
07/10/2026;06:28:10;2026;04/10/2026;1;PB;20516;JOÃO PESSOA;64;249;Principal;-1;1678;ESCOLA MUNICIPAL ALMIRANTE BARROSO;Convencional;RUA ENEDINO JORGE DE ANDRADE, 371 - COMUNIDADE DO BALEADO;CRUZ DAS ARMAS;58088760;-7,1563856;-34,8908884;ATIVO;ATIVO
07/10/2026;06:28:10;2026;04/10/2026;1;PB;20516;JOÃO PESSOA;64;253;Principal;-1;1260;UNIVERSIDADE ESTADUAL DA PARAÍBA - UEPB;Convencional;RUA HORACIO TRAJANO OLIVEIRA, S/N;CRISTO REDENTOR;58071160;-7,1578433;-34,873005;ATIVO;ATIVO
07/10/2026;06:28:10;2026;04/10/2026;1;PB;20516;JOÃO PESSOA;64;258;Principal;-1;1350;ESCOLA MUNICIPAL AUGUSTO DOS ANJOS;Convencional;RUA OLÍVIA MARTINS DE ALMEIDA GUERRA, 391;CRISTO REDENTOR;58071430;-7,1604667;-34,8774317;ATIVO;ATIVO
07/10/2026;06:28:10;2026;04/10/2026;1;PB;20516;JOÃO PESSOA;64;259;Principal;-1;1597;ESCOLA MUNICIPAL DE ENSINO FUNDAMENTAL AMÉRICO FALCÃO;Convencional;RUA DOM BOSCO, 557;CRISTO REDENTOR;58070470;-7,153115;-34,87847;ATIVO;ATIVO
07/10/2026;06:28:10;2026;04/10/2026;1;PB;20516;JOÃO PESSOA;64;260;Principal;-1;1600;ESCOLA ESTADUAL DE ENSINO MÉDIO PROFESSOR ORLANDO CAVALCANTE GOMES;Convencional;RUA PRESIDENTE NEREU RAMOS, S/N;CRISTO REDENTOR;58070440;-7,15715;-34,8742167;ATIVO;ATIVO
07/10/2026;06:28:10;2026;04/10/2026;1;PB;20516;JOÃO PESSOA;64;262;Principal;-1;1406;ESCOLA ESTADUAL DE 1. GRAU PAPA PAULO VI;Convencional;RUA DEPUTADO JOSE TAVARES, S/N;CRUZ DAS ARMAS;58085730;-7,1496703;-34,8931075;ATIVO;ATIVO
07/10/2026;06:28:10;2026;04/10/2026;1;PB;20516;JOÃO PESSOA;64;263;Principal;-1;1040;E. E E. FUNDAMENTAL/MÉDIO PROF. PEDRO AUGUSTO PORTO CAMINHA - EEPAC;Convencional;RUA ANUBIO LINS FALCAO, S/N;JAGUARIBE;58015480;-7,1377967;-34,875105;ATIVO;ATIVO
07/10/2026;06:28:10;2026;04/10/2026;1;PB;20516;JOÃO PESSOA;64;268;Principal;-1;1449;ESCOLA MUNICIPAL ZULMIRA DE NOVAIS;Convencional;RUA SANTA TEREZA, 570;CRUZ DAS ARMAS;58086050;-7,1516232;-34,8939207;ATIVO;ATIVO
07/10/2026;06:28:10;2026;04/10/2026;1;PB;20516;JOÃO PESSOA;64;269;Principal;-1;1066;ESCOLA MUNICIPAL DAMÁSIO BARBOSA DA FRANCA;Convencional;RUA RODRIGUES CHAVES, S/N;CENTRO;58011040;-7,1295667;-34,887005;ATIVO;ATIVO
07/10/2026;06:28:10;2026;04/10/2026;1;PB;20516;JOÃO PESSOA;64;270;Principal;-1;2119;COLÉGIO INTENSIVO - UNIDADE CRUZ DAS ARMAS;Convencional;RUA DESEMBARGADOR NOVAIS, 143;CRUZ DAS ARMAS;58085450;-7,1431294;-34,8892569;ATIVO;ATIVO
07/10/2026;06:28:10;2026;04/10/2026;1;PB;20516;JOÃO PESSOA;64;273;Principal;-1;1600;ESCOLA ESTADUAL DE ENSINO MÉDIO PROFESSOR ORLANDO CAVALCANTE GOMES;Convencional;RUA PRESIDENTE NEREU RAMOS, S/N;CRISTO REDENTOR;58070440;-7,15715;-34,8742167;ATIVO;ATIVO
07/10/2026;06:28:10;2026;04/10/2026;1;PB;20516;JOÃO PESSOA;64;274;Principal;-1;2119;COLÉGIO INTENSIVO - UNIDADE CRUZ DAS ARMAS;Convencional;RUA DESEMBARGADOR NOVAIS, 143;CRUZ DAS ARMAS;58085450;-7,1431294;-34,8892569;ATIVO;ATIVO
07/10/2026;06:28:10;2026;04/10/2026;1;PB;20516;JOÃO PESSOA;64;282;Principal;-1;1597;ESCOLA MUNICIPAL DE ENSINO FUNDAMENTAL AMÉRICO FALCÃO;Convencional;RUA DOM BOSCO, 557;CRISTO REDENTOR;58070470;-7,153115;-34,87847;ATIVO;ATIVO
07/10/2026;06:28:10;2026;04/10/2026;1;PB;20516;JOÃO PESSOA;64;284;Principal;-1;1449;ESCOLA MUNICIPAL ZULMIRA DE NOVAIS;Convencional;RUA SANTA TEREZA, 570;CRUZ DAS ARMAS;58086050;-7,1516232;-34,8939207;ATIVO;ATIVO
07/10/2026;06:28:10;2026;04/10/2026;1;PB;20516;JOÃO PESSOA;64;285;Principal;-1;1600;ESCOLA ESTADUAL DE ENSINO MÉDIO PROFESSOR ORLANDO CAVALCANTE GOMES;Convencional;RUA PRESIDENTE NEREU RAMOS, S/N;CRISTO REDENTOR;58070440;-7,15715;-34,8742167;ATIVO;ATIVO
07/10/2026;06:28:10;2026;04/10/2026;1;PB;20516;JOÃO PESSOA;64;287;Principal;-1;1767;E.M.E.F. MARIA MADALENA GUEDES PEREIRA (ANTIGA LEONIDAS SANTIAGO);Convencional;RUA CÔNEGO VICENTE PIMENTEL, 365;RANGEL;58070030;-7,1441185;-34,8761723;ATIVO;ATIVO
07/10/2026;06:28:10;2026;04/10/2026;1;PB;20516;JOÃO PESSOA;64;292;Principal;-1;2119;COLÉGIO INTENSIVO - UNIDADE CRUZ DAS ARMAS;Convencional;RUA DESEMBARGADOR NOVAIS, 143;CRUZ DAS ARMAS;58085450;-7,1431294;-34,8892569;ATIVO;ATIVO
07/10/2026;06:28:10;2026;04/10/2026;1;PB;20516;JOÃO PESSOA;64;294;Principal;-1;1716;CENTRO SOCIAL URBANO ISABEL DE BRITO PEREIRA;Convencional;RUA BOM JESUS, S/N;RANGEL;58070060;-7,1503433;-34,8699767;ATIVO;ATIVO
07/10/2026;06:28:10;2026;04/10/2026;1;PB;20516;JOÃO PESSOA;64;295;Principal;-1;1767;E.M.E.F. MARIA MADALENA GUEDES PEREIRA (ANTIGA LEONIDAS SANTIAGO);Convencional;RUA CÔNEGO VICENTE PIMENTEL, 365;RANGEL;58070030;-7,1441185;-34,8761723;ATIVO;ATIVO
07/10/2026;06:28:10;2026;04/10/2026;1;PB;20516;JOÃO PESSOA;64;297;Principal;-1;1449;ESCOLA MUNICIPAL ZULMIRA DE NOVAIS;Convencional;RUA SANTA TEREZA, 570;CRUZ DAS ARMAS;58086050;-7,1516232;-34,8939207;ATIVO;ATIVO
07/10/2026;06:28:10;2026;04/10/2026;1;PB;20516;JOÃO PESSOA;64;299;Principal;-1;2046;CMEI MARIA DA LUZ MELO CUNHA(ANTIGA ESCOLA IRMÃ SEVERINA);Convencional;RUA RODRIGUES CHAVES, S/N;CENTRO;58011040;-7,125065;-34,885525;ATIVO;ATIVO
07/10/2026;06:28:10;2026;04/10/2026;1;PB;20516;JOÃO PESSOA;64;300;Principal;-1;1600;ESCOLA ESTADUAL DE ENSINO MÉDIO PROFESSOR ORLANDO CAVALCANTE GOMES;Convencional;RUA PRESIDENTE NEREU RAMOS, S/N;CRISTO REDENTOR;58070440;-7,15715;-34,8742167;ATIVO;ATIVO
07/10/2026;06:28:10;2026;04/10/2026;1;PB;20516;JOÃO PESSOA;64;301;Principal;-1;1449;ESCOLA MUNICIPAL ZULMIRA DE NOVAIS;Convencional;RUA SANTA TEREZA, 570;CRUZ DAS ARMAS;58086050;-7,1516232;-34,8939207;ATIVO;ATIVO
07/10/2026;06:28:10;2026;04/10/2026;1;PB;20516;JOÃO PESSOA;64;303;Principal;-1;1279;ESCOLA ESTADUAL DE ENSINO FUNDAMENTAL PROF. MATEUS RIBEIRO;Convencional;RUA BOM JESUS, 526;RANGEL;58070060;-7,1481133;-34,870695;ATIVO;ATIVO
07/10/2026;06:28:10;2026;04/10/2026;1;PB;20516;JOÃO PESSOA;64;304;Principal;-1;1600;ESCOLA ESTADUAL DE ENSINO MÉDIO PROFESSOR ORLANDO CAVALCANTE GOMES;Convencional;RUA PRESIDENTE NEREU RAMOS, S/N;CRISTO REDENTOR;58070440;-7,15715;-34,8742167;ATIVO;ATIVO
07/10/2026;06:28:10;2026;04/10/2026;1;PB;20516;JOÃO PESSOA;64;305;Principal;-1;1783;ESCOLA MUNICIPAL EDUCADOR FRANCISCO PEREIRA DA NOBREGA;Convencional;AV. ELIAS CAVALCANTI DE ALBUQUERQUE, S/N;CRISTO REDENTOR;58070400;-7,1656983;-34,8811683;ATIVO;ATIVO
07/10/2026;06:28:10;2026;04/10/2026;1;PB;20516;JOÃO PESSOA;64;306;Principal;-1;1767;E.M.E.F. MARIA MADALENA GUEDES PEREIRA (ANTIGA LEONIDAS SANTIAGO);Convencional;RUA CÔNEGO VICENTE PIMENTEL, 365;RANGEL;58070030;-7,1441185;-34,8761723;ATIVO;ATIVO
07/10/2026;06:28:10;2026;04/10/2026;1;PB;20516;JOÃO PESSOA;64;308;Principal;-1;1244;INSTITUTO FEDERAL DE EDUCAÇÃO, CIÊNCIA E TECNOLOGIA DA PARAÍBA;Convencional;AV. PRIMEIRO DE MAIO, 720;JAGUARIBE;58015905;-7,1346067;-34,873385;ATIVO;ATIVO
07/10/2026;06:28:10;2026;04/10/2026;1;PB;20516;JOÃO PESSOA;64;310;Principal;-1;1244;INSTITUTO FEDERAL DE EDUCAÇÃO, CIÊNCIA E TECNOLOGIA DA PARAÍBA;Convencional;AV. PRIMEIRO DE MAIO, 720;JAGUARIBE;58015905;-7,1346067;-34,873385;ATIVO;ATIVO
07/10/2026;06:28:10;2026;04/10/2026;1;PB;20516;JOÃO PESSOA;64;312;Principal;-1;1244;INSTITUTO FEDERAL DE EDUCAÇÃO, CIÊNCIA E TECNOLOGIA DA PARAÍBA;Convencional;AV. PRIMEIRO DE MAIO, 720;JAGUARIBE;58015905;-7,1346067;-34,873385;ATIVO;ATIVO
07/10/2026;06:28:10;2026;04/10/2026;1;PB;20516;JOÃO PESSOA;64;314;Principal;-1;1244;INSTITUTO FEDERAL DE EDUCAÇÃO, CIÊNCIA E TECNOLOGIA DA PARAÍBA;Convencional;AV. PRIMEIRO DE MAIO, 720;JAGUARIBE;58015905;-7,1346067;-34,873385;ATIVO;ATIVO
07/10/2026;06:28:10;2026;04/10/2026;1;PB;20516;JOÃO PESSOA;64;316;Principal;-1;1872;ESCOLA MUNICIPAL ANALICE CALDAS;Convencional;RUA CECÍLIA MIRANDA, 22;JAGUARIBE;58015130;-7,1290231;-34,8738769;ATIVO;ATIVO
07/10/2026;06:28:10;2026;04/10/2026;1;PB;20516;JOÃO PESSOA;64;319;Principal;-1;1872;ESCOLA MUNICIPAL ANALICE CALDAS;Convencional;RUA CECÍLIA MIRANDA, 22;JAGUARIBE;58015130;-7,1290231;-34,8738769;ATIVO;ATIVO
07/10/2026;06:28:10;2026;04/10/2026;1;PB;20516;JOÃO PESSOA;64;323;Principal;-1;1244;INSTITUTO FEDERAL DE EDUCAÇÃO, CIÊNCIA E TECNOLOGIA DA PARAÍBA;Convencional;AV. PRIMEIRO DE MAIO, 720;JAGUARIBE;58015905;-7,1346067;-34,873385;ATIVO;ATIVO
07/10/2026;06:28:10;2026;04/10/2026;1;PB;20516;JOÃO PESSOA;64;324;Principal;-1;1244;INSTITUTO FEDERAL DE EDUCAÇÃO, CIÊNCIA E TECNOLOGIA DA PARAÍBA;Convencional;AV. PRIMEIRO DE MAIO, 720;JAGUARIBE;58015905;-7,1346067;-34,873385;ATIVO;ATIVO
07/10/2026;06:28:10;2026;04/10/2026;1;PB;20516;JOÃO PESSOA;64;325;Principal;-1;1600;ESCOLA ESTADUAL DE ENSINO MÉDIO PROFESSOR ORLANDO CAVALCANTE GOMES;Convencional;RUA PRESIDENTE NEREU RAMOS, S/N;CRISTO REDENTOR;58070440;-7,15715;-34,8742167;ATIVO;ATIVO
07/10/2026;06:28:10;2026;04/10/2026;1;PB;20516;JOÃO PESSOA;64;326;Principal;-1;1597;ESCOLA MUNICIPAL DE ENSINO FUNDAMENTAL AMÉRICO FALCÃO;Convencional;RUA DOM BOSCO, 557;CRISTO REDENTOR;58070470;-7,153115;-34,87847;ATIVO;ATIVO
07/10/2026;06:28:10;2026;04/10/2026;1;PB;20516;JOÃO PESSOA;64;329;Principal;-1;1783;ESCOLA MUNICIPAL EDUCADOR FRANCISCO PEREIRA DA NOBREGA;Convencional;AV. ELIAS CAVALCANTI DE ALBUQUERQUE, S/N;CRISTO REDENTOR;58070400;-7,1656983;-34,8811683;ATIVO;ATIVO
07/10/2026;06:28:10;2026;04/10/2026;1;PB;20516;JOÃO PESSOA;64;333;Principal;-1;1406;ESCOLA ESTADUAL DE 1. GRAU PAPA PAULO VI;Convencional;RUA DEPUTADO JOSE TAVARES, S/N;CRUZ DAS ARMAS;58085730;-7,1496703;-34,8931075;ATIVO;ATIVO
07/10/2026;06:28:10;2026;04/10/2026;1;PB;20516;JOÃO PESSOA;64;334;Principal;-1;1244;INSTITUTO FEDERAL DE EDUCAÇÃO, CIÊNCIA E TECNOLOGIA DA PARAÍBA;Convencional;AV. PRIMEIRO DE MAIO, 720;JAGUARIBE;58015905;-7,1346067;-34,873385;ATIVO;ATIVO
07/10/2026;06:28:10;2026;04/10/2026;1;PB;20516;JOÃO PESSOA;64;335;Principal;-1;1600;ESCOLA ESTADUAL DE ENSINO MÉDIO PROFESSOR ORLANDO CAVALCANTE GOMES;Convencional;RUA PRESIDENTE NEREU RAMOS, S/N;CRISTO REDENTOR;58070440;-7,15715;-34,8742167;ATIVO;ATIVO
07/10/2026;06:28:10;2026;04/10/2026;1;PB;20516;JOÃO PESSOA;64;336;Principal;-1;1732;ESCOLA ESTADUAL DE ENSINO FUNDAMENTAL CASTRO PINTO;Convencional;AV. CRUZ DAS ARMAS, 1096;CRUZ DAS ARMAS;58085000;-7,1416917;-34,890225;ATIVO;ATIVO
07/10/2026;06:28:10;2026;04/10/2026;1;PB;20516;JOÃO PESSOA;64;337;Principal;-1;2046;CMEI MARIA DA LUZ MELO CUNHA(ANTIGA ESCOLA IRMÃ SEVERINA);Convencional;RUA RODRIGUES CHAVES, S/N;CENTRO;58011040;-7,125065;-34,885525;ATIVO;ATIVO
07/10/2026;06:28:10;2026;04/10/2026;1;PB;20516;JOÃO PESSOA;64;341;Principal;-1;1600;ESCOLA ESTADUAL DE ENSINO MÉDIO PROFESSOR ORLANDO CAVALCANTE GOMES;Convencional;RUA PRESIDENTE NEREU RAMOS, S/N;CRISTO REDENTOR;58070440;-7,15715;-34,8742167;ATIVO;ATIVO
07/10/2026;06:28:10;2026;04/10/2026;1;PB;20516;JOÃO PESSOA;64;343;Principal;-1;1600;ESCOLA ESTADUAL DE ENSINO MÉDIO PROFESSOR ORLANDO CAVALCANTE GOMES;Convencional;RUA PRESIDENTE NEREU RAMOS, S/N;CRISTO REDENTOR;58070440;-7,15715;-34,8742167;ATIVO;ATIVO
07/10/2026;06:28:10;2026;04/10/2026;1;PB;20516;JOÃO PESSOA;64;344;Principal;-1;1783;ESCOLA MUNICIPAL EDUCADOR FRANCISCO PEREIRA DA NOBREGA;Convencional;AV. ELIAS CAVALCANTI DE ALBUQUERQUE, S/N;CRISTO REDENTOR;58070400;-7,1656983;-34,8811683;ATIVO;ATIVO
07/10/2026;06:28:10;2026;04/10/2026;1;PB;20516;JOÃO PESSOA;64;345;Principal;-1;1740;ESCOLA MUNICIPAL DE ENSINO FUNDAMENTAL UBIRAJARA TARGINO BOTTO;Convencional;AV. DA FRATERNIDADE, 950;CRISTO REDENTOR;58070310;-7,1552794;-34,884598;ATIVO;ATIVO
07/10/2026;06:28:10;2026;04/10/2026;1;PB;20516;JOÃO PESSOA;64;346;Principal;-1;1406;ESCOLA ESTADUAL DE 1. GRAU PAPA PAULO VI;Convencional;RUA DEPUTADO JOSE TAVARES, S/N;CRUZ DAS ARMAS;58085730;-7,1496703;-34,8931075;ATIVO;ATIVO
07/10/2026;06:28:10;2026;04/10/2026;1;PB;20516;JOÃO PESSOA;64;350;Principal;-1;1600;ESCOLA ESTADUAL DE ENSINO MÉDIO PROFESSOR ORLANDO CAVALCANTE GOMES;Convencional;RUA PRESIDENTE NEREU RAMOS, S/N;CRISTO REDENTOR;58070440;-7,15715;-34,8742167;ATIVO;ATIVO
07/10/2026;06:28:10;2026;04/10/2026;1;PB;20516;JOÃO PESSOA;64;351;Principal;-1;2046;CMEI MARIA DA LUZ MELO CUNHA(ANTIGA ESCOLA IRMÃ SEVERINA);Convencional;RUA RODRIGUES CHAVES, S/N;CENTRO;58011040;-7,125065;-34,885525;ATIVO;ATIVO
07/10/2026;06:28:10;2026;04/10/2026;1;PB;20516;JOÃO PESSOA;64;353;Principal;-1;1740;ESCOLA MUNICIPAL DE ENSINO FUNDAMENTAL UBIRAJARA TARGINO BOTTO;Convencional;AV. DA FRATERNIDADE, 950;CRISTO REDENTOR;58070310;-7,1552794;-34,884598;ATIVO;ATIVO
07/10/2026;06:28:10;2026;04/10/2026;1;PB;20516;JOÃO PESSOA;64;354;Principal;-1;1716;CENTRO SOCIAL URBANO ISABEL DE BRITO PEREIRA;Convencional;RUA BOM JESUS, S/N;RANGEL;58070060;-7,1503433;-34,8699767;ATIVO;ATIVO
07/10/2026;06:28:10;2026;04/10/2026;1;PB;20516;JOÃO PESSOA;64;355;Principal;-1;2046;CMEI MARIA DA LUZ MELO CUNHA(ANTIGA ESCOLA IRMÃ SEVERINA);Convencional;RUA RODRIGUES CHAVES, S/N;CENTRO;58011040;-7,125065;-34,885525;ATIVO;ATIVO
07/10/2026;06:28:10;2026;04/10/2026;1;PB;20516;JOÃO PESSOA;64;356;Principal;-1;1597;ESCOLA MUNICIPAL DE ENSINO FUNDAMENTAL AMÉRICO FALCÃO;Convencional;RUA DOM BOSCO, 557;CRISTO REDENTOR;58070470;-7,153115;-34,87847;ATIVO;ATIVO
07/10/2026;06:28:10;2026;04/10/2026;1;PB;20516;JOÃO PESSOA;64;357;Principal;-1;1708;ESCOLA MUNICIPAL PROFESSOR OSCAR DE CASTRO;Convencional;AV. LIMA FILHO, 147;CRUZ DAS ARMAS;58085310;-7,1387546;-34,8869264;ATIVO;ATIVO
07/10/2026;06:28:10;2026;04/10/2026;1;PB;20516;JOÃO PESSOA;64;359;Principal;-1;1783;ESCOLA MUNICIPAL EDUCADOR FRANCISCO PEREIRA DA NOBREGA;Convencional;AV. ELIAS CAVALCANTI DE ALBUQUERQUE, S/N;CRISTO REDENTOR;58070400;-7,1656983;-34,8811683;ATIVO;ATIVO
07/10/2026;06:28:10;2026;04/10/2026;1;PB;20516;JOÃO PESSOA;64;361;Principal;-1;1600;ESCOLA ESTADUAL DE ENSINO MÉDIO PROFESSOR ORLANDO CAVALCANTE GOMES;Convencional;RUA PRESIDENTE NEREU RAMOS, S/N;CRISTO REDENTOR;58070440;-7,15715;-34,8742167;ATIVO;ATIVO
07/10/2026;06:28:10;2026;04/10/2026;1;PB;20516;JOÃO PESSOA;64;364;Principal;-1;1279;ESCOLA ESTADUAL DE ENSINO FUNDAMENTAL PROF. MATEUS RIBEIRO;Convencional;RUA BOM JESUS, 526;RANGEL;58070060;-7,1481133;-34,870695;ATIVO;ATIVO
07/10/2026;06:28:10;2026;04/10/2026;1;PB;20516;JOÃO PESSOA;64;366;Principal;-1;1082;ESCOLA NORMAL ESTADUAL PROFESSORA MARIA DO CARMO DE MIRANDA;Convencional;AVENIDA JOAO LUIZ RIBEIRO DE MORAIS, 266;CENTRO;58013230;-7,1273981;-34,8803159;ATIVO;ATIVO
07/10/2026;06:28:10;2026;04/10/2026;1;PB;20516;JOÃO PESSOA;64;367;Principal;-1;1783;ESCOLA MUNICIPAL EDUCADOR FRANCISCO PEREIRA DA NOBREGA;Convencional;AV. ELIAS CAVALCANTI DE ALBUQUERQUE, S/N;CRISTO REDENTOR;58070400;-7,1656983;-34,8811683;ATIVO;ATIVO
07/10/2026;06:28:10;2026;04/10/2026;1;PB;20516;JOÃO PESSOA;64;368;Principal;-1;1597;ESCOLA MUNICIPAL DE ENSINO FUNDAMENTAL AMÉRICO FALCÃO;Convencional;RUA DOM BOSCO, 557;CRISTO REDENTOR;58070470;-7,153115;-34,87847;ATIVO;ATIVO
07/10/2026;06:28:10;2026;04/10/2026;1;PB;20516;JOÃO PESSOA;64;369;Principal;-1;1066;ESCOLA MUNICIPAL DAMÁSIO BARBOSA DA FRANCA;Convencional;RUA RODRIGUES CHAVES, S/N;CENTRO;58011040;-7,1295667;-34,887005;ATIVO;ATIVO
07/10/2026;06:28:10;2026;04/10/2026;1;PB;20516;JOÃO PESSOA;64;371;Principal;-1;1260;UNIVERSIDADE ESTADUAL DA PARAÍBA - UEPB;Convencional;RUA HORACIO TRAJANO OLIVEIRA, S/N;CRISTO REDENTOR;58071160;-7,1578433;-34,873005;ATIVO;ATIVO
07/10/2026;06:28:10;2026;04/10/2026;1;PB;20516;JOÃO PESSOA;64;373;Principal;-1;1660;ESCOLA MUNICIPAL DE ENSINO FUND. PROFESSOR DURMEVAL TRIGUEIRO MENDES;Convencional;RUA QUATORZE DE JULHO, 891;RANGEL;58070160;-7,1497917;-34,87283;ATIVO;ATIVO
07/10/2026;06:28:10;2026;04/10/2026;1;PB;20516;JOÃO PESSOA;64;374;Principal;-1;1350;ESCOLA MUNICIPAL AUGUSTO DOS ANJOS;Convencional;RUA OLÍVIA MARTINS DE ALMEIDA GUERRA, 391;CRISTO REDENTOR;58071430;-7,1604667;-34,8774317;ATIVO;ATIVO
07/10/2026;06:28:10;2026;04/10/2026;1;PB;20516;JOÃO PESSOA;64;375;Principal;-1;1260;UNIVERSIDADE ESTADUAL DA PARAÍBA - UEPB;Convencional;RUA HORACIO TRAJANO OLIVEIRA, S/N;CRISTO REDENTOR;58071160;-7,1578433;-34,873005;ATIVO;ATIVO
07/10/2026;06:28:10;2026;04/10/2026;1;PB;20516;JOÃO PESSOA;64;376;Principal;-1;2020;ESCOLA ESTADUAL DE ENSINO FUND. E MÉDIO LILIOSA DE PAIVA LEITE;Convencional;RUA DOM BOSCO, S/N;CRISTO REDENTOR;58070470;-7,15375;-34,8778567;ATIVO;ATIVO
07/10/2026;06:28:10;2026;04/10/2026;1;PB;20516;JOÃO PESSOA;64;377;Principal;-1;2070;ESCOLA MUNICIPAL AGOSTINHO FONSECA NETO;Convencional;RUA FERNANDO CUNHA LIMA, S/N;CRISTO REDENTOR;58071480;-7,1572876;-34,8822954;ATIVO;ATIVO
07/10/2026;06:28:10;2026;04/10/2026;1;PB;20516;JOÃO PESSOA;64;378;Principal;-1;1660;ESCOLA MUNICIPAL DE ENSINO FUND. PROFESSOR DURMEVAL TRIGUEIRO MENDES;Convencional;RUA QUATORZE DE JULHO, 891;RANGEL;58070160;-7,1497917;-34,87283;ATIVO;ATIVO
07/10/2026;06:28:10;2026;04/10/2026;1;PB;20516;JOÃO PESSOA;64;379;Principal;-1;1260;UNIVERSIDADE ESTADUAL DA PARAÍBA - UEPB;Convencional;RUA HORACIO TRAJANO OLIVEIRA, S/N;CRISTO REDENTOR;58071160;-7,1578433;-34,873005;ATIVO;ATIVO
07/10/2026;06:28:10;2026;04/10/2026;1;PB;20516;JOÃO PESSOA;64;380;Principal;-1;1660;ESCOLA MUNICIPAL DE ENSINO FUND. PROFESSOR DURMEVAL TRIGUEIRO MENDES;Convencional;RUA QUATORZE DE JULHO, 891;RANGEL;58070160;-7,1497917;-34,87283;ATIVO;ATIVO
07/10/2026;06:28:10;2026;04/10/2026;1;PB;20516;JOÃO PESSOA;64;381;Principal;-1;1376;ESCOLA ESTADUAL DE 1. GRAU FREI MARTINHO;Convencional;AV. DESEMBARGADOR NOVAIS, S/N;CRUZ DAS ARMAS;58085450;-7,1427124;-34,8898469;ATIVO;ATIVO
07/10/2026;06:28:10;2026;04/10/2026;1;PB;20516;JOÃO PESSOA;64;382;Principal;-1;1406;ESCOLA ESTADUAL DE 1. GRAU PAPA PAULO VI;Convencional;RUA DEPUTADO JOSE TAVARES, S/N;CRUZ DAS ARMAS;58085730;-7,1496703;-34,8931075;ATIVO;ATIVO
07/10/2026;06:28:10;2026;04/10/2026;1;PB;20516;JOÃO PESSOA;64;383;Principal;-1;1350;ESCOLA MUNICIPAL AUGUSTO DOS ANJOS;Convencional;RUA OLÍVIA MARTINS DE ALMEIDA GUERRA, 391;CRISTO REDENTOR;58071430;-7,1604667;-34,8774317;ATIVO;ATIVO
07/10/2026;06:28:10;2026;04/10/2026;1;PB;20516;JOÃO PESSOA;64;384;Principal;-1;1066;ESCOLA MUNICIPAL DAMÁSIO BARBOSA DA FRANCA;Convencional;RUA RODRIGUES CHAVES, S/N;CENTRO;58011040;-7,1295667;-34,887005;ATIVO;ATIVO
07/10/2026;06:28:10;2026;04/10/2026;1;PB;20516;JOÃO PESSOA;64;385;Principal;-1;2127;COLÉGIO INTERACTIVO;Convencional;RUA HILTON GUEDES PEREIRA;CRISTO REDENTOR;58071630;-7,1653217;-34,8694757;ATIVO;ATIVO
07/10/2026;06:28:10;2026;04/10/2026;1;PB;20516;JOÃO PESSOA;64;386;Principal;-1;1783;ESCOLA MUNICIPAL EDUCADOR FRANCISCO PEREIRA DA NOBREGA;Convencional;AV. ELIAS CAVALCANTI DE ALBUQUERQUE, S/N;CRISTO REDENTOR;58070400;-7,1656983;-34,8811683;ATIVO;ATIVO
07/10/2026;06:28:10;2026;04/10/2026;1;PB;20516;JOÃO PESSOA;64;387;Principal;-1;1716;CENTRO SOCIAL URBANO ISABEL DE BRITO PEREIRA;Convencional;RUA BOM JESUS, S/N;RANGEL;58070060;-7,1503433;-34,8699767;ATIVO;ATIVO
07/10/2026;06:28:10;2026;04/10/2026;1;PB;20516;JOÃO PESSOA;64;389;Principal;-1;1660;ESCOLA MUNICIPAL DE ENSINO FUND. PROFESSOR DURMEVAL TRIGUEIRO MENDES;Convencional;RUA QUATORZE DE JULHO, 891;RANGEL;58070160;-7,1497917;-34,87283;ATIVO;ATIVO
07/10/2026;06:28:10;2026;04/10/2026;1;PB;20516;JOÃO PESSOA;64;390;Principal;-1;1740;ESCOLA MUNICIPAL DE ENSINO FUNDAMENTAL UBIRAJARA TARGINO BOTTO;Convencional;AV. DA FRATERNIDADE, 950;CRISTO REDENTOR;58070310;-7,1552794;-34,884598;ATIVO;ATIVO
07/10/2026;06:28:10;2026;04/10/2026;1;PB;20516;JOÃO PESSOA;64;391;Principal;-1;1260;UNIVERSIDADE ESTADUAL DA PARAÍBA - UEPB;Convencional;RUA HORACIO TRAJANO OLIVEIRA, S/N;CRISTO REDENTOR;58071160;-7,1578433;-34,873005;ATIVO;ATIVO
07/10/2026;06:28:10;2026;04/10/2026;1;PB;20516;JOÃO PESSOA;64;392;Principal;-1;2127;COLÉGIO INTERACTIVO;Convencional;RUA HILTON GUEDES PEREIRA;CRISTO REDENTOR;58071630;-7,1653217;-34,8694757;ATIVO;ATIVO
07/10/2026;06:28:10;2026;04/10/2026;1;PB;20516;JOÃO PESSOA;64;395;Principal;-1;1910;ESCOLA ESTADUAL DE I GRAU RAUL MACHADO;Convencional;RUA CARNEIRO CAMPOS S/N;ILHA DO BISPO;58011440;-7,1260333;-34,8988854;ATIVO;ATIVO
07/10/2026;06:28:10;2026;04/10/2026;1;PB;20516;JOÃO PESSOA;64;396;Principal;-1;1910;ESCOLA ESTADUAL DE I GRAU RAUL MACHADO;Convencional;RUA CARNEIRO CAMPOS S/N;ILHA DO BISPO;58011440;-7,1260333;-34,8988854;ATIVO;ATIVO
07/10/2026;06:28:10;2026;04/10/2026;1;PB;20516;JOÃO PESSOA;64;397;Principal;-1;1910;ESCOLA ESTADUAL DE I GRAU RAUL MACHADO;Convencional;RUA CARNEIRO CAMPOS S/N;ILHA DO BISPO;58011440;-7,1260333;-34,8988854;ATIVO;ATIVO
07/10/2026;06:28:10;2026;04/10/2026;1;PB;20516;JOÃO PESSOA;64;398;Principal;-1;1910;ESCOLA ESTADUAL DE I GRAU RAUL MACHADO;Convencional;RUA CARNEIRO CAMPOS S/N;ILHA DO BISPO;58011440;-7,1260333;-34,8988854;ATIVO;ATIVO
07/10/2026;06:28:10;2026;04/10/2026;1;PB;20516;JOÃO PESSOA;64;399;Principal;-1;1910;ESCOLA ESTADUAL DE I GRAU RAUL MACHADO;Convencional;RUA CARNEIRO CAMPOS S/N;ILHA DO BISPO;58011440;-7,1260333;-34,8988854;ATIVO;ATIVO
07/10/2026;06:28:10;2026;04/10/2026;1;PB;20516;JOÃO PESSOA;64;400;Principal;-1;1910;ESCOLA ESTADUAL DE I GRAU RAUL MACHADO;Convencional;RUA CARNEIRO CAMPOS S/N;ILHA DO BISPO;58011440;-7,1260333;-34,8988854;ATIVO;ATIVO
07/10/2026;06:28:10;2026;04/10/2026;1;PB;20516;JOÃO PESSOA;64;402;Principal;-1;1929;ESCOLA MUNICIPAL JOSÉ PEREGRINO DE CARVALHO;Convencional;RUA CARNEIRO CAMPOS, SN;ILHA DO BISPO;58011440;-7,1267967;-34,89973;ATIVO;ATIVO
07/10/2026;06:28:10;2026;04/10/2026;1;PB;20516;JOÃO PESSOA;64;403;Principal;-1;1929;ESCOLA MUNICIPAL JOSÉ PEREGRINO DE CARVALHO;Convencional;RUA CARNEIRO CAMPOS, SN;ILHA DO BISPO;58011440;-7,1267967;-34,89973;ATIVO;ATIVO
07/10/2026;06:28:10;2026;04/10/2026;1;PB;20516;JOÃO PESSOA;64;404;Principal;-1;1929;ESCOLA MUNICIPAL JOSÉ PEREGRINO DE CARVALHO;Convencional;RUA CARNEIRO CAMPOS, SN;ILHA DO BISPO;58011440;-7,1267967;-34,89973;ATIVO;ATIVO
07/10/2026;06:28:10;2026;04/10/2026;1;PB;20516;JOÃO PESSOA;64;405;Principal;-1;1937;ESCOLA ESTADUAL DE 1 GRAU CONEGO FRANCISCO G DE LIMA;Convencional;AVENIDA PETRONIO DE FIGUEIREDO, S/N;ERNESTO GEISEL;58075410;-7,1772056;-34,8691501;ATIVO;ATIVO
07/10/2026;06:28:10;2026;04/10/2026;1;PB;20516;JOÃO PESSOA;64;406;Principal;-1;1937;ESCOLA ESTADUAL DE 1 GRAU CONEGO FRANCISCO G DE LIMA;Convencional;AVENIDA PETRONIO DE FIGUEIREDO, S/N;ERNESTO GEISEL;58075410;-7,1772056;-34,8691501;ATIVO;ATIVO
07/10/2026;06:28:10;2026;04/10/2026;1;PB;20516;JOÃO PESSOA;64;407;Principal;-1;1937;ESCOLA ESTADUAL DE 1 GRAU CONEGO FRANCISCO G DE LIMA;Convencional;AVENIDA PETRONIO DE FIGUEIREDO, S/N;ERNESTO GEISEL;58075410;-7,1772056;-34,8691501;ATIVO;ATIVO
07/10/2026;06:28:10;2026;04/10/2026;1;PB;20516;JOÃO PESSOA;64;408;Principal;-1;1937;ESCOLA ESTADUAL DE 1 GRAU CONEGO FRANCISCO G DE LIMA;Convencional;AVENIDA PETRONIO DE FIGUEIREDO, S/N;ERNESTO GEISEL;58075410;-7,1772056;-34,8691501;ATIVO;ATIVO
07/10/2026;06:28:10;2026;04/10/2026;1;PB;20516;JOÃO PESSOA;64;409;Principal;-1;1937;ESCOLA ESTADUAL DE 1 GRAU CONEGO FRANCISCO G DE LIMA;Convencional;AVENIDA PETRONIO DE FIGUEIREDO, S/N;ERNESTO GEISEL;58075410;-7,1772056;-34,8691501;ATIVO;ATIVO
07/10/2026;06:28:10;2026;04/10/2026;1;PB;20516;JOÃO PESSOA;64;410;Principal;-1;1937;ESCOLA ESTADUAL DE 1 GRAU CONEGO FRANCISCO G DE LIMA;Convencional;AVENIDA PETRONIO DE FIGUEIREDO, S/N;ERNESTO GEISEL;58075410;-7,1772056;-34,8691501;ATIVO;ATIVO
07/10/2026;06:28:10;2026;04/10/2026;1;PB;20516;JOÃO PESSOA;64;411;Principal;-1;1937;ESCOLA ESTADUAL DE 1 GRAU CONEGO FRANCISCO G DE LIMA;Convencional;AVENIDA PETRONIO DE FIGUEIREDO, S/N;ERNESTO GEISEL;58075410;-7,1772056;-34,8691501;ATIVO;ATIVO
07/10/2026;06:28:10;2026;04/10/2026;1;PB;20516;JOÃO PESSOA;64;412;Principal;-1;1937;ESCOLA ESTADUAL DE 1 GRAU CONEGO FRANCISCO G DE LIMA;Convencional;AVENIDA PETRONIO DE FIGUEIREDO, S/N;ERNESTO GEISEL;58075410;-7,1772056;-34,8691501;ATIVO;ATIVO
07/10/2026;06:28:10;2026;04/10/2026;1;PB;20516;JOÃO PESSOA;64;413;Principal;-1;1937;ESCOLA ESTADUAL DE 1 GRAU CONEGO FRANCISCO G DE LIMA;Convencional;AVENIDA PETRONIO DE FIGUEIREDO, S/N;ERNESTO GEISEL;58075410;-7,1772056;-34,8691501;ATIVO;ATIVO
07/10/2026;06:28:10;2026;04/10/2026;1;PB;20516;JOÃO PESSOA;64;414;Principal;-1;1937;ESCOLA ESTADUAL DE 1 GRAU CONEGO FRANCISCO G DE LIMA;Convencional;AVENIDA PETRONIO DE FIGUEIREDO, S/N;ERNESTO GEISEL;58075410;-7,1772056;-34,8691501;ATIVO;ATIVO
07/10/2026;06:28:10;2026;04/10/2026;1;PB;20516;JOÃO PESSOA;64;415;Principal;-1;1937;ESCOLA ESTADUAL DE 1 GRAU CONEGO FRANCISCO G DE LIMA;Convencional;AVENIDA PETRONIO DE FIGUEIREDO, S/N;ERNESTO GEISEL;58075410;-7,1772056;-34,8691501;ATIVO;ATIVO
07/10/2026;06:28:10;2026;04/10/2026;1;PB;20516;JOÃO PESSOA;64;416;Principal;-1;1937;ESCOLA ESTADUAL DE 1 GRAU CONEGO FRANCISCO G DE LIMA;Convencional;AVENIDA PETRONIO DE FIGUEIREDO, S/N;ERNESTO GEISEL;58075410;-7,1772056;-34,8691501;ATIVO;ATIVO
07/10/2026;06:28:10;2026;04/10/2026;1;PB;20516;JOÃO PESSOA;64;417;Principal;-1;1937;ESCOLA ESTADUAL DE 1 GRAU CONEGO FRANCISCO G DE LIMA;Convencional;AVENIDA PETRONIO DE FIGUEIREDO, S/N;ERNESTO GEISEL;58075410;-7,1772056;-34,8691501;ATIVO;ATIVO
07/10/2026;06:28:10;2026;04/10/2026;1;PB;20516;JOÃO PESSOA;64;418;Principal;-1;1945;ESCOLA MUNICIPAL FENELON CAMARA;Convencional;RUA ADAUTO TOLEDO, 157;ERNESTO GEISEL;58075260;-7,1778534;-34,8674084;ATIVO;ATIVO
07/10/2026;06:28:10;2026;04/10/2026;1;PB;20516;JOÃO PESSOA;64;419;Principal;-1;1945;ESCOLA MUNICIPAL FENELON CAMARA;Convencional;RUA ADAUTO TOLEDO, 157;ERNESTO GEISEL;58075260;-7,1778534;-34,8674084;ATIVO;ATIVO
07/10/2026;06:28:10;2026;04/10/2026;1;PB;20516;JOÃO PESSOA;64;420;Principal;-1;1945;ESCOLA MUNICIPAL FENELON CAMARA;Convencional;RUA ADAUTO TOLEDO, 157;ERNESTO GEISEL;58075260;-7,1778534;-34,8674084;ATIVO;ATIVO
07/10/2026;06:28:10;2026;04/10/2026;1;PB;20516;JOÃO PESSOA;64;421;Principal;-1;1945;ESCOLA MUNICIPAL FENELON CAMARA;Convencional;RUA ADAUTO TOLEDO, 157;ERNESTO GEISEL;58075260;-7,1778534;-34,8674084;ATIVO;ATIVO
07/10/2026;06:28:10;2026;04/10/2026;1;PB;20516;JOÃO PESSOA;64;422;Principal;-1;1945;ESCOLA MUNICIPAL FENELON CAMARA;Convencional;RUA ADAUTO TOLEDO, 157;ERNESTO GEISEL;58075260;-7,1778534;-34,8674084;ATIVO;ATIVO
07/10/2026;06:28:10;2026;04/10/2026;1;PB;20516;JOÃO PESSOA;64;423;Principal;-1;1945;ESCOLA MUNICIPAL FENELON CAMARA;Convencional;RUA ADAUTO TOLEDO, 157;ERNESTO GEISEL;58075260;-7,1778534;-34,8674084;ATIVO;ATIVO
07/10/2026;06:28:10;2026;04/10/2026;1;PB;20516;JOÃO PESSOA;64;424;Principal;-1;1945;ESCOLA MUNICIPAL FENELON CAMARA;Convencional;RUA ADAUTO TOLEDO, 157;ERNESTO GEISEL;58075260;-7,1778534;-34,8674084;ATIVO;ATIVO
07/10/2026;06:28:10;2026;04/10/2026;1;PB;20516;JOÃO PESSOA;64;425;Principal;-1;1945;ESCOLA MUNICIPAL FENELON CAMARA;Convencional;RUA ADAUTO TOLEDO, 157;ERNESTO GEISEL;58075260;-7,1778534;-34,8674084;ATIVO;ATIVO
07/10/2026;06:28:10;2026;04/10/2026;1;PB;20516;JOÃO PESSOA;64;426;Principal;-1;1945;ESCOLA MUNICIPAL FENELON CAMARA;Convencional;RUA ADAUTO TOLEDO, 157;ERNESTO GEISEL;58075260;-7,1778534;-34,8674084;ATIVO;ATIVO
07/10/2026;06:28:10;2026;04/10/2026;1;PB;20516;JOÃO PESSOA;64;427;Principal;-1;1945;ESCOLA MUNICIPAL FENELON CAMARA;Convencional;RUA ADAUTO TOLEDO, 157;ERNESTO GEISEL;58075260;-7,1778534;-34,8674084;ATIVO;ATIVO
07/10/2026;06:28:10;2026;04/10/2026;1;PB;20516;JOÃO PESSOA;64;428;Principal;-1;1953;ESCOLA MUNICIPAL PADRE LEONEL DA FRANCA;Convencional;RUA ANTONIO ARANTES, 160;ERNESTO GEISEL;58075200;-7,1772929;-34,8678892;ATIVO;ATIVO
07/10/2026;06:28:10;2026;04/10/2026;1;PB;20516;JOÃO PESSOA;64;429;Principal;-1;1953;ESCOLA MUNICIPAL PADRE LEONEL DA FRANCA;Convencional;RUA ANTONIO ARANTES, 160;ERNESTO GEISEL;58075200;-7,1772929;-34,8678892;ATIVO;ATIVO
07/10/2026;06:28:10;2026;04/10/2026;1;PB;20516;JOÃO PESSOA;64;430;Principal;-1;1953;ESCOLA MUNICIPAL PADRE LEONEL DA FRANCA;Convencional;RUA ANTONIO ARANTES, 160;ERNESTO GEISEL;58075200;-7,1772929;-34,8678892;ATIVO;ATIVO
07/10/2026;06:28:10;2026;04/10/2026;1;PB;20516;JOÃO PESSOA;64;431;Principal;-1;1953;ESCOLA MUNICIPAL PADRE LEONEL DA FRANCA;Convencional;RUA ANTONIO ARANTES, 160;ERNESTO GEISEL;58075200;-7,1772929;-34,8678892;ATIVO;ATIVO
07/10/2026;06:28:10;2026;04/10/2026;1;PB;20516;JOÃO PESSOA;64;432;Principal;-1;1953;ESCOLA MUNICIPAL PADRE LEONEL DA FRANCA;Convencional;RUA ANTONIO ARANTES, 160;ERNESTO GEISEL;58075200;-7,1772929;-34,8678892;ATIVO;ATIVO
07/10/2026;06:28:10;2026;04/10/2026;1;PB;20516;JOÃO PESSOA;64;433;Principal;-1;1953;ESCOLA MUNICIPAL PADRE LEONEL DA FRANCA;Convencional;RUA ANTONIO ARANTES, 160;ERNESTO GEISEL;58075200;-7,1772929;-34,8678892;ATIVO;ATIVO
07/10/2026;06:28:10;2026;04/10/2026;1;PB;20516;JOÃO PESSOA;64;434;Principal;-1;1953;ESCOLA MUNICIPAL PADRE LEONEL DA FRANCA;Convencional;RUA ANTONIO ARANTES, 160;ERNESTO GEISEL;58075200;-7,1772929;-34,8678892;ATIVO;ATIVO
07/10/2026;06:28:10;2026;04/10/2026;1;PB;20516;JOÃO PESSOA;64;435;Principal;-1;1953;ESCOLA MUNICIPAL PADRE LEONEL DA FRANCA;Convencional;RUA ANTONIO ARANTES, 160;ERNESTO GEISEL;58075200;-7,1772929;-34,8678892;ATIVO;ATIVO
07/10/2026;06:28:10;2026;04/10/2026;1;PB;20516;JOÃO PESSOA;64;436;Principal;-1;1961;ESCOLA MUNICIPAL JOSÉ EUGENIO LINS DE ALBUQUERQUE;Convencional;RUA PEDRO PATRICIO DE SOUZA, S/N;ERNESTO GEISEL;58075730;-7,1812546;-34,8716035;ATIVO;ATIVO
07/10/2026;06:28:10;2026;04/10/2026;1;PB;20516;JOÃO PESSOA;64;437;Principal;-1;1961;ESCOLA MUNICIPAL JOSÉ EUGENIO LINS DE ALBUQUERQUE;Convencional;RUA PEDRO PATRICIO DE SOUZA, S/N;ERNESTO GEISEL;58075730;-7,1812546;-34,8716035;ATIVO;ATIVO
07/10/2026;06:28:10;2026;04/10/2026;1;PB;20516;JOÃO PESSOA;64;438;Principal;-1;1961;ESCOLA MUNICIPAL JOSÉ EUGENIO LINS DE ALBUQUERQUE;Convencional;RUA PEDRO PATRICIO DE SOUZA, S/N;ERNESTO GEISEL;58075730;-7,1812546;-34,8716035;ATIVO;ATIVO
07/10/2026;06:28:10;2026;04/10/2026;1;PB;20516;JOÃO PESSOA;64;439;Principal;-1;1961;ESCOLA MUNICIPAL JOSÉ EUGENIO LINS DE ALBUQUERQUE;Convencional;RUA PEDRO PATRICIO DE SOUZA, S/N;ERNESTO GEISEL;58075730;-7,1812546;-34,8716035;ATIVO;ATIVO
07/10/2026;06:28:10;2026;04/10/2026;1;PB;20516;JOÃO PESSOA;64;440;Principal;-1;1961;ESCOLA MUNICIPAL JOSÉ EUGENIO LINS DE ALBUQUERQUE;Convencional;RUA PEDRO PATRICIO DE SOUZA, S/N;ERNESTO GEISEL;58075730;-7,1812546;-34,8716035;ATIVO;ATIVO
07/10/2026;06:28:10;2026;04/10/2026;1;PB;20516;JOÃO PESSOA;64;441;Principal;-1;1961;ESCOLA MUNICIPAL JOSÉ EUGENIO LINS DE ALBUQUERQUE;Convencional;RUA PEDRO PATRICIO DE SOUZA, S/N;ERNESTO GEISEL;58075730;-7,1812546;-34,8716035;ATIVO;ATIVO
07/10/2026;06:28:10;2026;04/10/2026;1;PB;20516;JOÃO PESSOA;64;442;Principal;-1;1970;ESCOLA ESTADUAL MILTON CAMPOS;Convencional;RUA SEVERINA MARIA DE VASCONCELOS CARVALHO S/N;ERNESTO GEISEL;58077156;-7,1831367;-34,8656679;ATIVO;ATIVO
07/10/2026;06:28:10;2026;04/10/2026;1;PB;20516;JOÃO PESSOA;64;443;Principal;-1;1970;ESCOLA ESTADUAL MILTON CAMPOS;Convencional;RUA SEVERINA MARIA DE VASCONCELOS CARVALHO S/N;ERNESTO GEISEL;58077156;-7,1831367;-34,8656679;ATIVO;ATIVO
07/10/2026;06:28:10;2026;04/10/2026;1;PB;20516;JOÃO PESSOA;64;444;Principal;-1;1970;ESCOLA ESTADUAL MILTON CAMPOS;Convencional;RUA SEVERINA MARIA DE VASCONCELOS CARVALHO S/N;ERNESTO GEISEL;58077156;-7,1831367;-34,8656679;ATIVO;ATIVO
07/10/2026;06:28:10;2026;04/10/2026;1;PB;20516;JOÃO PESSOA;64;445;Principal;-1;1970;ESCOLA ESTADUAL MILTON CAMPOS;Convencional;RUA SEVERINA MARIA DE VASCONCELOS CARVALHO S/N;ERNESTO GEISEL;58077156;-7,1831367;-34,8656679;ATIVO;ATIVO
07/10/2026;06:28:10;2026;04/10/2026;1;PB;20516;JOÃO PESSOA;64;446;Principal;-1;1970;ESCOLA ESTADUAL MILTON CAMPOS;Convencional;RUA SEVERINA MARIA DE VASCONCELOS CARVALHO S/N;ERNESTO GEISEL;58077156;-7,1831367;-34,8656679;ATIVO;ATIVO
07/10/2026;06:28:10;2026;04/10/2026;1;PB;20516;JOÃO PESSOA;64;447;Principal;-1;1970;ESCOLA ESTADUAL MILTON CAMPOS;Convencional;RUA SEVERINA MARIA DE VASCONCELOS CARVALHO S/N;ERNESTO GEISEL;58077156;-7,1831367;-34,8656679;ATIVO;ATIVO
07/10/2026;06:28:10;2026;04/10/2026;1;PB;20516;JOÃO PESSOA;64;448;Principal;-1;1970;ESCOLA ESTADUAL MILTON CAMPOS;Convencional;RUA SEVERINA MARIA DE VASCONCELOS CARVALHO S/N;ERNESTO GEISEL;58077156;-7,1831367;-34,8656679;ATIVO;ATIVO
07/10/2026;06:28:10;2026;04/10/2026;1;PB;20516;JOÃO PESSOA;64;449;Principal;-1;1988;CENEC - ESCOLA CENECISTA JOÃO REGIS AMORIM;Convencional;RUA ADAUTO TOLEDO, S/N;ERNESTO GEISEL;58075260;-7,1778765;-34,8671653;ATIVO;ATIVO
07/10/2026;06:28:10;2026;04/10/2026;1;PB;20516;JOÃO PESSOA;64;450;Principal;-1;1988;CENEC - ESCOLA CENECISTA JOÃO REGIS AMORIM;Convencional;RUA ADAUTO TOLEDO, S/N;ERNESTO GEISEL;58075260;-7,1778765;-34,8671653;ATIVO;ATIVO
07/10/2026;06:28:10;2026;04/10/2026;1;PB;20516;JOÃO PESSOA;64;451;Principal;-1;1988;CENEC - ESCOLA CENECISTA JOÃO REGIS AMORIM;Convencional;RUA ADAUTO TOLEDO, S/N;ERNESTO GEISEL;58075260;-7,1778765;-34,8671653;ATIVO;ATIVO
07/10/2026;06:28:10;2026;04/10/2026;1;PB;20516;JOÃO PESSOA;64;452;Principal;-1;1988;CENEC - ESCOLA CENECISTA JOÃO REGIS AMORIM;Convencional;RUA ADAUTO TOLEDO, S/N;ERNESTO GEISEL;58075260;-7,1778765;-34,8671653;ATIVO;ATIVO
07/10/2026;06:28:10;2026;04/10/2026;1;PB;20516;JOÃO PESSOA;64;453;Principal;-1;1988;CENEC - ESCOLA CENECISTA JOÃO REGIS AMORIM;Convencional;RUA ADAUTO TOLEDO, S/N;ERNESTO GEISEL;58075260;-7,1778765;-34,8671653;ATIVO;ATIVO
07/10/2026;06:28:10;2026;04/10/2026;1;PB;20516;JOÃO PESSOA;64;454;Principal;-1;2100;INSTITUTO DE EDUCAÇÃO DOCE MÃE DE DEUS;Convencional;RUA VICENTE COZZA, S/N;ERNESTO GEISEL;58075420;-7,1815811;-34,8692564;ATIVO;ATIVO
07/10/2026;06:28:10;2026;04/10/2026;1;PB;20516;JOÃO PESSOA;64;455;Principal;-1;2100;INSTITUTO DE EDUCAÇÃO DOCE MÃE DE DEUS;Convencional;RUA VICENTE COZZA, S/N;ERNESTO GEISEL;58075420;-7,1815811;-34,8692564;ATIVO;ATIVO
07/10/2026;06:28:10;2026;04/10/2026;1;PB;20516;JOÃO PESSOA;64;456;Principal;-1;2100;INSTITUTO DE EDUCAÇÃO DOCE MÃE DE DEUS;Convencional;RUA VICENTE COZZA, S/N;ERNESTO GEISEL;58075420;-7,1815811;-34,8692564;ATIVO;ATIVO
07/10/2026;06:28:10;2026;04/10/2026;1;PB;20516;JOÃO PESSOA;64;457;Principal;-1;2100;INSTITUTO DE EDUCAÇÃO DOCE MÃE DE DEUS;Convencional;RUA VICENTE COZZA, S/N;ERNESTO GEISEL;58075420;-7,1815811;-34,8692564;ATIVO;ATIVO
07/10/2026;06:28:10;2026;04/10/2026;1;PB;20516;JOÃO PESSOA;64;458;Principal;-1;2100;INSTITUTO DE EDUCAÇÃO DOCE MÃE DE DEUS;Convencional;RUA VICENTE COZZA, S/N;ERNESTO GEISEL;58075420;-7,1815811;-34,8692564;ATIVO;ATIVO
07/10/2026;06:28:10;2026;04/10/2026;1;PB;20516;JOÃO PESSOA;64;459;Principal;-1;2100;INSTITUTO DE EDUCAÇÃO DOCE MÃE DE DEUS;Convencional;RUA VICENTE COZZA, S/N;ERNESTO GEISEL;58075420;-7,1815811;-34,8692564;ATIVO;ATIVO
07/10/2026;06:28:10;2026;04/10/2026;1;PB;20516;JOÃO PESSOA;64;460;Principal;-1;2100;INSTITUTO DE EDUCAÇÃO DOCE MÃE DE DEUS;Convencional;RUA VICENTE COZZA, S/N;ERNESTO GEISEL;58075420;-7,1815811;-34,8692564;ATIVO;ATIVO
07/10/2026;06:28:10;2026;04/10/2026;1;PB;20516;JOÃO PESSOA;64;461;Principal;-1;2100;INSTITUTO DE EDUCAÇÃO DOCE MÃE DE DEUS;Convencional;RUA VICENTE COZZA, S/N;ERNESTO GEISEL;58075420;-7,1815811;-34,8692564;ATIVO;ATIVO
07/10/2026;06:28:10;2026;04/10/2026;1;PB;20516;JOÃO PESSOA;64;462;Principal;-1;1996;ESCOLA MUNICIPAL FRUTUOSO BARBOSA;Convencional;RUA LOPO GARRO, 2OO;ILHA DO BISPO;58011380;-7,1247083;-34,89997;ATIVO;ATIVO
07/10/2026;06:28:10;2026;04/10/2026;1;PB;20516;JOÃO PESSOA;64;463;Principal;-1;1996;ESCOLA MUNICIPAL FRUTUOSO BARBOSA;Convencional;RUA LOPO GARRO, 2OO;ILHA DO BISPO;58011380;-7,1247083;-34,89997;ATIVO;ATIVO
07/10/2026;06:28:10;2026;04/10/2026;1;PB;20516;JOÃO PESSOA;64;464;Principal;-1;1996;ESCOLA MUNICIPAL FRUTUOSO BARBOSA;Convencional;RUA LOPO GARRO, 2OO;ILHA DO BISPO;58011380;-7,1247083;-34,89997;ATIVO;ATIVO
07/10/2026;06:28:10;2026;04/10/2026;1;PB;20516;JOÃO PESSOA;64;465;Principal;-1;1996;ESCOLA MUNICIPAL FRUTUOSO BARBOSA;Convencional;RUA LOPO GARRO, 2OO;ILHA DO BISPO;58011380;-7,1247083;-34,89997;ATIVO;ATIVO
07/10/2026;06:28:10;2026;04/10/2026;1;PB;20516;JOÃO PESSOA;64;466;Principal;-1;1996;ESCOLA MUNICIPAL FRUTUOSO BARBOSA;Convencional;RUA LOPO GARRO, 2OO;ILHA DO BISPO;58011380;-7,1247083;-34,89997;ATIVO;ATIVO
07/10/2026;06:28:10;2026;04/10/2026;1;PB;20516;JOÃO PESSOA;64;467;Principal;-1;1996;ESCOLA MUNICIPAL FRUTUOSO BARBOSA;Convencional;RUA LOPO GARRO, 2OO;ILHA DO BISPO;58011380;-7,1247083;-34,89997;ATIVO;ATIVO
07/10/2026;06:28:10;2026;04/10/2026;1;PB;20516;JOÃO PESSOA;64;468;Principal;-1;1244;INSTITUTO FEDERAL DE EDUCAÇÃO, CIÊNCIA E TECNOLOGIA DA PARAÍBA;Convencional;AV. PRIMEIRO DE MAIO, 720;JAGUARIBE;58015905;-7,1346067;-34,873385;ATIVO;ATIVO
07/10/2026;06:28:10;2026;04/10/2026;1;PB;20516;JOÃO PESSOA;64;469;Principal;-1;2100;INSTITUTO DE EDUCAÇÃO DOCE MÃE DE DEUS;Convencional;RUA VICENTE COZZA, S/N;ERNESTO GEISEL;58075420;-7,1815811;-34,8692564;ATIVO;ATIVO
07/10/2026;06:28:10;2026;04/10/2026;1;PB;20516;JOÃO PESSOA;64;470;Principal;-1;2020;ESCOLA ESTADUAL DE ENSINO FUND. E MÉDIO LILIOSA DE PAIVA LEITE;Convencional;RUA DOM BOSCO, S/N;CRISTO REDENTOR;58070470;-7,15375;-34,8778567;ATIVO;ATIVO
07/10/2026;06:28:10;2026;04/10/2026;1;PB;20516;JOÃO PESSOA;64;472;Principal;-1;1660;ESCOLA MUNICIPAL DE ENSINO FUND. PROFESSOR DURMEVAL TRIGUEIRO MENDES;Convencional;RUA QUATORZE DE JULHO, 891;RANGEL;58070160;-7,1497917;-34,87283;ATIVO;ATIVO
07/10/2026;06:28:10;2026;04/10/2026;1;PB;20516;JOÃO PESSOA;64;473;Principal;-1;2070;ESCOLA MUNICIPAL AGOSTINHO FONSECA NETO;Convencional;RUA FERNANDO CUNHA LIMA, S/N;CRISTO REDENTOR;58071480;-7,1572876;-34,8822954;ATIVO;ATIVO
07/10/2026;06:28:10;2026;04/10/2026;1;PB;20516;JOÃO PESSOA;64;474;Principal;-1;1783;ESCOLA MUNICIPAL EDUCADOR FRANCISCO PEREIRA DA NOBREGA;Convencional;AV. ELIAS CAVALCANTI DE ALBUQUERQUE, S/N;CRISTO REDENTOR;58070400;-7,1656983;-34,8811683;ATIVO;ATIVO
07/10/2026;06:28:10;2026;04/10/2026;1;PB;20516;JOÃO PESSOA;64;475;Principal;-1;1597;ESCOLA MUNICIPAL DE ENSINO FUNDAMENTAL AMÉRICO FALCÃO;Convencional;RUA DOM BOSCO, 557;CRISTO REDENTOR;58070470;-7,153115;-34,87847;ATIVO;ATIVO
07/10/2026;06:28:10;2026;04/10/2026;1;PB;20516;JOÃO PESSOA;64;476;Principal;-1;1597;ESCOLA MUNICIPAL DE ENSINO FUNDAMENTAL AMÉRICO FALCÃO;Convencional;RUA DOM BOSCO, 557;CRISTO REDENTOR;58070470;-7,153115;-34,87847;ATIVO;ATIVO
07/10/2026;06:28:10;2026;04/10/2026;1;PB;20516;JOÃO PESSOA;64;477;Principal;-1;2089;ESCOLA MUNICIPAL SANTOS DUMONT;Convencional;RUA FREI MIGUELINO, 34;VARADOURO;58011250;-7,1253717;-34,8899433;ATIVO;ATIVO
07/10/2026;06:28:10;2026;04/10/2026;1;PB;20516;JOÃO PESSOA;64;478;Principal;-1;1910;ESCOLA ESTADUAL DE I GRAU RAUL MACHADO;Convencional;RUA CARNEIRO CAMPOS S/N;ILHA DO BISPO;58011440;-7,1260333;-34,8988854;ATIVO;ATIVO
07/10/2026;06:28:10;2026;04/10/2026;1;PB;20516;JOÃO PESSOA;64;479;Principal;-1;1406;ESCOLA ESTADUAL DE 1. GRAU PAPA PAULO VI;Convencional;RUA DEPUTADO JOSE TAVARES, S/N;CRUZ DAS ARMAS;58085730;-7,1496703;-34,8931075;ATIVO;ATIVO
07/10/2026;06:28:10;2026;04/10/2026;1;PB;20516;JOÃO PESSOA;64;480;Principal;-1;2020;ESCOLA ESTADUAL DE ENSINO FUND. E MÉDIO LILIOSA DE PAIVA LEITE;Convencional;RUA DOM BOSCO, S/N;CRISTO REDENTOR;58070470;-7,15375;-34,8778567;ATIVO;ATIVO
07/10/2026;06:28:10;2026;04/10/2026;1;PB;20516;JOÃO PESSOA;64;481;Principal;-1;1350;ESCOLA MUNICIPAL AUGUSTO DOS ANJOS;Convencional;RUA OLÍVIA MARTINS DE ALMEIDA GUERRA, 391;CRISTO REDENTOR;58071430;-7,1604667;-34,8774317;ATIVO;ATIVO
07/10/2026;06:28:10;2026;04/10/2026;1;PB;20516;JOÃO PESSOA;64;482;Principal;-1;1970;ESCOLA ESTADUAL MILTON CAMPOS;Convencional;RUA SEVERINA MARIA DE VASCONCELOS CARVALHO S/N;ERNESTO GEISEL;58077156;-7,1831367;-34,8656679;ATIVO;ATIVO
07/10/2026;06:28:10;2026;04/10/2026;1;PB;20516;JOÃO PESSOA;70;126;Principal;-1;1384;ESCOLA MUNICIPAL VIRGINIUS DA GAMA E MELO;Convencional;RUA COMERCIANTE ANTONIO DE SOUSA LIMA, 30;MANGABEIRA I;58055060;-7,16391348;-34,83751879;ATIVO;ATIVO
07/10/2026;06:28:10;2026;04/10/2026;1;PB;20516;JOÃO PESSOA;70;127;Principal;-1;1384;ESCOLA MUNICIPAL VIRGINIUS DA GAMA E MELO;Convencional;RUA COMERCIANTE ANTONIO DE SOUSA LIMA, 30;MANGABEIRA I;58055060;-7,16391348;-34,83751879;ATIVO;ATIVO
07/10/2026;06:28:10;2026;04/10/2026;1;PB;20516;JOÃO PESSOA;70;128;Principal;-1;2135;ESCOLA MUNICIPAL PROF. JOÃO GADELHA DE OLIVEIRA FILHO;Temporário;RUA IVAN DE ASSIS COSTA, 108;MANGABEIRA VI;58055700;-7,16654358;-34,83567465;ATIVO;ATIVO
07/10/2026;06:28:10;2026;04/10/2026;1;PB;20516;JOÃO PESSOA;70;129;Principal;-1;2135;ESCOLA MUNICIPAL PROF. JOÃO GADELHA DE OLIVEIRA FILHO;Temporário;RUA IVAN DE ASSIS COSTA, 108;MANGABEIRA VI;58055700;-7,16654358;-34,83567465;ATIVO;ATIVO
07/10/2026;06:28:10;2026;04/10/2026;1;PB;20516;JOÃO PESSOA;70;130;Principal;-1;2135;ESCOLA MUNICIPAL PROF. JOÃO GADELHA DE OLIVEIRA FILHO;Temporário;RUA IVAN DE ASSIS COSTA, 108;MANGABEIRA VI;58055700;-7,16654358;-34,83567465;ATIVO;ATIVO
07/10/2026;06:28:10;2026;04/10/2026;1;PB;20516;JOÃO PESSOA;70;131;Principal;-1;2135;ESCOLA MUNICIPAL PROF. JOÃO GADELHA DE OLIVEIRA FILHO;Temporário;RUA IVAN DE ASSIS COSTA, 108;MANGABEIRA VI;58055700;-7,16654358;-34,83567465;ATIVO;ATIVO
07/10/2026;06:28:10;2026;04/10/2026;1;PB;20516;JOÃO PESSOA;70;132;Principal;-1;1406;ESCOLA MUNICIPAL DAVID TRINDADE;Convencional;RUA JOSÉ MENDONCA DE ARAUJO, 88;MANGABEIRA I;58056380;-7,17546852;-34,84202205;ATIVO;ATIVO
07/10/2026;06:28:10;2026;04/10/2026;1;PB;20516;JOÃO PESSOA;70;133;Principal;-1;1406;ESCOLA MUNICIPAL DAVID TRINDADE;Convencional;RUA JOSÉ MENDONCA DE ARAUJO, 88;MANGABEIRA I;58056380;-7,17546852;-34,84202205;ATIVO;ATIVO
07/10/2026;06:28:10;2026;04/10/2026;1;PB;20516;JOÃO PESSOA;70;134;Principal;-1;1406;ESCOLA MUNICIPAL DAVID TRINDADE;Convencional;RUA JOSÉ MENDONCA DE ARAUJO, 88;MANGABEIRA I;58056380;-7,17546852;-34,84202205;ATIVO;ATIVO
07/10/2026;06:28:10;2026;04/10/2026;1;PB;20516;JOÃO PESSOA;70;135;Principal;-1;1406;ESCOLA MUNICIPAL DAVID TRINDADE;Convencional;RUA JOSÉ MENDONCA DE ARAUJO, 88;MANGABEIRA I;58056380;-7,17546852;-34,84202205;ATIVO;ATIVO
07/10/2026;06:28:10;2026;04/10/2026;1;PB;20516;JOÃO PESSOA;70;136;Principal;-1;1406;ESCOLA MUNICIPAL DAVID TRINDADE;Convencional;RUA JOSÉ MENDONCA DE ARAUJO, 88;MANGABEIRA I;58056380;-7,17546852;-34,84202205;ATIVO;ATIVO
07/10/2026;06:28:10;2026;04/10/2026;1;PB;20516;JOÃO PESSOA;70;137;Principal;-1;1406;ESCOLA MUNICIPAL DAVID TRINDADE;Convencional;RUA JOSÉ MENDONCA DE ARAUJO, 88;MANGABEIRA I;58056380;-7,17546852;-34,84202205;ATIVO;ATIVO
07/10/2026;06:28:10;2026;04/10/2026;1;PB;20516;JOÃO PESSOA;70;138;Principal;-1;1406;ESCOLA MUNICIPAL DAVID TRINDADE;Convencional;RUA JOSÉ MENDONCA DE ARAUJO, 88;MANGABEIRA I;58056380;-7,17546852;-34,84202205;ATIVO;ATIVO
07/10/2026;06:28:10;2026;04/10/2026;1;PB;20516;JOÃO PESSOA;70;139;Principal;-1;1406;ESCOLA MUNICIPAL DAVID TRINDADE;Convencional;RUA JOSÉ MENDONCA DE ARAUJO, 88;MANGABEIRA I;58056380;-7,17546852;-34,84202205;ATIVO;ATIVO
07/10/2026;06:28:10;2026;04/10/2026;1;PB;20516;JOÃO PESSOA;70;140;Principal;-1;1406;ESCOLA MUNICIPAL DAVID TRINDADE;Convencional;RUA JOSÉ MENDONCA DE ARAUJO, 88;MANGABEIRA I;58056380;-7,17546852;-34,84202205;ATIVO;ATIVO
07/10/2026;06:28:10;2026;04/10/2026;1;PB;20516;JOÃO PESSOA;70;141;Principal;-1;1406;ESCOLA MUNICIPAL DAVID TRINDADE;Convencional;RUA JOSÉ MENDONCA DE ARAUJO, 88;MANGABEIRA I;58056380;-7,17546852;-34,84202205;ATIVO;ATIVO
07/10/2026;06:28:10;2026;04/10/2026;1;PB;20516;JOÃO PESSOA;70;142;Principal;-1;1414;ESCOLA ESTADUAL PROFESSORA MARIA JACY COSTA;Convencional;RUA DRÁUZIO FÉRRER, 77;MANGABEIRA II;58057360;-7,18008889;-34,84355808;ATIVO;ATIVO
07/10/2026;06:28:10;2026;04/10/2026;1;PB;20516;JOÃO PESSOA;70;143;Principal;-1;1414;ESCOLA ESTADUAL PROFESSORA MARIA JACY COSTA;Convencional;RUA DRÁUZIO FÉRRER, 77;MANGABEIRA II;58057360;-7,18008889;-34,84355808;ATIVO;ATIVO
07/10/2026;06:28:10;2026;04/10/2026;1;PB;20516;JOÃO PESSOA;70;144;Principal;-1;1414;ESCOLA ESTADUAL PROFESSORA MARIA JACY COSTA;Convencional;RUA DRÁUZIO FÉRRER, 77;MANGABEIRA II;58057360;-7,18008889;-34,84355808;ATIVO;ATIVO
07/10/2026;06:28:10;2026;04/10/2026;1;PB;20516;JOÃO PESSOA;70;145;Principal;-1;1414;ESCOLA ESTADUAL PROFESSORA MARIA JACY COSTA;Convencional;RUA DRÁUZIO FÉRRER, 77;MANGABEIRA II;58057360;-7,18008889;-34,84355808;ATIVO;ATIVO
07/10/2026;06:28:10;2026;04/10/2026;1;PB;20516;JOÃO PESSOA;70;146;Principal;-1;1414;ESCOLA ESTADUAL PROFESSORA MARIA JACY COSTA;Convencional;RUA DRÁUZIO FÉRRER, 77;MANGABEIRA II;58057360;-7,18008889;-34,84355808;ATIVO;ATIVO
07/10/2026;06:28:10;2026;04/10/2026;1;PB;20516;JOÃO PESSOA;70;147;Principal;-1;1414;ESCOLA ESTADUAL PROFESSORA MARIA JACY COSTA;Convencional;RUA DRÁUZIO FÉRRER, 77;MANGABEIRA II;58057360;-7,18008889;-34,84355808;ATIVO;ATIVO
07/10/2026;06:28:10;2026;04/10/2026;1;PB;20516;JOÃO PESSOA;70;148;Principal;-1;1414;ESCOLA ESTADUAL PROFESSORA MARIA JACY COSTA;Convencional;RUA DRÁUZIO FÉRRER, 77;MANGABEIRA II;58057360;-7,18008889;-34,84355808;ATIVO;ATIVO
07/10/2026;06:28:10;2026;04/10/2026;1;PB;20516;JOÃO PESSOA;70;149;Principal;-1;1929;ESCOLA ESTADUAL JOÃO ROBERTO BORGES DE SOUZA;Convencional;RUA OSÓRIO MILANÊS FILHO, S/N;MANGABEIRA II;58056280;-7,17816687;-34,83935875;ATIVO;ATIVO
07/10/2026;06:28:10;2026;04/10/2026;1;PB;20516;JOÃO PESSOA;70;150;Principal;-1;1929;ESCOLA ESTADUAL JOÃO ROBERTO BORGES DE SOUZA;Convencional;RUA OSÓRIO MILANÊS FILHO, S/N;MANGABEIRA II;58056280;-7,17816687;-34,83935875;ATIVO;ATIVO
07/10/2026;06:28:10;2026;04/10/2026;1;PB;20516;JOÃO PESSOA;70;151;Principal;-1;1929;ESCOLA ESTADUAL JOÃO ROBERTO BORGES DE SOUZA;Convencional;RUA OSÓRIO MILANÊS FILHO, S/N;MANGABEIRA II;58056280;-7,17816687;-34,83935875;ATIVO;ATIVO
07/10/2026;06:28:10;2026;04/10/2026;1;PB;20516;JOÃO PESSOA;70;152;Principal;-1;1422;ESCOLA  ESTADUAL LUIZ GONZAGA DE OLIVEIRA;Convencional;RUA JANDUI DANTAS DO NASCIMENTO, S/N;MANGABEIRA I;58056140;-7,17152156;-34,83816392;ATIVO;ATIVO
07/10/2026;06:28:10;2026;04/10/2026;1;PB;20516;JOÃO PESSOA;70;153;Principal;-1;1422;ESCOLA  ESTADUAL LUIZ GONZAGA DE OLIVEIRA;Convencional;RUA JANDUI DANTAS DO NASCIMENTO, S/N;MANGABEIRA I;58056140;-7,17152156;-34,83816392;ATIVO;ATIVO
07/10/2026;06:28:10;2026;04/10/2026;1;PB;20516;JOÃO PESSOA;70;154;Principal;-1;1422;ESCOLA  ESTADUAL LUIZ GONZAGA DE OLIVEIRA;Convencional;RUA JANDUI DANTAS DO NASCIMENTO, S/N;MANGABEIRA I;58056140;-7,17152156;-34,83816392;ATIVO;ATIVO
07/10/2026;06:28:10;2026;04/10/2026;1;PB;20516;JOÃO PESSOA;70;155;Principal;-1;1422;ESCOLA  ESTADUAL LUIZ GONZAGA DE OLIVEIRA;Convencional;RUA JANDUI DANTAS DO NASCIMENTO, S/N;MANGABEIRA I;58056140;-7,17152156;-34,83816392;ATIVO;ATIVO
07/10/2026;06:28:10;2026;04/10/2026;1;PB;20516;JOÃO PESSOA;70;156;Principal;-1;1422;ESCOLA  ESTADUAL LUIZ GONZAGA DE OLIVEIRA;Convencional;RUA JANDUI DANTAS DO NASCIMENTO, S/N;MANGABEIRA I;58056140;-7,17152156;-34,83816392;ATIVO;ATIVO
07/10/2026;06:28:10;2026;04/10/2026;1;PB;20516;JOÃO PESSOA;70;157;Principal;-1;1422;ESCOLA  ESTADUAL LUIZ GONZAGA DE OLIVEIRA;Convencional;RUA JANDUI DANTAS DO NASCIMENTO, S/N;MANGABEIRA I;58056140;-7,17152156;-34,83816392;ATIVO;ATIVO
07/10/2026;06:28:10;2026;04/10/2026;1;PB;20516;JOÃO PESSOA;70;158;Principal;-1;1430;ESCOLA ESTADUAL COMPOSITOR LUIZ RAMALHO;Convencional;RUA COMERCIANTE ALFREDO FERREIRA DA ROCHA, S/N;MANGABEIRA I;58055540;-7,16821006;-34,84232515;ATIVO;ATIVO
07/10/2026;06:28:10;2026;04/10/2026;1;PB;20516;JOÃO PESSOA;70;159;Principal;-1;1430;ESCOLA ESTADUAL COMPOSITOR LUIZ RAMALHO;Convencional;RUA COMERCIANTE ALFREDO FERREIRA DA ROCHA, S/N;MANGABEIRA I;58055540;-7,16821006;-34,84232515;ATIVO;ATIVO
07/10/2026;06:28:10;2026;04/10/2026;1;PB;20516;JOÃO PESSOA;70;160;Principal;-1;1430;ESCOLA ESTADUAL COMPOSITOR LUIZ RAMALHO;Convencional;RUA COMERCIANTE ALFREDO FERREIRA DA ROCHA, S/N;MANGABEIRA I;58055540;-7,16821006;-34,84232515;ATIVO;ATIVO
07/10/2026;06:28:10;2026;04/10/2026;1;PB;20516;JOÃO PESSOA;70;161;Principal;-1;1430;ESCOLA ESTADUAL COMPOSITOR LUIZ RAMALHO;Convencional;RUA COMERCIANTE ALFREDO FERREIRA DA ROCHA, S/N;MANGABEIRA I;58055540;-7,16821006;-34,84232515;ATIVO;ATIVO
07/10/2026;06:28:10;2026;04/10/2026;1;PB;20516;JOÃO PESSOA;70;162;Principal;-1;1430;ESCOLA ESTADUAL COMPOSITOR LUIZ RAMALHO;Convencional;RUA COMERCIANTE ALFREDO FERREIRA DA ROCHA, S/N;MANGABEIRA I;58055540;-7,16821006;-34,84232515;ATIVO;ATIVO
07/10/2026;06:28:10;2026;04/10/2026;1;PB;20516;JOÃO PESSOA;70;163;Principal;-1;1430;ESCOLA ESTADUAL COMPOSITOR LUIZ RAMALHO;Convencional;RUA COMERCIANTE ALFREDO FERREIRA DA ROCHA, S/N;MANGABEIRA I;58055540;-7,16821006;-34,84232515;ATIVO;ATIVO
07/10/2026;06:28:10;2026;04/10/2026;1;PB;20516;JOÃO PESSOA;70;164;Principal;-1;1430;ESCOLA ESTADUAL COMPOSITOR LUIZ RAMALHO;Convencional;RUA COMERCIANTE ALFREDO FERREIRA DA ROCHA, S/N;MANGABEIRA I;58055540;-7,16821006;-34,84232515;ATIVO;ATIVO
07/10/2026;06:28:10;2026;04/10/2026;1;PB;20516;JOÃO PESSOA;70;165;Principal;-1;1430;ESCOLA ESTADUAL COMPOSITOR LUIZ RAMALHO;Convencional;RUA COMERCIANTE ALFREDO FERREIRA DA ROCHA, S/N;MANGABEIRA I;58055540;-7,16821006;-34,84232515;ATIVO;ATIVO
07/10/2026;06:28:10;2026;04/10/2026;1;PB;20516;JOÃO PESSOA;70;166;Principal;-1;1350;ESCOLA ESTADUAL MARIA JOSÉ SILVA PINTO COSTA;Convencional;RUA FRANCISCO PEREIRA DE SOUZA, 130;MANGABEIRA I;58055440;-7,16960575;-34,84136406;ATIVO;ATIVO
07/10/2026;06:28:10;2026;04/10/2026;1;PB;20516;JOÃO PESSOA;70;167;Principal;-1;1350;ESCOLA ESTADUAL MARIA JOSÉ SILVA PINTO COSTA;Convencional;RUA FRANCISCO PEREIRA DE SOUZA, 130;MANGABEIRA I;58055440;-7,16960575;-34,84136406;ATIVO;ATIVO
07/10/2026;06:28:10;2026;04/10/2026;1;PB;20516;JOÃO PESSOA;70;168;Principal;-1;1350;ESCOLA ESTADUAL MARIA JOSÉ SILVA PINTO COSTA;Convencional;RUA FRANCISCO PEREIRA DE SOUZA, 130;MANGABEIRA I;58055440;-7,16960575;-34,84136406;ATIVO;ATIVO
07/10/2026;06:28:10;2026;04/10/2026;1;PB;20516;JOÃO PESSOA;70;169;Principal;-1;1449;ESCOLA MUNICIPAL CARLOS NEVES DA FRANCA;Convencional;RUA LEILA DINIZ, 244;JOSE AMERICO DE ALMEIDA;58073180;-7,16731256;-34,8542152;BLOQUEADO;ATIVO
07/10/2026;06:28:10;2026;04/10/2026;1;PB;20516;JOÃO PESSOA;70;170;Principal;-1;1449;ESCOLA MUNICIPAL CARLOS NEVES DA FRANCA;Convencional;RUA LEILA DINIZ, 244;JOSE AMERICO DE ALMEIDA;58073180;-7,16731256;-34,8542152;BLOQUEADO;ATIVO
07/10/2026;06:28:10;2026;04/10/2026;1;PB;20516;JOÃO PESSOA;70;171;Principal;-1;1449;ESCOLA MUNICIPAL CARLOS NEVES DA FRANCA;Convencional;RUA LEILA DINIZ, 244;JOSE AMERICO DE ALMEIDA;58073180;-7,16731256;-34,8542152;BLOQUEADO;ATIVO
07/10/2026;06:28:10;2026;04/10/2026;1;PB;20516;JOÃO PESSOA;70;172;Principal;-1;1457;ESCOLA MUNICIPAL MINISTRO JOSÉ AMÉRICO DE ALMEIDA;Convencional;RUA CORONEL AUGUSTO FERNANDES MAIA, 307;JOSE AMERICO DE ALMEIDA;58073000;-7,16806571;-34,8567064;ATIVO;ATIVO
07/10/2026;06:28:10;2026;04/10/2026;1;PB;20516;JOÃO PESSOA;70;173;Principal;-1;1457;ESCOLA MUNICIPAL MINISTRO JOSÉ AMÉRICO DE ALMEIDA;Convencional;RUA CORONEL AUGUSTO FERNANDES MAIA, 307;JOSE AMERICO DE ALMEIDA;58073000;-7,16806571;-34,8567064;ATIVO;ATIVO
07/10/2026;06:28:10;2026;04/10/2026;1;PB;20516;JOÃO PESSOA;70;174;Principal;-1;1457;ESCOLA MUNICIPAL MINISTRO JOSÉ AMÉRICO DE ALMEIDA;Convencional;RUA CORONEL AUGUSTO FERNANDES MAIA, 307;JOSE AMERICO DE ALMEIDA;58073000;-7,16806571;-34,8567064;ATIVO;ATIVO
07/10/2026;06:28:10;2026;04/10/2026;1;PB;20516;JOÃO PESSOA;70;175;Principal;-1;1457;ESCOLA MUNICIPAL MINISTRO JOSÉ AMÉRICO DE ALMEIDA;Convencional;RUA CORONEL AUGUSTO FERNANDES MAIA, 307;JOSE AMERICO DE ALMEIDA;58073000;-7,16806571;-34,8567064;ATIVO;ATIVO
07/10/2026;06:28:10;2026;04/10/2026;1;PB;20516;JOÃO PESSOA;70;202;Principal;-1;1503;ESCOLA ESTADUAL PROFESSORA ADÉLIA DE FRANCA;Convencional;RUA JOAO RAIMUNDO DE LUCENA, S/N;VALENTINA DE FIGUEIREDO I;58063620;-7,20511857;-34,84858689;ATIVO;ATIVO
07/10/2026;06:28:10;2026;04/10/2026;1;PB;20516;JOÃO PESSOA;70;203;Principal;-1;1503;ESCOLA ESTADUAL PROFESSORA ADÉLIA DE FRANCA;Convencional;RUA JOAO RAIMUNDO DE LUCENA, S/N;VALENTINA DE FIGUEIREDO I;58063620;-7,20511857;-34,84858689;ATIVO;ATIVO
07/10/2026;06:28:10;2026;04/10/2026;1;PB;20516;JOÃO PESSOA;70;204;Principal;-1;1503;ESCOLA ESTADUAL PROFESSORA ADÉLIA DE FRANCA;Convencional;RUA JOAO RAIMUNDO DE LUCENA, S/N;VALENTINA DE FIGUEIREDO I;58063620;-7,20511857;-34,84858689;ATIVO;ATIVO
07/10/2026;06:28:10;2026;04/10/2026;1;PB;20516;JOÃO PESSOA;70;205;Principal;-1;1503;ESCOLA ESTADUAL PROFESSORA ADÉLIA DE FRANCA;Convencional;RUA JOAO RAIMUNDO DE LUCENA, S/N;VALENTINA DE FIGUEIREDO I;58063620;-7,20511857;-34,84858689;ATIVO;ATIVO
07/10/2026;06:28:10;2026;04/10/2026;1;PB;20516;JOÃO PESSOA;70;206;Principal;-1;1503;ESCOLA ESTADUAL PROFESSORA ADÉLIA DE FRANCA;Convencional;RUA JOAO RAIMUNDO DE LUCENA, S/N;VALENTINA DE FIGUEIREDO I;58063620;-7,20511857;-34,84858689;ATIVO;ATIVO
07/10/2026;06:28:10;2026;04/10/2026;1;PB;20516;JOÃO PESSOA;70;207;Principal;-1;1503;ESCOLA ESTADUAL PROFESSORA ADÉLIA DE FRANCA;Convencional;RUA JOAO RAIMUNDO DE LUCENA, S/N;VALENTINA DE FIGUEIREDO I;58063620;-7,20511857;-34,84858689;ATIVO;ATIVO
07/10/2026;06:28:10;2026;04/10/2026;1;PB;20516;JOÃO PESSOA;70;208;Principal;-1;1511;ESCOLA ESTADUAL PROFESSOR CELESTIN MALZAC;Convencional;RUA PROFESSORA ZENAIDE BRASILINO, S/N;VALENTINA DE FIGUEIREDO I;58063320;-7,19991979;-34,85206378;ATIVO;ATIVO
07/10/2026;06:28:10;2026;04/10/2026;1;PB;20516;JOÃO PESSOA;70;209;Principal;-1;1511;ESCOLA ESTADUAL PROFESSOR CELESTIN MALZAC;Convencional;RUA PROFESSORA ZENAIDE BRASILINO, S/N;VALENTINA DE FIGUEIREDO I;58063320;-7,19991979;-34,85206378;ATIVO;ATIVO
07/10/2026;06:28:10;2026;04/10/2026;1;PB;20516;JOÃO PESSOA;70;210;Principal;-1;1511;ESCOLA ESTADUAL PROFESSOR CELESTIN MALZAC;Convencional;RUA PROFESSORA ZENAIDE BRASILINO, S/N;VALENTINA DE FIGUEIREDO I;58063320;-7,19991979;-34,85206378;ATIVO;ATIVO
07/10/2026;06:28:10;2026;04/10/2026;1;PB;20516;JOÃO PESSOA;70;211;Principal;-1;1511;ESCOLA ESTADUAL PROFESSOR CELESTIN MALZAC;Convencional;RUA PROFESSORA ZENAIDE BRASILINO, S/N;VALENTINA DE FIGUEIREDO I;58063320;-7,19991979;-34,85206378;ATIVO;ATIVO
07/10/2026;06:28:10;2026;04/10/2026;1;PB;20516;JOÃO PESSOA;70;212;Principal;-1;1520;ESCOLA ESTADUAL DOUTOR JOÃO NAVARRO FILHO;Convencional;RUA PROFESSORA MARIA ALEXANDRINA, 51;VALENTINA DE FIGUEIREDO I;58064375;-7,20225977;-34,85238451;ATIVO;ATIVO
07/10/2026;06:28:10;2026;04/10/2026;1;PB;20516;JOÃO PESSOA;70;213;Principal;-1;1520;ESCOLA ESTADUAL DOUTOR JOÃO NAVARRO FILHO;Convencional;RUA PROFESSORA MARIA ALEXANDRINA, 51;VALENTINA DE FIGUEIREDO I;58064375;-7,20225977;-34,85238451;ATIVO;ATIVO
07/10/2026;06:28:10;2026;04/10/2026;1;PB;20516;JOÃO PESSOA;70;214;Principal;-1;1520;ESCOLA ESTADUAL DOUTOR JOÃO NAVARRO FILHO;Convencional;RUA PROFESSORA MARIA ALEXANDRINA, 51;VALENTINA DE FIGUEIREDO I;58064375;-7,20225977;-34,85238451;ATIVO;ATIVO
07/10/2026;06:28:10;2026;04/10/2026;1;PB;20516;JOÃO PESSOA;70;215;Principal;-1;1520;ESCOLA ESTADUAL DOUTOR JOÃO NAVARRO FILHO;Convencional;RUA PROFESSORA MARIA ALEXANDRINA, 51;VALENTINA DE FIGUEIREDO I;58064375;-7,20225977;-34,85238451;ATIVO;ATIVO
07/10/2026;06:28:10;2026;04/10/2026;1;PB;20516;JOÃO PESSOA;70;216;Principal;-1;1538;ESCOLA ESTADUAL PROFESSOR OLÍVIO PINTO;Convencional;RUA ULISSES ALVES PEQUENO, S/N;VALENTINA DE FIGUEIREDO I;58064580;-7,2069954;-34,84331291;ATIVO;ATIVO
07/10/2026;06:28:10;2026;04/10/2026;1;PB;20516;JOÃO PESSOA;70;217;Principal;-1;1538;ESCOLA ESTADUAL PROFESSOR OLÍVIO PINTO;Convencional;RUA ULISSES ALVES PEQUENO, S/N;VALENTINA DE FIGUEIREDO I;58064580;-7,2069954;-34,84331291;ATIVO;ATIVO
07/10/2026;06:28:10;2026;04/10/2026;1;PB;20516;JOÃO PESSOA;70;218;Principal;-1;1538;ESCOLA ESTADUAL PROFESSOR OLÍVIO PINTO;Convencional;RUA ULISSES ALVES PEQUENO, S/N;VALENTINA DE FIGUEIREDO I;58064580;-7,2069954;-34,84331291;ATIVO;ATIVO
07/10/2026;06:28:10;2026;04/10/2026;1;PB;20516;JOÃO PESSOA;70;219;Principal;-1;1538;ESCOLA ESTADUAL PROFESSOR OLÍVIO PINTO;Convencional;RUA ULISSES ALVES PEQUENO, S/N;VALENTINA DE FIGUEIREDO I;58064580;-7,2069954;-34,84331291;ATIVO;ATIVO
07/10/2026;06:28:10;2026;04/10/2026;1;PB;20516;JOÃO PESSOA;70;220;Principal;-1;1538;ESCOLA ESTADUAL PROFESSOR OLÍVIO PINTO;Convencional;RUA ULISSES ALVES PEQUENO, S/N;VALENTINA DE FIGUEIREDO I;58064580;-7,2069954;-34,84331291;ATIVO;ATIVO
07/10/2026;06:28:10;2026;04/10/2026;1;PB;20516;JOÃO PESSOA;70;221;Principal;-1;1538;ESCOLA ESTADUAL PROFESSOR OLÍVIO PINTO;Convencional;RUA ULISSES ALVES PEQUENO, S/N;VALENTINA DE FIGUEIREDO I;58064580;-7,2069954;-34,84331291;ATIVO;ATIVO
07/10/2026;06:28:10;2026;04/10/2026;1;PB;20516;JOÃO PESSOA;70;222;Principal;-1;1546;ESCOLA MUNICIPAL PROFESSORA TÉRCIA BONAVIDES LINS;Convencional;RUA VEREADOR FRANCISCO LEITE CAVALCANTE, 315;VALENTINA DE FIGUEIREDO I;58064280;-7,19940811;-34,83919037;ATIVO;ATIVO
07/10/2026;06:28:10;2026;04/10/2026;1;PB;20516;JOÃO PESSOA;70;223;Principal;-1;1546;ESCOLA MUNICIPAL PROFESSORA TÉRCIA BONAVIDES LINS;Convencional;RUA VEREADOR FRANCISCO LEITE CAVALCANTE, 315;VALENTINA DE FIGUEIREDO I;58064280;-7,19940811;-34,83919037;ATIVO;ATIVO
07/10/2026;06:28:10;2026;04/10/2026;1;PB;20516;JOÃO PESSOA;70;224;Principal;-1;1546;ESCOLA MUNICIPAL PROFESSORA TÉRCIA BONAVIDES LINS;Convencional;RUA VEREADOR FRANCISCO LEITE CAVALCANTE, 315;VALENTINA DE FIGUEIREDO I;58064280;-7,19940811;-34,83919037;ATIVO;ATIVO
07/10/2026;06:28:10;2026;04/10/2026;1;PB;20516;JOÃO PESSOA;70;225;Principal;-1;1546;ESCOLA MUNICIPAL PROFESSORA TÉRCIA BONAVIDES LINS;Convencional;RUA VEREADOR FRANCISCO LEITE CAVALCANTE, 315;VALENTINA DE FIGUEIREDO I;58064280;-7,19940811;-34,83919037;ATIVO;ATIVO
07/10/2026;06:28:10;2026;04/10/2026;1;PB;20516;JOÃO PESSOA;70;226;Principal;-1;1546;ESCOLA MUNICIPAL PROFESSORA TÉRCIA BONAVIDES LINS;Convencional;RUA VEREADOR FRANCISCO LEITE CAVALCANTE, 315;VALENTINA DE FIGUEIREDO I;58064280;-7,19940811;-34,83919037;ATIVO;ATIVO
07/10/2026;06:28:10;2026;04/10/2026;1;PB;20516;JOÃO PESSOA;70;227;Principal;-1;1546;ESCOLA MUNICIPAL PROFESSORA TÉRCIA BONAVIDES LINS;Convencional;RUA VEREADOR FRANCISCO LEITE CAVALCANTE, 315;VALENTINA DE FIGUEIREDO I;58064280;-7,19940811;-34,83919037;ATIVO;ATIVO
07/10/2026;06:28:10;2026;04/10/2026;1;PB;20516;JOÃO PESSOA;70;288;Principal;-1;1422;ESCOLA  ESTADUAL LUIZ GONZAGA DE OLIVEIRA;Convencional;RUA JANDUI DANTAS DO NASCIMENTO, S/N;MANGABEIRA I;58056140;-7,17152156;-34,83816392;ATIVO;ATIVO
07/10/2026;06:28:10;2026;04/10/2026;1;PB;20516;JOÃO PESSOA;70;289;Principal;-1;1902;ESCOLA MUNICIPAL ZUMBI DOS PALMARES;Convencional;RUA RITA XAVIER DE OLIVEIRA, S/N;MANGABEIRA VI;58055020;-7,17027032;-34,83671567;ATIVO;ATIVO
07/10/2026;06:28:10;2026;04/10/2026;1;PB;20516;JOÃO PESSOA;70;300;Principal;-1;1775;CPDAC - CENTRO PROFISSIONALIZANTE ANTONIO CABRAL;Convencional;AVENIDA AVELINO DOS SANTOS, S/N;VALENTINA DE FIGUEIREDO II;58064550;-7,20204106;-34,84576121;ATIVO;ATIVO
07/10/2026;06:28:10;2026;04/10/2026;1;PB;20516;JOÃO PESSOA;70;302;Principal;-1;1384;ESCOLA MUNICIPAL VIRGINIUS DA GAMA E MELO;Convencional;RUA COMERCIANTE ANTONIO DE SOUSA LIMA, 30;MANGABEIRA I;58055060;-7,16391348;-34,83751879;ATIVO;ATIVO
07/10/2026;06:28:10;2026;04/10/2026;1;PB;20516;JOÃO PESSOA;70;304;Principal;-1;1384;ESCOLA MUNICIPAL VIRGINIUS DA GAMA E MELO;Convencional;RUA COMERCIANTE ANTONIO DE SOUSA LIMA, 30;MANGABEIRA I;58055060;-7,16391348;-34,83751879;ATIVO;ATIVO
07/10/2026;06:28:10;2026;04/10/2026;1;PB;20516;JOÃO PESSOA;70;305;Principal;-1;1384;ESCOLA MUNICIPAL VIRGINIUS DA GAMA E MELO;Convencional;RUA COMERCIANTE ANTONIO DE SOUSA LIMA, 30;MANGABEIRA I;58055060;-7,16391348;-34,83751879;ATIVO;ATIVO
07/10/2026;06:28:10;2026;04/10/2026;1;PB;20516;JOÃO PESSOA;70;310;Principal;-1;1783;ESCOLA ESTADUAL PROFESSORA MARIA BRONZEADO MACHADO;Convencional;RUA ADAUTO DANTAS, S/N;MANGABEIRA II;58057620;-7,18097445;-34,8457445;BLOQUEADO;ATIVO
07/10/2026;06:28:10;2026;04/10/2026;1;PB;20516;JOÃO PESSOA;70;316;Principal;-1;1511;ESCOLA ESTADUAL PROFESSOR CELESTIN MALZAC;Convencional;RUA PROFESSORA ZENAIDE BRASILINO, S/N;VALENTINA DE FIGUEIREDO I;58063320;-7,19991979;-34,85206378;ATIVO;ATIVO
07/10/2026;06:28:10;2026;04/10/2026;1;PB;20516;JOÃO PESSOA;70;333;Principal;-1;1384;ESCOLA MUNICIPAL VIRGINIUS DA GAMA E MELO;Convencional;RUA COMERCIANTE ANTONIO DE SOUSA LIMA, 30;MANGABEIRA I;58055060;-7,16391348;-34,83751879;ATIVO;ATIVO
07/10/2026;06:28:10;2026;04/10/2026;1;PB;20516;JOÃO PESSOA;70;336;Principal;-1;1775;CPDAC - CENTRO PROFISSIONALIZANTE ANTONIO CABRAL;Convencional;AVENIDA AVELINO DOS SANTOS, S/N;VALENTINA DE FIGUEIREDO II;58064550;-7,20204106;-34,84576121;ATIVO;ATIVO
07/10/2026;06:28:10;2026;04/10/2026;1;PB;20516;JOÃO PESSOA;70;337;Principal;-1;2135;ESCOLA MUNICIPAL PROF. JOÃO GADELHA DE OLIVEIRA FILHO;Temporário;RUA IVAN DE ASSIS COSTA, 108;MANGABEIRA VI;58055700;-7,16654358;-34,83567465;ATIVO;ATIVO
07/10/2026;06:28:10;2026;04/10/2026;1;PB;20516;JOÃO PESSOA;70;341;Principal;-1;1520;ESCOLA ESTADUAL DOUTOR JOÃO NAVARRO FILHO;Convencional;RUA PROFESSORA MARIA ALEXANDRINA, 51;VALENTINA DE FIGUEIREDO I;58064375;-7,20225977;-34,85238451;ATIVO;ATIVO
07/10/2026;06:28:10;2026;04/10/2026;1;PB;20516;JOÃO PESSOA;70;342;Principal;-1;1350;ESCOLA ESTADUAL MARIA JOSÉ SILVA PINTO COSTA;Convencional;RUA FRANCISCO PEREIRA DE SOUZA, 130;MANGABEIRA I;58055440;-7,16960575;-34,84136406;ATIVO;ATIVO
07/10/2026;06:28:10;2026;04/10/2026;1;PB;20516;JOÃO PESSOA;70;346;Principal;-1;1830;CENTRO DA CIDADANIA OTAVIANO FERNANDES COUTINHO;Convencional;RUA JANDUI DANTAS DO NASCIMENTO, S/N;MANGABEIRA I;58056140;-7,17091291;-34,83813831;ATIVO;ATIVO
07/10/2026;06:28:10;2026;04/10/2026;1;PB;20516;JOÃO PESSOA;70;347;Principal;-1;1783;ESCOLA ESTADUAL PROFESSORA MARIA BRONZEADO MACHADO;Convencional;RUA ADAUTO DANTAS, S/N;MANGABEIRA II;58057620;-7,18097445;-34,8457445;BLOQUEADO;ATIVO
07/10/2026;06:28:10;2026;04/10/2026;1;PB;20516;JOÃO PESSOA;70;351;Principal;-1;1929;ESCOLA ESTADUAL JOÃO ROBERTO BORGES DE SOUZA;Convencional;RUA OSÓRIO MILANÊS FILHO, S/N;MANGABEIRA II;58056280;-7,17816687;-34,83935875;ATIVO;ATIVO
07/10/2026;06:28:10;2026;04/10/2026;1;PB;20516;JOÃO PESSOA;70;352;Principal;-1;1511;ESCOLA ESTADUAL PROFESSOR CELESTIN MALZAC;Convencional;RUA PROFESSORA ZENAIDE BRASILINO, S/N;VALENTINA DE FIGUEIREDO I;58063320;-7,19991979;-34,85206378;ATIVO;ATIVO
07/10/2026;06:28:10;2026;04/10/2026;1;PB;20516;JOÃO PESSOA;70;353;Principal;-1;1384;ESCOLA MUNICIPAL VIRGINIUS DA GAMA E MELO;Convencional;RUA COMERCIANTE ANTONIO DE SOUSA LIMA, 30;MANGABEIRA I;58055060;-7,16391348;-34,83751879;ATIVO;ATIVO
07/10/2026;06:28:10;2026;04/10/2026;1;PB;20516;JOÃO PESSOA;70;356;Principal;-1;1775;CPDAC - CENTRO PROFISSIONALIZANTE ANTONIO CABRAL;Convencional;AVENIDA AVELINO DOS SANTOS, S/N;VALENTINA DE FIGUEIREDO II;58064550;-7,20204106;-34,84576121;ATIVO;ATIVO
07/10/2026;06:28:10;2026;04/10/2026;1;PB;20516;JOÃO PESSOA;70;358;Principal;-1;2135;ESCOLA MUNICIPAL PROF. JOÃO GADELHA DE OLIVEIRA FILHO;Temporário;RUA IVAN DE ASSIS COSTA, 108;MANGABEIRA VI;58055700;-7,16654358;-34,83567465;ATIVO;ATIVO
07/10/2026;06:28:10;2026;04/10/2026;1;PB;20516;JOÃO PESSOA;70;359;Principal;-1;1350;ESCOLA ESTADUAL MARIA JOSÉ SILVA PINTO COSTA;Convencional;RUA FRANCISCO PEREIRA DE SOUZA, 130;MANGABEIRA I;58055440;-7,16960575;-34,84136406;ATIVO;ATIVO
07/10/2026;06:28:10;2026;04/10/2026;1;PB;20516;JOÃO PESSOA;70;360;Principal;-1;1350;ESCOLA ESTADUAL MARIA JOSÉ SILVA PINTO COSTA;Convencional;RUA FRANCISCO PEREIRA DE SOUZA, 130;MANGABEIRA I;58055440;-7,16960575;-34,84136406;ATIVO;ATIVO
07/10/2026;06:28:10;2026;04/10/2026;1;PB;20516;JOÃO PESSOA;70;362;Principal;-1;2135;ESCOLA MUNICIPAL PROF. JOÃO GADELHA DE OLIVEIRA FILHO;Temporário;RUA IVAN DE ASSIS COSTA, 108;MANGABEIRA VI;58055700;-7,16654358;-34,83567465;ATIVO;ATIVO
07/10/2026;06:28:10;2026;04/10/2026;1;PB;20516;JOÃO PESSOA;70;363;Principal;-1;1457;ESCOLA MUNICIPAL MINISTRO JOSÉ AMÉRICO DE ALMEIDA;Convencional;RUA CORONEL AUGUSTO FERNANDES MAIA, 307;JOSE AMERICO DE ALMEIDA;58073000;-7,16806571;-34,8567064;ATIVO;ATIVO
07/10/2026;06:28:10;2026;04/10/2026;1;PB;20516;JOÃO PESSOA;70;364;Principal;-1;1520;ESCOLA ESTADUAL DOUTOR JOÃO NAVARRO FILHO;Convencional;RUA PROFESSORA MARIA ALEXANDRINA, 51;VALENTINA DE FIGUEIREDO I;58064375;-7,20225977;-34,85238451;ATIVO;ATIVO
07/10/2026;06:28:10;2026;04/10/2026;1;PB;20516;JOÃO PESSOA;70;365;Principal;-1;1830;CENTRO DA CIDADANIA OTAVIANO FERNANDES COUTINHO;Convencional;RUA JANDUI DANTAS DO NASCIMENTO, S/N;MANGABEIRA I;58056140;-7,17091291;-34,83813831;ATIVO;ATIVO
07/10/2026;06:28:10;2026;04/10/2026;1;PB;20516;JOÃO PESSOA;70;366;Principal;-1;1538;ESCOLA ESTADUAL PROFESSOR OLÍVIO PINTO;Convencional;RUA ULISSES ALVES PEQUENO, S/N;VALENTINA DE FIGUEIREDO I;58064580;-7,2069954;-34,84331291;ATIVO;ATIVO
07/10/2026;06:28:10;2026;04/10/2026;1;PB;20516;JOÃO PESSOA;70;367;Principal;-1;1791;ESCOLA ESTADUAL BORGES DA FONSECA;Convencional;AVENIDA CORONEL CALIXTO, S/N;MANGABEIRA VIII;58055000;-7,18085855;-34,83470611;ATIVO;ATIVO
07/10/2026;06:28:10;2026;04/10/2026;1;PB;20516;JOÃO PESSOA;70;369;Principal;-1;1783;ESCOLA ESTADUAL PROFESSORA MARIA BRONZEADO MACHADO;Convencional;RUA ADAUTO DANTAS, S/N;MANGABEIRA II;58057620;-7,18097445;-34,8457445;BLOQUEADO;ATIVO
07/10/2026;06:28:10;2026;04/10/2026;1;PB;20516;JOÃO PESSOA;70;373;Principal;-1;1821;ESCOLA ESTADUAL PROFESSORA RITA MIRANDA HENRIQUES;Convencional;RUA FRANCISCO PORFÍRIO RIBEIRO, S/N;MANGABEIRA IV;58057100;-7,18853363;-34,83925789;BLOQUEADO;ATIVO
07/10/2026;06:28:10;2026;04/10/2026;1;PB;20516;JOÃO PESSOA;70;374;Principal;-1;1830;CENTRO DA CIDADANIA OTAVIANO FERNANDES COUTINHO;Convencional;RUA JANDUI DANTAS DO NASCIMENTO, S/N;MANGABEIRA I;58056140;-7,17091291;-34,83813831;ATIVO;ATIVO
07/10/2026;06:28:10;2026;04/10/2026;1;PB;20516;JOÃO PESSOA;70;376;Principal;-1;1775;CPDAC - CENTRO PROFISSIONALIZANTE ANTONIO CABRAL;Convencional;AVENIDA AVELINO DOS SANTOS, S/N;VALENTINA DE FIGUEIREDO II;58064550;-7,20204106;-34,84576121;ATIVO;ATIVO
07/10/2026;06:28:10;2026;04/10/2026;1;PB;20516;JOÃO PESSOA;70;377;Principal;-1;1384;ESCOLA MUNICIPAL VIRGINIUS DA GAMA E MELO;Convencional;RUA COMERCIANTE ANTONIO DE SOUSA LIMA, 30;MANGABEIRA I;58055060;-7,16391348;-34,83751879;ATIVO;ATIVO
07/10/2026;06:28:10;2026;04/10/2026;1;PB;20516;JOÃO PESSOA;70;379;Principal;-1;1791;ESCOLA ESTADUAL BORGES DA FONSECA;Convencional;AVENIDA CORONEL CALIXTO, S/N;MANGABEIRA VIII;58055000;-7,18085855;-34,83470611;ATIVO;ATIVO
07/10/2026;06:28:10;2026;04/10/2026;1;PB;20516;JOÃO PESSOA;70;383;Principal;-1;1848;ESCOLA ESTADUAL PROFESSOR JOSÉ BATISTA DE MELO;Convencional;RUA MANUEL ANGELO DE OLIVEIRA, S/N ;MANGABEIRA VII;58058200;-7,16448313;-34,83137557;ATIVO;ATIVO
07/10/2026;06:28:10;2026;04/10/2026;1;PB;20516;JOÃO PESSOA;70;384;Principal;-1;1406;ESCOLA MUNICIPAL DAVID TRINDADE;Convencional;RUA JOSÉ MENDONCA DE ARAUJO, 88;MANGABEIRA I;58056380;-7,17546852;-34,84202205;ATIVO;ATIVO
07/10/2026;06:28:10;2026;04/10/2026;1;PB;20516;JOÃO PESSOA;70;385;Principal;-1;1902;ESCOLA MUNICIPAL ZUMBI DOS PALMARES;Convencional;RUA RITA XAVIER DE OLIVEIRA, S/N;MANGABEIRA VI;58055020;-7,17027032;-34,83671567;ATIVO;ATIVO
07/10/2026;06:28:10;2026;04/10/2026;1;PB;20516;JOÃO PESSOA;70;386;Principal;-1;1783;ESCOLA ESTADUAL PROFESSORA MARIA BRONZEADO MACHADO;Convencional;RUA ADAUTO DANTAS, S/N;MANGABEIRA II;58057620;-7,18097445;-34,8457445;BLOQUEADO;ATIVO
07/10/2026;06:28:10;2026;04/10/2026;1;PB;20516;JOÃO PESSOA;70;387;Principal;-1;1775;CPDAC - CENTRO PROFISSIONALIZANTE ANTONIO CABRAL;Convencional;AVENIDA AVELINO DOS SANTOS, S/N;VALENTINA DE FIGUEIREDO II;58064550;-7,20204106;-34,84576121;ATIVO;ATIVO
07/10/2026;06:28:10;2026;04/10/2026;1;PB;20516;JOÃO PESSOA;70;388;Principal;-1;1937;ESCOLA ESTADUAL DAURA SANTIAGO RANGEL;Convencional;RUA BENÍCIO DE OLIVEIRA LIMA, S/N;JOSE AMERICO DE ALMEIDA;58073030;-7,16763074;-34,85514905;BLOQUEADO;ATIVO
07/10/2026;06:28:10;2026;04/10/2026;1;PB;20516;JOÃO PESSOA;70;389;Principal;-1;1856;ESCOLA MUNICIPAL LUIZ VAZ DE CAMÕES;Convencional;RUA DOUTOR EUCLIDES NEIVA DE OLIVEIRA, S/N;MANGABEIRA II;58056000;-7,18431323;-34,84329141;ATIVO;ATIVO
07/10/2026;06:28:10;2026;04/10/2026;1;PB;20516;JOÃO PESSOA;70;391;Principal;-1;1520;ESCOLA ESTADUAL DOUTOR JOÃO NAVARRO FILHO;Convencional;RUA PROFESSORA MARIA ALEXANDRINA, 51;VALENTINA DE FIGUEIREDO I;58064375;-7,20225977;-34,85238451;ATIVO;ATIVO
07/10/2026;06:28:10;2026;04/10/2026;1;PB;20516;JOÃO PESSOA;70;393;Principal;-1;1350;ESCOLA ESTADUAL MARIA JOSÉ SILVA PINTO COSTA;Convencional;RUA FRANCISCO PEREIRA DE SOUZA, 130;MANGABEIRA I;58055440;-7,16960575;-34,84136406;ATIVO;ATIVO
07/10/2026;06:28:10;2026;04/10/2026;1;PB;20516;JOÃO PESSOA;70;396;Principal;-1;1775;CPDAC - CENTRO PROFISSIONALIZANTE ANTONIO CABRAL;Convencional;AVENIDA AVELINO DOS SANTOS, S/N;VALENTINA DE FIGUEIREDO II;58064550;-7,20204106;-34,84576121;ATIVO;ATIVO
07/10/2026;06:28:10;2026;04/10/2026;1;PB;20516;JOÃO PESSOA;70;397;Principal;-1;2135;ESCOLA MUNICIPAL PROF. JOÃO GADELHA DE OLIVEIRA FILHO;Temporário;RUA IVAN DE ASSIS COSTA, 108;MANGABEIRA VI;58055700;-7,16654358;-34,83567465;ATIVO;ATIVO
07/10/2026;06:28:10;2026;04/10/2026;1;PB;20516;JOÃO PESSOA;70;398;Principal;-1;1449;ESCOLA MUNICIPAL CARLOS NEVES DA FRANCA;Convencional;RUA LEILA DINIZ, 244;JOSE AMERICO DE ALMEIDA;58073180;-7,16731256;-34,8542152;BLOQUEADO;ATIVO
07/10/2026;06:28:10;2026;04/10/2026;1;PB;20516;JOÃO PESSOA;70;399;Principal;-1;1848;ESCOLA ESTADUAL PROFESSOR JOSÉ BATISTA DE MELO;Convencional;RUA MANUEL ANGELO DE OLIVEIRA, S/N ;MANGABEIRA VII;58058200;-7,16448313;-34,83137557;ATIVO;ATIVO
07/10/2026;06:28:10;2026;04/10/2026;1;PB;20516;JOÃO PESSOA;70;400;Principal;-1;1783;ESCOLA ESTADUAL PROFESSORA MARIA BRONZEADO MACHADO;Convencional;RUA ADAUTO DANTAS, S/N;MANGABEIRA II;58057620;-7,18097445;-34,8457445;BLOQUEADO;ATIVO
07/10/2026;06:28:10;2026;04/10/2026;1;PB;20516;JOÃO PESSOA;70;404;Principal;-1;1902;ESCOLA MUNICIPAL ZUMBI DOS PALMARES;Convencional;RUA RITA XAVIER DE OLIVEIRA, S/N;MANGABEIRA VI;58055020;-7,17027032;-34,83671567;ATIVO;ATIVO
07/10/2026;06:28:10;2026;04/10/2026;1;PB;20516;JOÃO PESSOA;70;405;Principal;-1;1937;ESCOLA ESTADUAL DAURA SANTIAGO RANGEL;Convencional;RUA BENÍCIO DE OLIVEIRA LIMA, S/N;JOSE AMERICO DE ALMEIDA;58073030;-7,16763074;-34,85514905;BLOQUEADO;ATIVO
07/10/2026;06:28:10;2026;04/10/2026;1;PB;20516;JOÃO PESSOA;70;406;Principal;-1;1775;CPDAC - CENTRO PROFISSIONALIZANTE ANTONIO CABRAL;Convencional;AVENIDA AVELINO DOS SANTOS, S/N;VALENTINA DE FIGUEIREDO II;58064550;-7,20204106;-34,84576121;ATIVO;ATIVO
07/10/2026;06:28:10;2026;04/10/2026;1;PB;20516;JOÃO PESSOA;70;407;Principal;-1;1791;ESCOLA ESTADUAL BORGES DA FONSECA;Convencional;AVENIDA CORONEL CALIXTO, S/N;MANGABEIRA VIII;58055000;-7,18085855;-34,83470611;ATIVO;ATIVO
07/10/2026;06:28:10;2026;04/10/2026;1;PB;20516;JOÃO PESSOA;70;408;Principal;-1;1520;ESCOLA ESTADUAL DOUTOR JOÃO NAVARRO FILHO;Convencional;RUA PROFESSORA MARIA ALEXANDRINA, 51;VALENTINA DE FIGUEIREDO I;58064375;-7,20225977;-34,85238451;ATIVO;ATIVO
07/10/2026;06:28:10;2026;04/10/2026;1;PB;20516;JOÃO PESSOA;70;410;Principal;-1;1821;ESCOLA ESTADUAL PROFESSORA RITA MIRANDA HENRIQUES;Convencional;RUA FRANCISCO PORFÍRIO RIBEIRO, S/N;MANGABEIRA IV;58057100;-7,18853363;-34,83925789;BLOQUEADO;ATIVO
07/10/2026;06:28:10;2026;04/10/2026;1;PB;20516;JOÃO PESSOA;70;411;Principal;-1;1350;ESCOLA ESTADUAL MARIA JOSÉ SILVA PINTO COSTA;Convencional;RUA FRANCISCO PEREIRA DE SOUZA, 130;MANGABEIRA I;58055440;-7,16960575;-34,84136406;ATIVO;ATIVO
07/10/2026;06:28:10;2026;04/10/2026;1;PB;20516;JOÃO PESSOA;70;412;Principal;-1;1775;CPDAC - CENTRO PROFISSIONALIZANTE ANTONIO CABRAL;Convencional;AVENIDA AVELINO DOS SANTOS, S/N;VALENTINA DE FIGUEIREDO II;58064550;-7,20204106;-34,84576121;ATIVO;ATIVO
07/10/2026;06:28:10;2026;04/10/2026;1;PB;20516;JOÃO PESSOA;70;413;Principal;-1;1848;ESCOLA ESTADUAL PROFESSOR JOSÉ BATISTA DE MELO;Convencional;RUA MANUEL ANGELO DE OLIVEIRA, S/N ;MANGABEIRA VII;58058200;-7,16448313;-34,83137557;ATIVO;ATIVO
07/10/2026;06:28:10;2026;04/10/2026;1;PB;20516;JOÃO PESSOA;70;415;Principal;-1;1856;ESCOLA MUNICIPAL LUIZ VAZ DE CAMÕES;Convencional;RUA DOUTOR EUCLIDES NEIVA DE OLIVEIRA, S/N;MANGABEIRA II;58056000;-7,18431323;-34,84329141;ATIVO;ATIVO
07/10/2026;06:28:10;2026;04/10/2026;1;PB;20516;JOÃO PESSOA;70;418;Principal;-1;1520;ESCOLA ESTADUAL DOUTOR JOÃO NAVARRO FILHO;Convencional;RUA PROFESSORA MARIA ALEXANDRINA, 51;VALENTINA DE FIGUEIREDO I;58064375;-7,20225977;-34,85238451;ATIVO;ATIVO
07/10/2026;06:28:10;2026;04/10/2026;1;PB;20516;JOÃO PESSOA;70;419;Principal;-1;1783;ESCOLA ESTADUAL PROFESSORA MARIA BRONZEADO MACHADO;Convencional;RUA ADAUTO DANTAS, S/N;MANGABEIRA II;58057620;-7,18097445;-34,8457445;BLOQUEADO;ATIVO
07/10/2026;06:28:10;2026;04/10/2026;1;PB;20516;JOÃO PESSOA;70;421;Principal;-1;1937;ESCOLA ESTADUAL DAURA SANTIAGO RANGEL;Convencional;RUA BENÍCIO DE OLIVEIRA LIMA, S/N;JOSE AMERICO DE ALMEIDA;58073030;-7,16763074;-34,85514905;BLOQUEADO;ATIVO
07/10/2026;06:28:10;2026;04/10/2026;1;PB;20516;JOÃO PESSOA;70;424;Principal;-1;1503;ESCOLA ESTADUAL PROFESSORA ADÉLIA DE FRANCA;Convencional;RUA JOAO RAIMUNDO DE LUCENA, S/N;VALENTINA DE FIGUEIREDO I;58063620;-7,20511857;-34,84858689;ATIVO;ATIVO
07/10/2026;06:28:10;2026;04/10/2026;1;PB;20516;JOÃO PESSOA;70;426;Principal;-1;1791;ESCOLA ESTADUAL BORGES DA FONSECA;Convencional;AVENIDA CORONEL CALIXTO, S/N;MANGABEIRA VIII;58055000;-7,18085855;-34,83470611;ATIVO;ATIVO
07/10/2026;06:28:10;2026;04/10/2026;1;PB;20516;JOÃO PESSOA;70;427;Principal;-1;1775;CPDAC - CENTRO PROFISSIONALIZANTE ANTONIO CABRAL;Convencional;AVENIDA AVELINO DOS SANTOS, S/N;VALENTINA DE FIGUEIREDO II;58064550;-7,20204106;-34,84576121;ATIVO;ATIVO
07/10/2026;06:28:10;2026;04/10/2026;1;PB;20516;JOÃO PESSOA;70;431;Principal;-1;1848;ESCOLA ESTADUAL PROFESSOR JOSÉ BATISTA DE MELO;Convencional;RUA MANUEL ANGELO DE OLIVEIRA, S/N ;MANGABEIRA VII;58058200;-7,16448313;-34,83137557;ATIVO;ATIVO
07/10/2026;06:28:10;2026;04/10/2026;1;PB;20516;JOÃO PESSOA;70;435;Principal;-1;1775;CPDAC - CENTRO PROFISSIONALIZANTE ANTONIO CABRAL;Convencional;AVENIDA AVELINO DOS SANTOS, S/N;VALENTINA DE FIGUEIREDO II;58064550;-7,20204106;-34,84576121;ATIVO;ATIVO
07/10/2026;06:28:10;2026;04/10/2026;1;PB;20516;JOÃO PESSOA;70;436;Principal;-1;1791;ESCOLA ESTADUAL BORGES DA FONSECA;Convencional;AVENIDA CORONEL CALIXTO, S/N;MANGABEIRA VIII;58055000;-7,18085855;-34,83470611;ATIVO;ATIVO
07/10/2026;06:28:10;2026;04/10/2026;1;PB;20516;JOÃO PESSOA;70;437;Principal;-1;1350;ESCOLA ESTADUAL MARIA JOSÉ SILVA PINTO COSTA;Convencional;RUA FRANCISCO PEREIRA DE SOUZA, 130;MANGABEIRA I;58055440;-7,16960575;-34,84136406;ATIVO;ATIVO
07/10/2026;06:28:10;2026;04/10/2026;1;PB;20516;JOÃO PESSOA;70;438;Principal;-1;1821;ESCOLA ESTADUAL PROFESSORA RITA MIRANDA HENRIQUES;Convencional;RUA FRANCISCO PORFÍRIO RIBEIRO, S/N;MANGABEIRA IV;58057100;-7,18853363;-34,83925789;BLOQUEADO;ATIVO
07/10/2026;06:28:10;2026;04/10/2026;1;PB;20516;JOÃO PESSOA;70;439;Principal;-1;1856;ESCOLA MUNICIPAL LUIZ VAZ DE CAMÕES;Convencional;RUA DOUTOR EUCLIDES NEIVA DE OLIVEIRA, S/N;MANGABEIRA II;58056000;-7,18431323;-34,84329141;ATIVO;ATIVO
07/10/2026;06:28:10;2026;04/10/2026;1;PB;20516;JOÃO PESSOA;70;440;Principal;-1;1848;ESCOLA ESTADUAL PROFESSOR JOSÉ BATISTA DE MELO;Convencional;RUA MANUEL ANGELO DE OLIVEIRA, S/N ;MANGABEIRA VII;58058200;-7,16448313;-34,83137557;ATIVO;ATIVO
07/10/2026;06:28:10;2026;04/10/2026;1;PB;20516;JOÃO PESSOA;70;441;Principal;-1;1520;ESCOLA ESTADUAL DOUTOR JOÃO NAVARRO FILHO;Convencional;RUA PROFESSORA MARIA ALEXANDRINA, 51;VALENTINA DE FIGUEIREDO I;58064375;-7,20225977;-34,85238451;ATIVO;ATIVO
07/10/2026;06:28:10;2026;04/10/2026;1;PB;20516;JOÃO PESSOA;70;442;Principal;-1;1902;ESCOLA MUNICIPAL ZUMBI DOS PALMARES;Convencional;RUA RITA XAVIER DE OLIVEIRA, S/N;MANGABEIRA VI;58055020;-7,17027032;-34,83671567;ATIVO;ATIVO
07/10/2026;06:28:10;2026;04/10/2026;1;PB;20516;JOÃO PESSOA;70;443;Principal;-1;1929;ESCOLA ESTADUAL JOÃO ROBERTO BORGES DE SOUZA;Convencional;RUA OSÓRIO MILANÊS FILHO, S/N;MANGABEIRA II;58056280;-7,17816687;-34,83935875;ATIVO;ATIVO
07/10/2026;06:28:10;2026;04/10/2026;1;PB;20516;JOÃO PESSOA;70;444;Principal;-1;1910;ESCOLA MUNICIPAL DOM HELDER CÂMARA;Convencional;RUA JOAMIR SEVERINO DOS SANTOS, S/N;VALENTINA DE FIGUEIREDO II;58064132;-7,19920038;-34,84388698;ATIVO;ATIVO
07/10/2026;06:28:10;2026;04/10/2026;1;PB;20516;JOÃO PESSOA;70;445;Principal;-1;1937;ESCOLA ESTADUAL DAURA SANTIAGO RANGEL;Convencional;RUA BENÍCIO DE OLIVEIRA LIMA, S/N;JOSE AMERICO DE ALMEIDA;58073030;-7,16763074;-34,85514905;BLOQUEADO;ATIVO
07/10/2026;06:28:10;2026;04/10/2026;1;PB;20516;JOÃO PESSOA;70;446;Principal;-1;1457;ESCOLA MUNICIPAL MINISTRO JOSÉ AMÉRICO DE ALMEIDA;Convencional;RUA CORONEL AUGUSTO FERNANDES MAIA, 307;JOSE AMERICO DE ALMEIDA;58073000;-7,16806571;-34,8567064;ATIVO;ATIVO
07/10/2026;06:28:10;2026;04/10/2026;1;PB;20516;JOÃO PESSOA;70;447;Principal;-1;1910;ESCOLA MUNICIPAL DOM HELDER CÂMARA;Convencional;RUA JOAMIR SEVERINO DOS SANTOS, S/N;VALENTINA DE FIGUEIREDO II;58064132;-7,19920038;-34,84388698;ATIVO;ATIVO
07/10/2026;06:28:10;2026;04/10/2026;1;PB;20516;JOÃO PESSOA;70;449;Principal;-1;1783;ESCOLA ESTADUAL PROFESSORA MARIA BRONZEADO MACHADO;Convencional;RUA ADAUTO DANTAS, S/N;MANGABEIRA II;58057620;-7,18097445;-34,8457445;BLOQUEADO;ATIVO
07/10/2026;06:28:10;2026;04/10/2026;1;PB;20516;JOÃO PESSOA;70;450;Principal;-1;1791;ESCOLA ESTADUAL BORGES DA FONSECA;Convencional;AVENIDA CORONEL CALIXTO, S/N;MANGABEIRA VIII;58055000;-7,18085855;-34,83470611;ATIVO;ATIVO
07/10/2026;06:28:10;2026;04/10/2026;1;PB;20516;JOÃO PESSOA;70;452;Principal;-1;1910;ESCOLA MUNICIPAL DOM HELDER CÂMARA;Convencional;RUA JOAMIR SEVERINO DOS SANTOS, S/N;VALENTINA DE FIGUEIREDO II;58064132;-7,19920038;-34,84388698;ATIVO;ATIVO
07/10/2026;06:28:10;2026;04/10/2026;1;PB;20516;JOÃO PESSOA;70;453;Principal;-1;1848;ESCOLA ESTADUAL PROFESSOR JOSÉ BATISTA DE MELO;Convencional;RUA MANUEL ANGELO DE OLIVEIRA, S/N ;MANGABEIRA VII;58058200;-7,16448313;-34,83137557;ATIVO;ATIVO
07/10/2026;06:28:10;2026;04/10/2026;1;PB;20516;JOÃO PESSOA;70;454;Principal;-1;1775;CPDAC - CENTRO PROFISSIONALIZANTE ANTONIO CABRAL;Convencional;AVENIDA AVELINO DOS SANTOS, S/N;VALENTINA DE FIGUEIREDO II;58064550;-7,20204106;-34,84576121;ATIVO;ATIVO
07/10/2026;06:28:10;2026;04/10/2026;1;PB;20516;JOÃO PESSOA;70;455;Principal;-1;1449;ESCOLA MUNICIPAL CARLOS NEVES DA FRANCA;Convencional;RUA LEILA DINIZ, 244;JOSE AMERICO DE ALMEIDA;58073180;-7,16731256;-34,8542152;BLOQUEADO;ATIVO
07/10/2026;06:28:10;2026;04/10/2026;1;PB;20516;JOÃO PESSOA;70;456;Principal;-1;1937;ESCOLA ESTADUAL DAURA SANTIAGO RANGEL;Convencional;RUA BENÍCIO DE OLIVEIRA LIMA, S/N;JOSE AMERICO DE ALMEIDA;58073030;-7,16763074;-34,85514905;BLOQUEADO;ATIVO
07/10/2026;06:28:10;2026;04/10/2026;1;PB;20516;JOÃO PESSOA;70;459;Principal;-1;1775;CPDAC - CENTRO PROFISSIONALIZANTE ANTONIO CABRAL;Convencional;AVENIDA AVELINO DOS SANTOS, S/N;VALENTINA DE FIGUEIREDO II;58064550;-7,20204106;-34,84576121;ATIVO;ATIVO
07/10/2026;06:28:10;2026;04/10/2026;1;PB;20516;JOÃO PESSOA;70;460;Principal;-1;1953;ESCOLA ESTADUAL MESTRE SIVUCA;Convencional;RUA FLOR DE IRIS, S/N;MANGABEIRA VIII;58059744;-7,17720015;-34,82217364;ATIVO;ATIVO
07/10/2026;06:28:10;2026;04/10/2026;1;PB;20516;JOÃO PESSOA;70;461;Principal;-1;1856;ESCOLA MUNICIPAL LUIZ VAZ DE CAMÕES;Convencional;RUA DOUTOR EUCLIDES NEIVA DE OLIVEIRA, S/N;MANGABEIRA II;58056000;-7,18431323;-34,84329141;ATIVO;ATIVO
07/10/2026;06:28:10;2026;04/10/2026;1;PB;20516;JOÃO PESSOA;70;462;Principal;-1;1538;ESCOLA ESTADUAL PROFESSOR OLÍVIO PINTO;Convencional;RUA ULISSES ALVES PEQUENO, S/N;VALENTINA DE FIGUEIREDO I;58064580;-7,2069954;-34,84331291;ATIVO;ATIVO
07/10/2026;06:28:10;2026;04/10/2026;1;PB;20516;JOÃO PESSOA;70;463;Principal;-1;1775;CPDAC - CENTRO PROFISSIONALIZANTE ANTONIO CABRAL;Convencional;AVENIDA AVELINO DOS SANTOS, S/N;VALENTINA DE FIGUEIREDO II;58064550;-7,20204106;-34,84576121;ATIVO;ATIVO
07/10/2026;06:28:10;2026;04/10/2026;1;PB;20516;JOÃO PESSOA;70;464;Principal;-1;1848;ESCOLA ESTADUAL PROFESSOR JOSÉ BATISTA DE MELO;Convencional;RUA MANUEL ANGELO DE OLIVEIRA, S/N ;MANGABEIRA VII;58058200;-7,16448313;-34,83137557;ATIVO;ATIVO
07/10/2026;06:28:10;2026;04/10/2026;1;PB;20516;JOÃO PESSOA;70;465;Principal;-1;1953;ESCOLA ESTADUAL MESTRE SIVUCA;Convencional;RUA FLOR DE IRIS, S/N;MANGABEIRA VIII;58059744;-7,17720015;-34,82217364;ATIVO;ATIVO
07/10/2026;06:28:10;2026;04/10/2026;1;PB;20516;JOÃO PESSOA;70;466;Principal;-1;1775;CPDAC - CENTRO PROFISSIONALIZANTE ANTONIO CABRAL;Convencional;AVENIDA AVELINO DOS SANTOS, S/N;VALENTINA DE FIGUEIREDO II;58064550;-7,20204106;-34,84576121;ATIVO;ATIVO
07/10/2026;06:28:10;2026;04/10/2026;1;PB;20516;JOÃO PESSOA;70;467;Principal;-1;1910;ESCOLA MUNICIPAL DOM HELDER CÂMARA;Convencional;RUA JOAMIR SEVERINO DOS SANTOS, S/N;VALENTINA DE FIGUEIREDO II;58064132;-7,19920038;-34,84388698;ATIVO;ATIVO
07/10/2026;06:28:10;2026;04/10/2026;1;PB;20516;JOÃO PESSOA;70;468;Principal;-1;1821;ESCOLA ESTADUAL PROFESSORA RITA MIRANDA HENRIQUES;Convencional;RUA FRANCISCO PORFÍRIO RIBEIRO, S/N;MANGABEIRA IV;58057100;-7,18853363;-34,83925789;BLOQUEADO;ATIVO
07/10/2026;06:28:10;2026;04/10/2026;1;PB;20516;JOÃO PESSOA;70;469;Principal;-1;1902;ESCOLA MUNICIPAL ZUMBI DOS PALMARES;Convencional;RUA RITA XAVIER DE OLIVEIRA, S/N;MANGABEIRA VI;58055020;-7,17027032;-34,83671567;ATIVO;ATIVO
07/10/2026;06:28:10;2026;04/10/2026;1;PB;20516;JOÃO PESSOA;70;471;Principal;-1;1430;ESCOLA ESTADUAL COMPOSITOR LUIZ RAMALHO;Convencional;RUA COMERCIANTE ALFREDO FERREIRA DA ROCHA, S/N;MANGABEIRA I;58055540;-7,16821006;-34,84232515;ATIVO;ATIVO
07/10/2026;06:28:10;2026;04/10/2026;1;PB;20516;JOÃO PESSOA;70;472;Principal;-1;1902;ESCOLA MUNICIPAL ZUMBI DOS PALMARES;Convencional;RUA RITA XAVIER DE OLIVEIRA, S/N;MANGABEIRA VI;58055020;-7,17027032;-34,83671567;ATIVO;ATIVO
07/10/2026;06:28:10;2026;04/10/2026;1;PB;20516;JOÃO PESSOA;70;473;Principal;-1;1856;ESCOLA MUNICIPAL LUIZ VAZ DE CAMÕES;Convencional;RUA DOUTOR EUCLIDES NEIVA DE OLIVEIRA, S/N;MANGABEIRA II;58056000;-7,18431323;-34,84329141;ATIVO;ATIVO
07/10/2026;06:28:10;2026;04/10/2026;1;PB;20516;JOÃO PESSOA;70;477;Principal;-1;1953;ESCOLA ESTADUAL MESTRE SIVUCA;Convencional;RUA FLOR DE IRIS, S/N;MANGABEIRA VIII;58059744;-7,17720015;-34,82217364;ATIVO;ATIVO
07/10/2026;06:28:10;2026;04/10/2026;1;PB;20516;JOÃO PESSOA;70;478;Principal;-1;1970;FUNDAÇÃO BRADESCO;Convencional;RUA MARIÂNGELA LUCENA PEIXOTO, 683;VALENTINA DE FIGUEIREDO I;58063300;-7,20112239;-34,84845009;BLOQUEADO;ATIVO
07/10/2026;06:28:10;2026;04/10/2026;1;PB;20516;JOÃO PESSOA;70;479;Principal;-1;1503;ESCOLA ESTADUAL PROFESSORA ADÉLIA DE FRANCA;Convencional;RUA JOAO RAIMUNDO DE LUCENA, S/N;VALENTINA DE FIGUEIREDO I;58063620;-7,20511857;-34,84858689;ATIVO;ATIVO
07/10/2026;06:28:10;2026;04/10/2026;1;PB;20516;JOÃO PESSOA;70;481;Principal;-1;1414;ESCOLA ESTADUAL PROFESSORA MARIA JACY COSTA;Convencional;RUA DRÁUZIO FÉRRER, 77;MANGABEIRA II;58057360;-7,18008889;-34,84355808;ATIVO;ATIVO
07/10/2026;06:28:10;2026;04/10/2026;1;PB;20516;JOÃO PESSOA;70;482;Principal;-1;1937;ESCOLA ESTADUAL DAURA SANTIAGO RANGEL;Convencional;RUA BENÍCIO DE OLIVEIRA LIMA, S/N;JOSE AMERICO DE ALMEIDA;58073030;-7,16763074;-34,85514905;BLOQUEADO;ATIVO
07/10/2026;06:28:10;2026;04/10/2026;1;PB;20516;JOÃO PESSOA;70;483;Principal;-1;1783;ESCOLA ESTADUAL PROFESSORA MARIA BRONZEADO MACHADO;Convencional;RUA ADAUTO DANTAS, S/N;MANGABEIRA II;58057620;-7,18097445;-34,8457445;BLOQUEADO;ATIVO
07/10/2026;06:28:10;2026;04/10/2026;1;PB;20516;JOÃO PESSOA;70;485;Principal;-1;1422;ESCOLA  ESTADUAL LUIZ GONZAGA DE OLIVEIRA;Convencional;RUA JANDUI DANTAS DO NASCIMENTO, S/N;MANGABEIRA I;58056140;-7,17152156;-34,83816392;ATIVO;ATIVO
07/10/2026;06:28:10;2026;04/10/2026;1;PB;20516;JOÃO PESSOA;70;486;Principal;-1;1457;ESCOLA MUNICIPAL MINISTRO JOSÉ AMÉRICO DE ALMEIDA;Convencional;RUA CORONEL AUGUSTO FERNANDES MAIA, 307;JOSE AMERICO DE ALMEIDA;58073000;-7,16806571;-34,8567064;ATIVO;ATIVO
07/10/2026;06:28:10;2026;04/10/2026;1;PB;20516;JOÃO PESSOA;70;489;Principal;-1;1350;ESCOLA ESTADUAL MARIA JOSÉ SILVA PINTO COSTA;Convencional;RUA FRANCISCO PEREIRA DE SOUZA, 130;MANGABEIRA I;58055440;-7,16960575;-34,84136406;ATIVO;ATIVO
07/10/2026;06:28:10;2026;04/10/2026;1;PB;20516;JOÃO PESSOA;70;490;Principal;-1;1538;ESCOLA ESTADUAL PROFESSOR OLÍVIO PINTO;Convencional;RUA ULISSES ALVES PEQUENO, S/N;VALENTINA DE FIGUEIREDO I;58064580;-7,2069954;-34,84331291;ATIVO;ATIVO
07/10/2026;06:28:10;2026;04/10/2026;1;PB;20516;JOÃO PESSOA;70;491;Principal;-1;1406;ESCOLA MUNICIPAL DAVID TRINDADE;Convencional;RUA JOSÉ MENDONCA DE ARAUJO, 88;MANGABEIRA I;58056380;-7,17546852;-34,84202205;ATIVO;ATIVO
07/10/2026;06:28:10;2026;04/10/2026;1;PB;20516;JOÃO PESSOA;70;492;Principal;-1;1384;ESCOLA MUNICIPAL VIRGINIUS DA GAMA E MELO;Convencional;RUA COMERCIANTE ANTONIO DE SOUSA LIMA, 30;MANGABEIRA I;58055060;-7,16391348;-34,83751879;ATIVO;ATIVO
07/10/2026;06:28:10;2026;04/10/2026;1;PB;20516;JOÃO PESSOA;70;493;Principal;-1;1848;ESCOLA ESTADUAL PROFESSOR JOSÉ BATISTA DE MELO;Convencional;RUA MANUEL ANGELO DE OLIVEIRA, S/N ;MANGABEIRA VII;58058200;-7,16448313;-34,83137557;ATIVO;ATIVO
07/10/2026;06:28:10;2026;04/10/2026;1;PB;20516;JOÃO PESSOA;70;494;Principal;-1;1929;ESCOLA ESTADUAL JOÃO ROBERTO BORGES DE SOUZA;Convencional;RUA OSÓRIO MILANÊS FILHO, S/N;MANGABEIRA II;58056280;-7,17816687;-34,83935875;ATIVO;ATIVO
07/10/2026;06:28:10;2026;04/10/2026;1;PB;20516;JOÃO PESSOA;70;495;Principal;-1;1970;FUNDAÇÃO BRADESCO;Convencional;RUA MARIÂNGELA LUCENA PEIXOTO, 683;VALENTINA DE FIGUEIREDO I;58063300;-7,20112239;-34,84845009;BLOQUEADO;ATIVO
07/10/2026;06:28:10;2026;04/10/2026;1;PB;20516;JOÃO PESSOA;70;496;Principal;-1;1970;FUNDAÇÃO BRADESCO;Convencional;RUA MARIÂNGELA LUCENA PEIXOTO, 683;VALENTINA DE FIGUEIREDO I;58063300;-7,20112239;-34,84845009;BLOQUEADO;ATIVO
07/10/2026;06:28:10;2026;04/10/2026;1;PB;20516;JOÃO PESSOA;70;498;Principal;-1;1953;ESCOLA ESTADUAL MESTRE SIVUCA;Convencional;RUA FLOR DE IRIS, S/N;MANGABEIRA VIII;58059744;-7,17720015;-34,82217364;ATIVO;ATIVO
07/10/2026;06:28:10;2026;04/10/2026;1;PB;20516;JOÃO PESSOA;70;499;Principal;-1;1970;FUNDAÇÃO BRADESCO;Convencional;RUA MARIÂNGELA LUCENA PEIXOTO, 683;VALENTINA DE FIGUEIREDO I;58063300;-7,20112239;-34,84845009;BLOQUEADO;ATIVO
07/10/2026;06:28:10;2026;04/10/2026;1;PB;20516;JOÃO PESSOA;70;504;Principal;-1;1775;CPDAC - CENTRO PROFISSIONALIZANTE ANTONIO CABRAL;Convencional;AVENIDA AVELINO DOS SANTOS, S/N;VALENTINA DE FIGUEIREDO II;58064550;-7,20204106;-34,84576121;ATIVO;ATIVO
07/10/2026;06:28:10;2026;04/10/2026;1;PB;20516;JOÃO PESSOA;70;505;Principal;-1;1350;ESCOLA ESTADUAL MARIA JOSÉ SILVA PINTO COSTA;Convencional;RUA FRANCISCO PEREIRA DE SOUZA, 130;MANGABEIRA I;58055440;-7,16960575;-34,84136406;ATIVO;ATIVO
07/10/2026;06:28:10;2026;04/10/2026;1;PB;20516;JOÃO PESSOA;70;506;Principal;-1;1384;ESCOLA MUNICIPAL VIRGINIUS DA GAMA E MELO;Convencional;RUA COMERCIANTE ANTONIO DE SOUSA LIMA, 30;MANGABEIRA I;58055060;-7,16391348;-34,83751879;ATIVO;ATIVO
07/10/2026;06:28:10;2026;04/10/2026;1;PB;20516;JOÃO PESSOA;70;507;Principal;-1;1902;ESCOLA MUNICIPAL ZUMBI DOS PALMARES;Convencional;RUA RITA XAVIER DE OLIVEIRA, S/N;MANGABEIRA VI;58055020;-7,17027032;-34,83671567;ATIVO;ATIVO
07/10/2026;06:28:10;2026;04/10/2026;1;PB;20516;JOÃO PESSOA;70;509;Principal;-1;1414;ESCOLA ESTADUAL PROFESSORA MARIA JACY COSTA;Convencional;RUA DRÁUZIO FÉRRER, 77;MANGABEIRA II;58057360;-7,18008889;-34,84355808;ATIVO;ATIVO
07/10/2026;06:28:10;2026;04/10/2026;1;PB;20516;JOÃO PESSOA;70;510;Principal;-1;1422;ESCOLA  ESTADUAL LUIZ GONZAGA DE OLIVEIRA;Convencional;RUA JANDUI DANTAS DO NASCIMENTO, S/N;MANGABEIRA I;58056140;-7,17152156;-34,83816392;ATIVO;ATIVO
07/10/2026;06:28:10;2026;04/10/2026;1;PB;20516;JOÃO PESSOA;70;511;Principal;-1;1538;ESCOLA ESTADUAL PROFESSOR OLÍVIO PINTO;Convencional;RUA ULISSES ALVES PEQUENO, S/N;VALENTINA DE FIGUEIREDO I;58064580;-7,2069954;-34,84331291;ATIVO;ATIVO
07/10/2026;06:28:10;2026;04/10/2026;1;PB;20516;JOÃO PESSOA;70;512;Principal;-1;1457;ESCOLA MUNICIPAL MINISTRO JOSÉ AMÉRICO DE ALMEIDA;Convencional;RUA CORONEL AUGUSTO FERNANDES MAIA, 307;JOSE AMERICO DE ALMEIDA;58073000;-7,16806571;-34,8567064;ATIVO;ATIVO
07/10/2026;06:28:10;2026;04/10/2026;1;PB;20516;JOÃO PESSOA;70;513;Principal;-1;1937;ESCOLA ESTADUAL DAURA SANTIAGO RANGEL;Convencional;RUA BENÍCIO DE OLIVEIRA LIMA, S/N;JOSE AMERICO DE ALMEIDA;58073030;-7,16763074;-34,85514905;BLOQUEADO;ATIVO
07/10/2026;06:28:10;2026;04/10/2026;1;PB;20516;JOÃO PESSOA;70;514;Principal;-1;1856;ESCOLA MUNICIPAL LUIZ VAZ DE CAMÕES;Convencional;RUA DOUTOR EUCLIDES NEIVA DE OLIVEIRA, S/N;MANGABEIRA II;58056000;-7,18431323;-34,84329141;ATIVO;ATIVO
07/10/2026;06:28:10;2026;04/10/2026;1;PB;20516;JOÃO PESSOA;70;515;Principal;-1;1449;ESCOLA MUNICIPAL CARLOS NEVES DA FRANCA;Convencional;RUA LEILA DINIZ, 244;JOSE AMERICO DE ALMEIDA;58073180;-7,16731256;-34,8542152;BLOQUEADO;ATIVO
07/10/2026;06:28:10;2026;04/10/2026;1;PB;20516;JOÃO PESSOA;70;516;Principal;-1;1953;ESCOLA ESTADUAL MESTRE SIVUCA;Convencional;RUA FLOR DE IRIS, S/N;MANGABEIRA VIII;58059744;-7,17720015;-34,82217364;ATIVO;ATIVO
07/10/2026;06:28:10;2026;04/10/2026;1;PB;20516;JOÃO PESSOA;70;517;Principal;-1;1406;ESCOLA MUNICIPAL DAVID TRINDADE;Convencional;RUA JOSÉ MENDONCA DE ARAUJO, 88;MANGABEIRA I;58056380;-7,17546852;-34,84202205;ATIVO;ATIVO
07/10/2026;06:28:10;2026;04/10/2026;1;PB;20516;JOÃO PESSOA;70;518;Principal;-1;1775;CPDAC - CENTRO PROFISSIONALIZANTE ANTONIO CABRAL;Convencional;AVENIDA AVELINO DOS SANTOS, S/N;VALENTINA DE FIGUEIREDO II;58064550;-7,20204106;-34,84576121;ATIVO;ATIVO
07/10/2026;06:28:10;2026;04/10/2026;1;PB;20516;JOÃO PESSOA;70;519;Principal;-1;1910;ESCOLA MUNICIPAL DOM HELDER CÂMARA;Convencional;RUA JOAMIR SEVERINO DOS SANTOS, S/N;VALENTINA DE FIGUEIREDO II;58064132;-7,19920038;-34,84388698;ATIVO;ATIVO
07/10/2026;06:28:10;2026;04/10/2026;1;PB;20516;JOÃO PESSOA;70;520;Principal;-1;1848;ESCOLA ESTADUAL PROFESSOR JOSÉ BATISTA DE MELO;Convencional;RUA MANUEL ANGELO DE OLIVEIRA, S/N ;MANGABEIRA VII;58058200;-7,16448313;-34,83137557;ATIVO;ATIVO
07/10/2026;06:28:10;2026;04/10/2026;1;PB;20516;JOÃO PESSOA;70;522;Principal;-1;1848;ESCOLA ESTADUAL PROFESSOR JOSÉ BATISTA DE MELO;Convencional;RUA MANUEL ANGELO DE OLIVEIRA, S/N ;MANGABEIRA VII;58058200;-7,16448313;-34,83137557;ATIVO;ATIVO
07/10/2026;06:28:10;2026;04/10/2026;1;PB;20516;JOÃO PESSOA;70;524;Principal;-1;1929;ESCOLA ESTADUAL JOÃO ROBERTO BORGES DE SOUZA;Convencional;RUA OSÓRIO MILANÊS FILHO, S/N;MANGABEIRA II;58056280;-7,17816687;-34,83935875;ATIVO;ATIVO
07/10/2026;06:28:10;2026;04/10/2026;1;PB;20516;JOÃO PESSOA;70;525;Principal;-1;1848;ESCOLA ESTADUAL PROFESSOR JOSÉ BATISTA DE MELO;Convencional;RUA MANUEL ANGELO DE OLIVEIRA, S/N ;MANGABEIRA VII;58058200;-7,16448313;-34,83137557;ATIVO;ATIVO
07/10/2026;06:28:10;2026;04/10/2026;1;PB;20516;JOÃO PESSOA;70;526;Principal;-1;1503;ESCOLA ESTADUAL PROFESSORA ADÉLIA DE FRANCA;Convencional;RUA JOAO RAIMUNDO DE LUCENA, S/N;VALENTINA DE FIGUEIREDO I;58063620;-7,20511857;-34,84858689;ATIVO;ATIVO
07/10/2026;06:28:10;2026;04/10/2026;1;PB;20516;JOÃO PESSOA;70;527;Principal;-1;1821;ESCOLA ESTADUAL PROFESSORA RITA MIRANDA HENRIQUES;Convencional;RUA FRANCISCO PORFÍRIO RIBEIRO, S/N;MANGABEIRA IV;58057100;-7,18853363;-34,83925789;BLOQUEADO;ATIVO
07/10/2026;06:28:10;2026;04/10/2026;1;PB;20516;JOÃO PESSOA;70;529;Principal;-1;1953;ESCOLA ESTADUAL MESTRE SIVUCA;Convencional;RUA FLOR DE IRIS, S/N;MANGABEIRA VIII;58059744;-7,17720015;-34,82217364;ATIVO;ATIVO
07/10/2026;06:28:10;2026;04/10/2026;1;PB;20516;JOÃO PESSOA;70;530;Principal;-1;1970;FUNDAÇÃO BRADESCO;Convencional;RUA MARIÂNGELA LUCENA PEIXOTO, 683;VALENTINA DE FIGUEIREDO I;58063300;-7,20112239;-34,84845009;BLOQUEADO;ATIVO
07/10/2026;06:28:10;2026;04/10/2026;1;PB;20516;JOÃO PESSOA;70;532;Principal;-1;1775;CPDAC - CENTRO PROFISSIONALIZANTE ANTONIO CABRAL;Convencional;AVENIDA AVELINO DOS SANTOS, S/N;VALENTINA DE FIGUEIREDO II;58064550;-7,20204106;-34,84576121;ATIVO;ATIVO
07/10/2026;06:28:10;2026;04/10/2026;1;PB;20516;JOÃO PESSOA;70;533;Principal;-1;1449;ESCOLA MUNICIPAL CARLOS NEVES DA FRANCA;Convencional;RUA LEILA DINIZ, 244;JOSE AMERICO DE ALMEIDA;58073180;-7,16731256;-34,8542152;BLOQUEADO;ATIVO
07/10/2026;06:28:10;2026;04/10/2026;1;PB;20516;JOÃO PESSOA;70;534;Principal;-1;1996;ESCOLA MUNICIPAL ÍNDIO PIRAGIBE;Convencional;BEATRIZ MARIA DE OLIVEIRA, S/N;MANGABEIRA VII;58058320;-7,16878078;-34,83051572;ATIVO;ATIVO
07/10/2026;06:28:10;2026;04/10/2026;1;PB;20516;JOÃO PESSOA;70;535;Principal;-1;1996;ESCOLA MUNICIPAL ÍNDIO PIRAGIBE;Convencional;BEATRIZ MARIA DE OLIVEIRA, S/N;MANGABEIRA VII;58058320;-7,16878078;-34,83051572;ATIVO;ATIVO
07/10/2026;06:28:10;2026;04/10/2026;1;PB;20516;JOÃO PESSOA;70;536;Principal;-1;1457;ESCOLA MUNICIPAL MINISTRO JOSÉ AMÉRICO DE ALMEIDA;Convencional;RUA CORONEL AUGUSTO FERNANDES MAIA, 307;JOSE AMERICO DE ALMEIDA;58073000;-7,16806571;-34,8567064;ATIVO;ATIVO
07/10/2026;06:28:10;2026;04/10/2026;1;PB;20516;JOÃO PESSOA;70;537;Principal;-1;1988;COLÉGIO E CURSO DECISÃO;Convencional;RUA ESTELA BEZERRA DA SILVA, 152;MANGABEIRA I;58055254;-7,16617239;-34,84128161;ATIVO;ATIVO
07/10/2026;06:28:10;2026;04/10/2026;1;PB;20516;JOÃO PESSOA;70;538;Principal;-1;2011;COLÉGIO VIP QI;Convencional;RUA MARIA DOS ANJOS DE LIMA FEITOSA, 132;MANGABEIRA II;58056610;-7,18330984;-34,8413103;ATIVO;ATIVO
07/10/2026;06:28:10;2026;04/10/2026;1;PB;20516;JOÃO PESSOA;70;540;Principal;-1;1856;ESCOLA MUNICIPAL LUIZ VAZ DE CAMÕES;Convencional;RUA DOUTOR EUCLIDES NEIVA DE OLIVEIRA, S/N;MANGABEIRA II;58056000;-7,18431323;-34,84329141;ATIVO;ATIVO
07/10/2026;06:28:10;2026;04/10/2026;1;PB;20516;JOÃO PESSOA;70;543;Principal;-1;1775;CPDAC - CENTRO PROFISSIONALIZANTE ANTONIO CABRAL;Convencional;AVENIDA AVELINO DOS SANTOS, S/N;VALENTINA DE FIGUEIREDO II;58064550;-7,20204106;-34,84576121;ATIVO;ATIVO
07/10/2026;06:28:10;2026;04/10/2026;1;PB;20516;JOÃO PESSOA;70;544;Principal;-1;1970;FUNDAÇÃO BRADESCO;Convencional;RUA MARIÂNGELA LUCENA PEIXOTO, 683;VALENTINA DE FIGUEIREDO I;58063300;-7,20112239;-34,84845009;BLOQUEADO;ATIVO
07/10/2026;06:28:10;2026;04/10/2026;1;PB;20516;JOÃO PESSOA;70;545;Principal;-1;1953;ESCOLA ESTADUAL MESTRE SIVUCA;Convencional;RUA FLOR DE IRIS, S/N;MANGABEIRA VIII;58059744;-7,17720015;-34,82217364;ATIVO;ATIVO
07/10/2026;06:28:10;2026;04/10/2026;1;PB;20516;JOÃO PESSOA;70;547;Principal;-1;1783;ESCOLA ESTADUAL PROFESSORA MARIA BRONZEADO MACHADO;Convencional;RUA ADAUTO DANTAS, S/N;MANGABEIRA II;58057620;-7,18097445;-34,8457445;BLOQUEADO;ATIVO
07/10/2026;06:28:10;2026;04/10/2026;1;PB;20516;JOÃO PESSOA;70;548;Principal;-1;1406;ESCOLA MUNICIPAL DAVID TRINDADE;Convencional;RUA JOSÉ MENDONCA DE ARAUJO, 88;MANGABEIRA I;58056380;-7,17546852;-34,84202205;ATIVO;ATIVO
07/10/2026;06:28:10;2026;04/10/2026;1;PB;20516;JOÃO PESSOA;70;549;Principal;-1;1775;CPDAC - CENTRO PROFISSIONALIZANTE ANTONIO CABRAL;Convencional;AVENIDA AVELINO DOS SANTOS, S/N;VALENTINA DE FIGUEIREDO II;58064550;-7,20204106;-34,84576121;ATIVO;ATIVO
07/10/2026;06:28:10;2026;04/10/2026;1;PB;20516;JOÃO PESSOA;70;550;Principal;-1;1457;ESCOLA MUNICIPAL MINISTRO JOSÉ AMÉRICO DE ALMEIDA;Convencional;RUA CORONEL AUGUSTO FERNANDES MAIA, 307;JOSE AMERICO DE ALMEIDA;58073000;-7,16806571;-34,8567064;ATIVO;ATIVO
07/10/2026;06:28:10;2026;04/10/2026;1;PB;20516;JOÃO PESSOA;70;552;Principal;-1;1970;FUNDAÇÃO BRADESCO;Convencional;RUA MARIÂNGELA LUCENA PEIXOTO, 683;VALENTINA DE FIGUEIREDO I;58063300;-7,20112239;-34,84845009;BLOQUEADO;ATIVO
07/10/2026;06:28:10;2026;04/10/2026;1;PB;20516;JOÃO PESSOA;70;553;Principal;-1;1910;ESCOLA MUNICIPAL DOM HELDER CÂMARA;Convencional;RUA JOAMIR SEVERINO DOS SANTOS, S/N;VALENTINA DE FIGUEIREDO II;58064132;-7,19920038;-34,84388698;ATIVO;ATIVO
07/10/2026;06:28:10;2026;04/10/2026;1;PB;20516;JOÃO PESSOA;70;554;Principal;-1;1953;ESCOLA ESTADUAL MESTRE SIVUCA;Convencional;RUA FLOR DE IRIS, S/N;MANGABEIRA VIII;58059744;-7,17720015;-34,82217364;ATIVO;ATIVO
07/10/2026;06:28:10;2026;04/10/2026;1;PB;20516;JOÃO PESSOA;70;555;Principal;-1;1996;ESCOLA MUNICIPAL ÍNDIO PIRAGIBE;Convencional;BEATRIZ MARIA DE OLIVEIRA, S/N;MANGABEIRA VII;58058320;-7,16878078;-34,83051572;ATIVO;ATIVO
07/10/2026;06:28:10;2026;04/10/2026;1;PB;20516;JOÃO PESSOA;70;557;Principal;-1;1775;CPDAC - CENTRO PROFISSIONALIZANTE ANTONIO CABRAL;Convencional;AVENIDA AVELINO DOS SANTOS, S/N;VALENTINA DE FIGUEIREDO II;58064550;-7,20204106;-34,84576121;ATIVO;ATIVO
07/10/2026;06:28:10;2026;04/10/2026;1;PB;20516;JOÃO PESSOA;70;558;Principal;-1;1970;FUNDAÇÃO BRADESCO;Convencional;RUA MARIÂNGELA LUCENA PEIXOTO, 683;VALENTINA DE FIGUEIREDO I;58063300;-7,20112239;-34,84845009;BLOQUEADO;ATIVO
07/10/2026;06:28:10;2026;04/10/2026;1;PB;20516;JOÃO PESSOA;70;561;Principal;-1;1457;ESCOLA MUNICIPAL MINISTRO JOSÉ AMÉRICO DE ALMEIDA;Convencional;RUA CORONEL AUGUSTO FERNANDES MAIA, 307;JOSE AMERICO DE ALMEIDA;58073000;-7,16806571;-34,8567064;ATIVO;ATIVO
07/10/2026;06:28:10;2026;04/10/2026;1;PB;20516;JOÃO PESSOA;70;562;Principal;-1;1856;ESCOLA MUNICIPAL LUIZ VAZ DE CAMÕES;Convencional;RUA DOUTOR EUCLIDES NEIVA DE OLIVEIRA, S/N;MANGABEIRA II;58056000;-7,18431323;-34,84329141;ATIVO;ATIVO
07/10/2026;06:28:10;2026;04/10/2026;1;PB;20516;JOÃO PESSOA;70;563;Principal;-1;1821;ESCOLA ESTADUAL PROFESSORA RITA MIRANDA HENRIQUES;Convencional;RUA FRANCISCO PORFÍRIO RIBEIRO, S/N;MANGABEIRA IV;58057100;-7,18853363;-34,83925789;BLOQUEADO;ATIVO
07/10/2026;06:28:10;2026;04/10/2026;1;PB;20516;JOÃO PESSOA;70;564;Principal;-1;1988;COLÉGIO E CURSO DECISÃO;Convencional;RUA ESTELA BEZERRA DA SILVA, 152;MANGABEIRA I;58055254;-7,16617239;-34,84128161;ATIVO;ATIVO
07/10/2026;06:28:10;2026;04/10/2026;1;PB;20516;JOÃO PESSOA;70;566;Principal;-1;1775;CPDAC - CENTRO PROFISSIONALIZANTE ANTONIO CABRAL;Convencional;AVENIDA AVELINO DOS SANTOS, S/N;VALENTINA DE FIGUEIREDO II;58064550;-7,20204106;-34,84576121;ATIVO;ATIVO
07/10/2026;06:28:10;2026;04/10/2026;1;PB;20516;JOÃO PESSOA;70;567;Principal;-1;2011;COLÉGIO VIP QI;Convencional;RUA MARIA DOS ANJOS DE LIMA FEITOSA, 132;MANGABEIRA II;58056610;-7,18330984;-34,8413103;ATIVO;ATIVO
07/10/2026;06:28:10;2026;04/10/2026;1;PB;20516;JOÃO PESSOA;70;568;Principal;-1;1953;ESCOLA ESTADUAL MESTRE SIVUCA;Convencional;RUA FLOR DE IRIS, S/N;MANGABEIRA VIII;58059744;-7,17720015;-34,82217364;ATIVO;ATIVO
07/10/2026;06:28:10;2026;04/10/2026;1;PB;20516;JOÃO PESSOA;70;569;Principal;-1;1775;CPDAC - CENTRO PROFISSIONALIZANTE ANTONIO CABRAL;Convencional;AVENIDA AVELINO DOS SANTOS, S/N;VALENTINA DE FIGUEIREDO II;58064550;-7,20204106;-34,84576121;ATIVO;ATIVO
07/10/2026;06:28:10;2026;04/10/2026;1;PB;20516;JOÃO PESSOA;70;570;Principal;-1;1406;ESCOLA MUNICIPAL DAVID TRINDADE;Convencional;RUA JOSÉ MENDONCA DE ARAUJO, 88;MANGABEIRA I;58056380;-7,17546852;-34,84202205;ATIVO;ATIVO
07/10/2026;06:28:10;2026;04/10/2026;1;PB;20516;JOÃO PESSOA;70;573;Principal;-1;2046;ESCOLA MUNICIPAL RADEGUNDES FEITOSA NUNES;Convencional;RUA CÂNDIDA FORMIGA DE SOUZA, S/N;JOSE AMERICO DE ALMEIDA;58074081;-7,17548397;-34,85707673;BLOQUEADO;ATIVO
07/10/2026;06:28:10;2026;04/10/2026;1;PB;20516;JOÃO PESSOA;70;576;Principal;-1;2054;CRECHE MARIA DE FÁTIMA AMORIM NAVARRO;Convencional;RUA JOAQUIM FARIAS BARBOSA, S/N;JOSE AMERICO DE ALMEIDA;58073190;-7,16780562;-34,85424282;ATIVO;ATIVO
07/10/2026;06:28:10;2026;04/10/2026;1;PB;20516;JOÃO PESSOA;70;578;Principal;-1;1910;ESCOLA MUNICIPAL DOM HELDER CÂMARA;Convencional;RUA JOAMIR SEVERINO DOS SANTOS, S/N;VALENTINA DE FIGUEIREDO II;58064132;-7,19920038;-34,84388698;ATIVO;ATIVO
07/10/2026;06:28:10;2026;04/10/2026;1;PB;20516;JOÃO PESSOA;70;580;Principal;-1;1953;ESCOLA ESTADUAL MESTRE SIVUCA;Convencional;RUA FLOR DE IRIS, S/N;MANGABEIRA VIII;58059744;-7,17720015;-34,82217364;ATIVO;ATIVO
07/10/2026;06:28:10;2026;04/10/2026;1;PB;20516;JOÃO PESSOA;70;582;Principal;-1;1856;ESCOLA MUNICIPAL LUIZ VAZ DE CAMÕES;Convencional;RUA DOUTOR EUCLIDES NEIVA DE OLIVEIRA, S/N;MANGABEIRA II;58056000;-7,18431323;-34,84329141;ATIVO;ATIVO
07/10/2026;06:28:10;2026;04/10/2026;1;PB;20516;JOÃO PESSOA;70;583;Principal;-1;1910;ESCOLA MUNICIPAL DOM HELDER CÂMARA;Convencional;RUA JOAMIR SEVERINO DOS SANTOS, S/N;VALENTINA DE FIGUEIREDO II;58064132;-7,19920038;-34,84388698;ATIVO;ATIVO
07/10/2026;06:28:10;2026;04/10/2026;1;PB;20516;JOÃO PESSOA;70;586;Principal;-1;1988;COLÉGIO E CURSO DECISÃO;Convencional;RUA ESTELA BEZERRA DA SILVA, 152;MANGABEIRA I;58055254;-7,16617239;-34,84128161;ATIVO;ATIVO
07/10/2026;06:28:10;2026;04/10/2026;1;PB;20516;JOÃO PESSOA;70;587;Principal;-1;2046;ESCOLA MUNICIPAL RADEGUNDES FEITOSA NUNES;Convencional;RUA CÂNDIDA FORMIGA DE SOUZA, S/N;JOSE AMERICO DE ALMEIDA;58074081;-7,17548397;-34,85707673;BLOQUEADO;ATIVO
07/10/2026;06:28:10;2026;04/10/2026;1;PB;20516;JOÃO PESSOA;70;589;Principal;-1;2054;CRECHE MARIA DE FÁTIMA AMORIM NAVARRO;Convencional;RUA JOAQUIM FARIAS BARBOSA, S/N;JOSE AMERICO DE ALMEIDA;58073190;-7,16780562;-34,85424282;ATIVO;ATIVO
07/10/2026;06:28:10;2026;04/10/2026;1;PB;20516;JOÃO PESSOA;70;590;Principal;-1;1783;ESCOLA ESTADUAL PROFESSORA MARIA BRONZEADO MACHADO;Convencional;RUA ADAUTO DANTAS, S/N;MANGABEIRA II;58057620;-7,18097445;-34,8457445;BLOQUEADO;ATIVO
07/10/2026;06:28:10;2026;04/10/2026;1;PB;20516;JOÃO PESSOA;70;591;Principal;-1;2011;COLÉGIO VIP QI;Convencional;RUA MARIA DOS ANJOS DE LIMA FEITOSA, 132;MANGABEIRA II;58056610;-7,18330984;-34,8413103;ATIVO;ATIVO
07/10/2026;06:28:10;2026;04/10/2026;1;PB;20516;JOÃO PESSOA;70;592;Principal;-1;1996;ESCOLA MUNICIPAL ÍNDIO PIRAGIBE;Convencional;BEATRIZ MARIA DE OLIVEIRA, S/N;MANGABEIRA VII;58058320;-7,16878078;-34,83051572;ATIVO;ATIVO
07/10/2026;06:28:10;2026;04/10/2026;1;PB;20516;JOÃO PESSOA;70;594;Principal;-1;1821;ESCOLA ESTADUAL PROFESSORA RITA MIRANDA HENRIQUES;Convencional;RUA FRANCISCO PORFÍRIO RIBEIRO, S/N;MANGABEIRA IV;58057100;-7,18853363;-34,83925789;BLOQUEADO;ATIVO
07/10/2026;06:28:10;2026;04/10/2026;1;PB;20516;JOÃO PESSOA;70;597;Principal;-1;1775;CPDAC - CENTRO PROFISSIONALIZANTE ANTONIO CABRAL;Convencional;AVENIDA AVELINO DOS SANTOS, S/N;VALENTINA DE FIGUEIREDO II;58064550;-7,20204106;-34,84576121;ATIVO;ATIVO
07/10/2026;06:28:10;2026;04/10/2026;1;PB;20516;JOÃO PESSOA;70;598;Principal;-1;1970;FUNDAÇÃO BRADESCO;Convencional;RUA MARIÂNGELA LUCENA PEIXOTO, 683;VALENTINA DE FIGUEIREDO I;58063300;-7,20112239;-34,84845009;BLOQUEADO;ATIVO
07/10/2026;06:28:10;2026;04/10/2026;1;PB;20516;JOÃO PESSOA;70;599;Principal;-1;2054;CRECHE MARIA DE FÁTIMA AMORIM NAVARRO;Convencional;RUA JOAQUIM FARIAS BARBOSA, S/N;JOSE AMERICO DE ALMEIDA;58073190;-7,16780562;-34,85424282;ATIVO;ATIVO
07/10/2026;06:28:10;2026;04/10/2026;1;PB;20516;JOÃO PESSOA;70;600;Principal;-1;1910;ESCOLA MUNICIPAL DOM HELDER CÂMARA;Convencional;RUA JOAMIR SEVERINO DOS SANTOS, S/N;VALENTINA DE FIGUEIREDO II;58064132;-7,19920038;-34,84388698;ATIVO;ATIVO
07/10/2026;06:28:10;2026;04/10/2026;1;PB;20516;JOÃO PESSOA;70;601;Principal;-1;2046;ESCOLA MUNICIPAL RADEGUNDES FEITOSA NUNES;Convencional;RUA CÂNDIDA FORMIGA DE SOUZA, S/N;JOSE AMERICO DE ALMEIDA;58074081;-7,17548397;-34,85707673;BLOQUEADO;ATIVO
07/10/2026;06:28:10;2026;04/10/2026;1;PB;20516;JOÃO PESSOA;70;603;Principal;-1;2011;COLÉGIO VIP QI;Convencional;RUA MARIA DOS ANJOS DE LIMA FEITOSA, 132;MANGABEIRA II;58056610;-7,18330984;-34,8413103;ATIVO;ATIVO
07/10/2026;06:28:10;2026;04/10/2026;1;PB;20516;JOÃO PESSOA;70;607;Principal;-1;1996;ESCOLA MUNICIPAL ÍNDIO PIRAGIBE;Convencional;BEATRIZ MARIA DE OLIVEIRA, S/N;MANGABEIRA VII;58058320;-7,16878078;-34,83051572;ATIVO;ATIVO
07/10/2026;06:28:10;2026;04/10/2026;1;PB;20516;JOÃO PESSOA;70;609;Principal;-1;1538;ESCOLA ESTADUAL PROFESSOR OLÍVIO PINTO;Convencional;RUA ULISSES ALVES PEQUENO, S/N;VALENTINA DE FIGUEIREDO I;58064580;-7,2069954;-34,84331291;ATIVO;ATIVO
07/10/2026;06:28:10;2026;04/10/2026;1;PB;20516;JOÃO PESSOA;70;610;Principal;-1;2119;CENTRO DE FORMAÇÃO DE EDUCADORES DE JOÃO PESSOA;Convencional;RUA CORONEL BENEVENUTO GONÇALVES DA COSTA, S/N;MANGABEIRA VI;58056020;-7,17291933;-34,83671358;ATIVO;ATIVO
07/10/2026;06:28:10;2026;04/10/2026;1;PB;20516;JOÃO PESSOA;70;612;Principal;-1;2054;CRECHE MARIA DE FÁTIMA AMORIM NAVARRO;Convencional;RUA JOAQUIM FARIAS BARBOSA, S/N;JOSE AMERICO DE ALMEIDA;58073190;-7,16780562;-34,85424282;ATIVO;ATIVO
07/10/2026;06:28:10;2026;04/10/2026;1;PB;20516;JOÃO PESSOA;70;614;Principal;-1;1988;COLÉGIO E CURSO DECISÃO;Convencional;RUA ESTELA BEZERRA DA SILVA, 152;MANGABEIRA I;58055254;-7,16617239;-34,84128161;ATIVO;ATIVO
07/10/2026;06:28:10;2026;04/10/2026;1;PB;20516;JOÃO PESSOA;70;615;Principal;-1;2046;ESCOLA MUNICIPAL RADEGUNDES FEITOSA NUNES;Convencional;RUA CÂNDIDA FORMIGA DE SOUZA, S/N;JOSE AMERICO DE ALMEIDA;58074081;-7,17548397;-34,85707673;BLOQUEADO;ATIVO
07/10/2026;06:28:10;2026;04/10/2026;1;PB;20516;JOÃO PESSOA;70;616;Principal;-1;2119;CENTRO DE FORMAÇÃO DE EDUCADORES DE JOÃO PESSOA;Convencional;RUA CORONEL BENEVENUTO GONÇALVES DA COSTA, S/N;MANGABEIRA VI;58056020;-7,17291933;-34,83671358;ATIVO;ATIVO
07/10/2026;06:28:10;2026;04/10/2026;1;PB;20516;JOÃO PESSOA;70;617;Principal;-1;1970;FUNDAÇÃO BRADESCO;Convencional;RUA MARIÂNGELA LUCENA PEIXOTO, 683;VALENTINA DE FIGUEIREDO I;58063300;-7,20112239;-34,84845009;BLOQUEADO;ATIVO
07/10/2026;06:28:10;2026;04/10/2026;1;PB;20516;JOÃO PESSOA;70;620;Principal;-1;1996;ESCOLA MUNICIPAL ÍNDIO PIRAGIBE;Convencional;BEATRIZ MARIA DE OLIVEIRA, S/N;MANGABEIRA VII;58058320;-7,16878078;-34,83051572;ATIVO;ATIVO
07/10/2026;06:28:10;2026;04/10/2026;1;PB;20516;JOÃO PESSOA;70;621;Principal;-1;2119;CENTRO DE FORMAÇÃO DE EDUCADORES DE JOÃO PESSOA;Convencional;RUA CORONEL BENEVENUTO GONÇALVES DA COSTA, S/N;MANGABEIRA VI;58056020;-7,17291933;-34,83671358;ATIVO;ATIVO
07/10/2026;06:28:10;2026;04/10/2026;1;PB;20516;JOÃO PESSOA;70;623;Principal;-1;2054;CRECHE MARIA DE FÁTIMA AMORIM NAVARRO;Convencional;RUA JOAQUIM FARIAS BARBOSA, S/N;JOSE AMERICO DE ALMEIDA;58073190;-7,16780562;-34,85424282;ATIVO;ATIVO
07/10/2026;06:28:10;2026;04/10/2026;1;PB;20516;JOÃO PESSOA;70;624;Principal;-1;1970;FUNDAÇÃO BRADESCO;Convencional;RUA MARIÂNGELA LUCENA PEIXOTO, 683;VALENTINA DE FIGUEIREDO I;58063300;-7,20112239;-34,84845009;BLOQUEADO;ATIVO
07/10/2026;06:28:10;2026;04/10/2026;1;PB;20516;JOÃO PESSOA;70;626;Principal;-1;2119;CENTRO DE FORMAÇÃO DE EDUCADORES DE JOÃO PESSOA;Convencional;RUA CORONEL BENEVENUTO GONÇALVES DA COSTA, S/N;MANGABEIRA VI;58056020;-7,17291933;-34,83671358;ATIVO;ATIVO
07/10/2026;06:28:10;2026;04/10/2026;1;PB;20516;JOÃO PESSOA;70;627;Principal;-1;2046;ESCOLA MUNICIPAL RADEGUNDES FEITOSA NUNES;Convencional;RUA CÂNDIDA FORMIGA DE SOUZA, S/N;JOSE AMERICO DE ALMEIDA;58074081;-7,17548397;-34,85707673;BLOQUEADO;ATIVO
07/10/2026;06:28:10;2026;04/10/2026;1;PB;20516;JOÃO PESSOA;70;628;Principal;-1;1988;COLÉGIO E CURSO DECISÃO;Convencional;RUA ESTELA BEZERRA DA SILVA, 152;MANGABEIRA I;58055254;-7,16617239;-34,84128161;ATIVO;ATIVO
07/10/2026;06:28:10;2026;04/10/2026;1;PB;20516;JOÃO PESSOA;70;631;Principal;-1;1996;ESCOLA MUNICIPAL ÍNDIO PIRAGIBE;Convencional;BEATRIZ MARIA DE OLIVEIRA, S/N;MANGABEIRA VII;58058320;-7,16878078;-34,83051572;ATIVO;ATIVO
07/10/2026;06:28:10;2026;04/10/2026;1;PB;20516;JOÃO PESSOA;70;632;Principal;-1;1406;ESCOLA MUNICIPAL DAVID TRINDADE;Convencional;RUA JOSÉ MENDONCA DE ARAUJO, 88;MANGABEIRA I;58056380;-7,17546852;-34,84202205;ATIVO;ATIVO
07/10/2026;06:28:10;2026;04/10/2026;1;PB;20516;JOÃO PESSOA;70;634;Principal;-1;1511;ESCOLA ESTADUAL PROFESSOR CELESTIN MALZAC;Convencional;RUA PROFESSORA ZENAIDE BRASILINO, S/N;VALENTINA DE FIGUEIREDO I;58063320;-7,19991979;-34,85206378;ATIVO;ATIVO
07/10/2026;06:28:10;2026;04/10/2026;1;PB;20516;JOÃO PESSOA;70;639;Principal;-1;2046;ESCOLA MUNICIPAL RADEGUNDES FEITOSA NUNES;Convencional;RUA CÂNDIDA FORMIGA DE SOUZA, S/N;JOSE AMERICO DE ALMEIDA;58074081;-7,17548397;-34,85707673;BLOQUEADO;ATIVO
07/10/2026;06:28:10;2026;04/10/2026;1;PB;20516;JOÃO PESSOA;70;640;Principal;-1;1988;COLÉGIO E CURSO DECISÃO;Convencional;RUA ESTELA BEZERRA DA SILVA, 152;MANGABEIRA I;58055254;-7,16617239;-34,84128161;ATIVO;ATIVO
07/10/2026;06:28:10;2026;04/10/2026;1;PB;20516;JOÃO PESSOA;70;641;Principal;-1;1961;CENTRO SOCIOEDUCATIVO EDSON MOTA - CSE;Preso provisório;RUA SEVERINO MACENA DANTAS, S/N;MANGABEIRA VI;58033455;-7,1709817;-34,8340967;ATIVO;ATIVO
07/10/2026;06:28:10;2026;04/10/2026;1;PB;20516;JOÃO PESSOA;70;642;Principal;-1;2089;ESCOLA MUNICIPAL PROFESSOR AFONSO PEREIRA DA SILVA;Convencional;RUA DA SUCUPIRA, S/N;MANGABEIRA VIII;58059744;-7,17725039;-34,81833055;ATIVO;ATIVO
07/10/2026;06:28:10;2026;04/10/2026;1;PB;20516;JOÃO PESSOA;70;643;Principal;-1;2097;COLÉGIO IPI;Convencional;RUA MARIA LUZIA DA CONCEIÇÃO, 100;VALENTINA FIGUEIREDO;58064600;-7,20702775;-34,84240328;ATIVO;ATIVO
07/10/2026;06:28:10;2026;04/10/2026;1;PB;20516;JOÃO PESSOA;70;644;Principal;-1;2100;INSTITUTO DE ENSINO NOSSA SENHORA DA CONCEIÇÃO - IENSC;Convencional;RUA PROFA. MARIA DA LUZ BARBOSA, 14;VALENTINA FIGUEIREDO;58063580;-7,20330004;-34,84690895;BLOQUEADO;ATIVO
07/10/2026;06:28:10;2026;04/10/2026;1;PB;20516;JOÃO PESSOA;70;645;Principal;-1;1910;ESCOLA MUNICIPAL DOM HELDER CÂMARA;Convencional;RUA JOAMIR SEVERINO DOS SANTOS, S/N;VALENTINA DE FIGUEIREDO II;58064132;-7,19920038;-34,84388698;ATIVO;ATIVO
07/10/2026;06:28:10;2026;04/10/2026;1;PB;20516;JOÃO PESSOA;70;646;Principal;-1;2054;CRECHE MARIA DE FÁTIMA AMORIM NAVARRO;Convencional;RUA JOAQUIM FARIAS BARBOSA, S/N;JOSE AMERICO DE ALMEIDA;58073190;-7,16780562;-34,85424282;ATIVO;ATIVO
07/10/2026;06:28:10;2026;04/10/2026;1;PB;20516;JOÃO PESSOA;70;650;Principal;-1;1511;ESCOLA ESTADUAL PROFESSOR CELESTIN MALZAC;Convencional;RUA PROFESSORA ZENAIDE BRASILINO, S/N;VALENTINA DE FIGUEIREDO I;58063320;-7,19991979;-34,85206378;ATIVO;ATIVO
07/10/2026;06:28:10;2026;04/10/2026;1;PB;20516;JOÃO PESSOA;70;652;Principal;-1;1929;ESCOLA ESTADUAL JOÃO ROBERTO BORGES DE SOUZA;Convencional;RUA OSÓRIO MILANÊS FILHO, S/N;MANGABEIRA II;58056280;-7,17816687;-34,83935875;ATIVO;ATIVO
07/10/2026;06:28:10;2026;04/10/2026;1;PB;20516;JOÃO PESSOA;70;653;Principal;-1;2089;ESCOLA MUNICIPAL PROFESSOR AFONSO PEREIRA DA SILVA;Convencional;RUA DA SUCUPIRA, S/N;MANGABEIRA VIII;58059744;-7,17725039;-34,81833055;ATIVO;ATIVO
07/10/2026;06:28:10;2026;04/10/2026;1;PB;20516;JOÃO PESSOA;70;655;Principal;-1;2046;ESCOLA MUNICIPAL RADEGUNDES FEITOSA NUNES;Convencional;RUA CÂNDIDA FORMIGA DE SOUZA, S/N;JOSE AMERICO DE ALMEIDA;58074081;-7,17548397;-34,85707673;BLOQUEADO;ATIVO
07/10/2026;06:28:10;2026;04/10/2026;1;PB;20516;JOÃO PESSOA;70;656;Principal;-1;1988;COLÉGIO E CURSO DECISÃO;Convencional;RUA ESTELA BEZERRA DA SILVA, 152;MANGABEIRA I;58055254;-7,16617239;-34,84128161;ATIVO;ATIVO
07/10/2026;06:28:10;2026;04/10/2026;1;PB;20516;JOÃO PESSOA;70;657;Principal;-1;2097;COLÉGIO IPI;Convencional;RUA MARIA LUZIA DA CONCEIÇÃO, 100;VALENTINA FIGUEIREDO;58064600;-7,20702775;-34,84240328;ATIVO;ATIVO
07/10/2026;06:28:10;2026;04/10/2026;1;PB;20516;JOÃO PESSOA;70;659;Principal;-1;2119;CENTRO DE FORMAÇÃO DE EDUCADORES DE JOÃO PESSOA;Convencional;RUA CORONEL BENEVENUTO GONÇALVES DA COSTA, S/N;MANGABEIRA VI;58056020;-7,17291933;-34,83671358;ATIVO;ATIVO
07/10/2026;06:28:10;2026;04/10/2026;1;PB;20516;JOÃO PESSOA;70;660;Principal;-1;2089;ESCOLA MUNICIPAL PROFESSOR AFONSO PEREIRA DA SILVA;Convencional;RUA DA SUCUPIRA, S/N;MANGABEIRA VIII;58059744;-7,17725039;-34,81833055;ATIVO;ATIVO
07/10/2026;06:28:10;2026;04/10/2026;1;PB;20516;JOÃO PESSOA;70;661;Principal;-1;1970;FUNDAÇÃO BRADESCO;Convencional;RUA MARIÂNGELA LUCENA PEIXOTO, 683;VALENTINA DE FIGUEIREDO I;58063300;-7,20112239;-34,84845009;BLOQUEADO;ATIVO
07/10/2026;06:28:10;2026;04/10/2026;1;PB;20516;JOÃO PESSOA;70;662;Principal;-1;2046;ESCOLA MUNICIPAL RADEGUNDES FEITOSA NUNES;Convencional;RUA CÂNDIDA FORMIGA DE SOUZA, S/N;JOSE AMERICO DE ALMEIDA;58074081;-7,17548397;-34,85707673;BLOQUEADO;ATIVO
07/10/2026;06:28:10;2026;04/10/2026;1;PB;20516;JOÃO PESSOA;70;663;Principal;-1;1988;COLÉGIO E CURSO DECISÃO;Convencional;RUA ESTELA BEZERRA DA SILVA, 152;MANGABEIRA I;58055254;-7,16617239;-34,84128161;ATIVO;ATIVO
07/10/2026;06:28:10;2026;04/10/2026;1;PB;20516;JOÃO PESSOA;70;664;Principal;-1;2089;ESCOLA MUNICIPAL PROFESSOR AFONSO PEREIRA DA SILVA;Convencional;RUA DA SUCUPIRA, S/N;MANGABEIRA VIII;58059744;-7,17725039;-34,81833055;ATIVO;ATIVO
07/10/2026;06:28:10;2026;04/10/2026;1;PB;20516;JOÃO PESSOA;70;665;Principal;-1;2097;COLÉGIO IPI;Convencional;RUA MARIA LUZIA DA CONCEIÇÃO, 100;VALENTINA FIGUEIREDO;58064600;-7,20702775;-34,84240328;ATIVO;ATIVO
07/10/2026;06:28:10;2026;04/10/2026;1;PB;20516;JOÃO PESSOA;70;666;Principal;-1;2119;CENTRO DE FORMAÇÃO DE EDUCADORES DE JOÃO PESSOA;Convencional;RUA CORONEL BENEVENUTO GONÇALVES DA COSTA, S/N;MANGABEIRA VI;58056020;-7,17291933;-34,83671358;ATIVO;ATIVO
07/10/2026;06:28:10;2026;04/10/2026;1;PB;20516;JOÃO PESSOA;70;667;Principal;-1;1783;ESCOLA ESTADUAL PROFESSORA MARIA BRONZEADO MACHADO;Convencional;RUA ADAUTO DANTAS, S/N;MANGABEIRA II;58057620;-7,18097445;-34,8457445;BLOQUEADO;ATIVO
07/10/2026;06:28:10;2026;04/10/2026;1;PB;20516;JOÃO PESSOA;70;668;Principal;-1;2046;ESCOLA MUNICIPAL RADEGUNDES FEITOSA NUNES;Convencional;RUA CÂNDIDA FORMIGA DE SOUZA, S/N;JOSE AMERICO DE ALMEIDA;58074081;-7,17548397;-34,85707673;BLOQUEADO;ATIVO
07/10/2026;06:28:10;2026;04/10/2026;1;PB;20516;JOÃO PESSOA;70;669;Principal;-1;1970;FUNDAÇÃO BRADESCO;Convencional;RUA MARIÂNGELA LUCENA PEIXOTO, 683;VALENTINA DE FIGUEIREDO I;58063300;-7,20112239;-34,84845009;BLOQUEADO;ATIVO
07/10/2026;06:28:10;2026;04/10/2026;1;PB;20516;JOÃO PESSOA;70;670;Principal;-1;1996;ESCOLA MUNICIPAL ÍNDIO PIRAGIBE;Convencional;BEATRIZ MARIA DE OLIVEIRA, S/N;MANGABEIRA VII;58058320;-7,16878078;-34,83051572;ATIVO;ATIVO
07/10/2026;06:28:10;2026;04/10/2026;1;PB;20516;JOÃO PESSOA;70;671;Principal;-1;1988;COLÉGIO E CURSO DECISÃO;Convencional;RUA ESTELA BEZERRA DA SILVA, 152;MANGABEIRA I;58055254;-7,16617239;-34,84128161;ATIVO;ATIVO
07/10/2026;06:28:10;2026;04/10/2026;1;PB;20516;JOÃO PESSOA;70;672;Principal;-1;2089;ESCOLA MUNICIPAL PROFESSOR AFONSO PEREIRA DA SILVA;Convencional;RUA DA SUCUPIRA, S/N;MANGABEIRA VIII;58059744;-7,17725039;-34,81833055;ATIVO;ATIVO
07/10/2026;06:28:10;2026;04/10/2026;1;PB;20516;JOÃO PESSOA;70;673;Principal;-1;2100;INSTITUTO DE ENSINO NOSSA SENHORA DA CONCEIÇÃO - IENSC;Convencional;RUA PROFA. MARIA DA LUZ BARBOSA, 14;VALENTINA FIGUEIREDO;58063580;-7,20330004;-34,84690895;BLOQUEADO;ATIVO
07/10/2026;06:28:10;2026;04/10/2026;1;PB;20516;JOÃO PESSOA;70;674;Principal;-1;2089;ESCOLA MUNICIPAL PROFESSOR AFONSO PEREIRA DA SILVA;Convencional;RUA DA SUCUPIRA, S/N;MANGABEIRA VIII;58059744;-7,17725039;-34,81833055;ATIVO;ATIVO
07/10/2026;06:28:10;2026;04/10/2026;1;PB;20516;JOÃO PESSOA;70;675;Principal;-1;2046;ESCOLA MUNICIPAL RADEGUNDES FEITOSA NUNES;Convencional;RUA CÂNDIDA FORMIGA DE SOUZA, S/N;JOSE AMERICO DE ALMEIDA;58074081;-7,17548397;-34,85707673;BLOQUEADO;ATIVO
07/10/2026;06:28:10;2026;04/10/2026;1;PB;20516;JOÃO PESSOA;70;676;Principal;-1;2097;COLÉGIO IPI;Convencional;RUA MARIA LUZIA DA CONCEIÇÃO, 100;VALENTINA FIGUEIREDO;58064600;-7,20702775;-34,84240328;ATIVO;ATIVO
07/10/2026;06:28:10;2026;04/10/2026;1;PB;20516;JOÃO PESSOA;70;677;Principal;-1;2046;ESCOLA MUNICIPAL RADEGUNDES FEITOSA NUNES;Convencional;RUA CÂNDIDA FORMIGA DE SOUZA, S/N;JOSE AMERICO DE ALMEIDA;58074081;-7,17548397;-34,85707673;BLOQUEADO;ATIVO
07/10/2026;06:28:10;2026;04/10/2026;1;PB;20516;JOÃO PESSOA;70;678;Principal;-1;2089;ESCOLA MUNICIPAL PROFESSOR AFONSO PEREIRA DA SILVA;Convencional;RUA DA SUCUPIRA, S/N;MANGABEIRA VIII;58059744;-7,17725039;-34,81833055;ATIVO;ATIVO
07/10/2026;06:28:10;2026;04/10/2026;1;PB;20516;JOÃO PESSOA;70;679;Principal;-1;1996;ESCOLA MUNICIPAL ÍNDIO PIRAGIBE;Convencional;BEATRIZ MARIA DE OLIVEIRA, S/N;MANGABEIRA VII;58058320;-7,16878078;-34,83051572;ATIVO;ATIVO
07/10/2026;06:28:10;2026;04/10/2026;1;PB;20516;JOÃO PESSOA;70;680;Principal;-1;2097;COLÉGIO IPI;Convencional;RUA MARIA LUZIA DA CONCEIÇÃO, 100;VALENTINA FIGUEIREDO;58064600;-7,20702775;-34,84240328;ATIVO;ATIVO
07/10/2026;06:28:10;2026;04/10/2026;1;PB;20516;JOÃO PESSOA;70;681;Principal;-1;2089;ESCOLA MUNICIPAL PROFESSOR AFONSO PEREIRA DA SILVA;Convencional;RUA DA SUCUPIRA, S/N;MANGABEIRA VIII;58059744;-7,17725039;-34,81833055;ATIVO;ATIVO
07/10/2026;06:28:10;2026;04/10/2026;1;PB;20516;JOÃO PESSOA;70;682;Principal;-1;2089;ESCOLA MUNICIPAL PROFESSOR AFONSO PEREIRA DA SILVA;Convencional;RUA DA SUCUPIRA, S/N;MANGABEIRA VIII;58059744;-7,17725039;-34,81833055;ATIVO;ATIVO
07/10/2026;06:28:10;2026;04/10/2026;1;PB;20516;JOÃO PESSOA;70;683;Principal;-1;1988;COLÉGIO E CURSO DECISÃO;Convencional;RUA ESTELA BEZERRA DA SILVA, 152;MANGABEIRA I;58055254;-7,16617239;-34,84128161;ATIVO;ATIVO
07/10/2026;06:28:10;2026;04/10/2026;1;PB;20516;JOÃO PESSOA;70;684;Principal;-1;1511;ESCOLA ESTADUAL PROFESSOR CELESTIN MALZAC;Convencional;RUA PROFESSORA ZENAIDE BRASILINO, S/N;VALENTINA DE FIGUEIREDO I;58063320;-7,19991979;-34,85206378;ATIVO;ATIVO
07/10/2026;06:28:10;2026;04/10/2026;1;PB;20516;JOÃO PESSOA;76;1;Principal;-1;1015;COLEGIO META PROX AO BANCO DO BRASIL;Convencional;MARIA ROSA JACINTO 71;BESSA;58035280;-7,0646283;-34,8419233;BLOQUEADO;ATIVO
07/10/2026;06:28:10;2026;04/10/2026;1;PB;20516;JOÃO PESSOA;76;2;Principal;-1;1015;COLEGIO META PROX AO BANCO DO BRASIL;Convencional;MARIA ROSA JACINTO 71;BESSA;58035280;-7,0646283;-34,8419233;BLOQUEADO;ATIVO
07/10/2026;06:28:10;2026;04/10/2026;1;PB;20516;JOÃO PESSOA;76;3;Principal;-1;1619;ESCOLA MUN CHICO XAVIER PROX AO SUPERBOX BRASIL;Convencional;RUA TELEGRAFISTA ELESBAO SANTIAGO, S/ N JARDIM OCEANIA;BESSA;58037737;-7,0744483;-34,8392333;ATIVO;ATIVO
07/10/2026;06:28:10;2026;04/10/2026;1;PB;20516;JOÃO PESSOA;76;4;Principal;-1;1619;ESCOLA MUN CHICO XAVIER PROX AO SUPERBOX BRASIL;Convencional;RUA TELEGRAFISTA ELESBAO SANTIAGO, S/ N JARDIM OCEANIA;BESSA;58037737;-7,0744483;-34,8392333;ATIVO;ATIVO
07/10/2026;06:28:10;2026;04/10/2026;1;PB;20516;JOÃO PESSOA;76;5;Principal;-1;1341;META UNIDADE EM FRENTE AO PARQUE PB II;Convencional;RUA JOSE FERREIRA RAMOS 35;BESSA;58036035;-7,0802967;-34,8374;ATIVO;ATIVO
07/10/2026;06:28:10;2026;04/10/2026;1;PB;20516;JOÃO PESSOA;76;6;Principal;-1;1341;META UNIDADE EM FRENTE AO PARQUE PB II;Convencional;RUA JOSE FERREIRA RAMOS 35;BESSA;58036035;-7,0802967;-34,8374;ATIVO;ATIVO
07/10/2026;06:28:10;2026;04/10/2026;1;PB;20516;JOÃO PESSOA;76;7;Principal;-1;1341;META UNIDADE EM FRENTE AO PARQUE PB II;Convencional;RUA JOSE FERREIRA RAMOS 35;BESSA;58036035;-7,0802967;-34,8374;ATIVO;ATIVO
07/10/2026;06:28:10;2026;04/10/2026;1;PB;20516;JOÃO PESSOA;76;8;Principal;-1;1341;META UNIDADE EM FRENTE AO PARQUE PB II;Convencional;RUA JOSE FERREIRA RAMOS 35;BESSA;58036035;-7,0802967;-34,8374;ATIVO;ATIVO
07/10/2026;06:28:10;2026;04/10/2026;1;PB;20516;JOÃO PESSOA;76;9;Principal;-1;1449;OLIMPO JOÃO PESSOA ( ANTIGO AZ TAMBAU);Convencional;AV SENADOR RUI CARNEIRO, 500;TAMBAU;58032100;-7,1117137;-34,8275001;ATIVO;ATIVO
07/10/2026;06:28:10;2026;04/10/2026;1;PB;20516;JOÃO PESSOA;76;10;Principal;-1;1449;OLIMPO JOÃO PESSOA ( ANTIGO AZ TAMBAU);Convencional;AV SENADOR RUI CARNEIRO, 500;TAMBAU;58032100;-7,1117137;-34,8275001;ATIVO;ATIVO
07/10/2026;06:28:10;2026;04/10/2026;1;PB;20516;JOÃO PESSOA;76;11;Principal;-1;1104;COLEGIO MASTER BESSA;Convencional;MARIA ALVES DA ROCHA 51;BESSA;58037095;-7,0956798;-34,8459514;ATIVO;ATIVO
07/10/2026;06:28:10;2026;04/10/2026;1;PB;20516;JOÃO PESSOA;76;12;Principal;-1;1104;COLEGIO MASTER BESSA;Convencional;MARIA ALVES DA ROCHA 51;BESSA;58037095;-7,0956798;-34,8459514;ATIVO;ATIVO
07/10/2026;06:28:10;2026;04/10/2026;1;PB;20516;JOÃO PESSOA;76;13;Principal;-1;1104;COLEGIO MASTER BESSA;Convencional;MARIA ALVES DA ROCHA 51;BESSA;58037095;-7,0956798;-34,8459514;ATIVO;ATIVO
07/10/2026;06:28:10;2026;04/10/2026;1;PB;20516;JOÃO PESSOA;76;14;Principal;-1;1104;COLEGIO MASTER BESSA;Convencional;MARIA ALVES DA ROCHA 51;BESSA;58037095;-7,0956798;-34,8459514;ATIVO;ATIVO
07/10/2026;06:28:10;2026;04/10/2026;1;PB;20516;JOÃO PESSOA;76;15;Principal;-1;1465;COLEGIO PIO XI - BESSA;Convencional;RUA PHILADELFO PINTO DE CARVALHO - 135;BESSA;58036391;-7,0767467;-34,8413017;BLOQUEADO;ATIVO
07/10/2026;06:28:10;2026;04/10/2026;1;PB;20516;JOÃO PESSOA;76;16;Principal;-1;1066;COLEGIO ESTADUAL DE 1.GRAU D ALICE DE ALMEIDA CARNEIRO;Convencional;SAPE SN;MANAIRA;58038380;-7,1052716;-34,8366273;ATIVO;ATIVO
07/10/2026;06:28:10;2026;04/10/2026;1;PB;20516;JOÃO PESSOA;76;17;Principal;-1;1066;COLEGIO ESTADUAL DE 1.GRAU D ALICE DE ALMEIDA CARNEIRO;Convencional;SAPE SN;MANAIRA;58038380;-7,1052716;-34,8366273;ATIVO;ATIVO
07/10/2026;06:28:10;2026;04/10/2026;1;PB;20516;JOÃO PESSOA;76;18;Principal;-1;1066;COLEGIO ESTADUAL DE 1.GRAU D ALICE DE ALMEIDA CARNEIRO;Convencional;SAPE SN;MANAIRA;58038380;-7,1052716;-34,8366273;ATIVO;ATIVO
07/10/2026;06:28:10;2026;04/10/2026;1;PB;20516;JOÃO PESSOA;76;19;Principal;-1;1066;COLEGIO ESTADUAL DE 1.GRAU D ALICE DE ALMEIDA CARNEIRO;Convencional;SAPE SN;MANAIRA;58038380;-7,1052716;-34,8366273;ATIVO;ATIVO
07/10/2026;06:28:10;2026;04/10/2026;1;PB;20516;JOÃO PESSOA;76;20;Principal;-1;1066;COLEGIO ESTADUAL DE 1.GRAU D ALICE DE ALMEIDA CARNEIRO;Convencional;SAPE SN;MANAIRA;58038380;-7,1052716;-34,8366273;ATIVO;ATIVO
07/10/2026;06:28:10;2026;04/10/2026;1;PB;20516;JOÃO PESSOA;76;21;Principal;-1;1066;COLEGIO ESTADUAL DE 1.GRAU D ALICE DE ALMEIDA CARNEIRO;Convencional;SAPE SN;MANAIRA;58038380;-7,1052716;-34,8366273;ATIVO;ATIVO
07/10/2026;06:28:10;2026;04/10/2026;1;PB;20516;JOÃO PESSOA;76;22;Principal;-1;1066;COLEGIO ESTADUAL DE 1.GRAU D ALICE DE ALMEIDA CARNEIRO;Convencional;SAPE SN;MANAIRA;58038380;-7,1052716;-34,8366273;ATIVO;ATIVO
07/10/2026;06:28:10;2026;04/10/2026;1;PB;20516;JOÃO PESSOA;76;23;Principal;-1;1066;COLEGIO ESTADUAL DE 1.GRAU D ALICE DE ALMEIDA CARNEIRO;Convencional;SAPE SN;MANAIRA;58038380;-7,1052716;-34,8366273;ATIVO;ATIVO
07/10/2026;06:28:10;2026;04/10/2026;1;PB;20516;JOÃO PESSOA;76;24;Principal;-1;1066;COLEGIO ESTADUAL DE 1.GRAU D ALICE DE ALMEIDA CARNEIRO;Convencional;SAPE SN;MANAIRA;58038380;-7,1052716;-34,8366273;ATIVO;ATIVO
07/10/2026;06:28:10;2026;04/10/2026;1;PB;20516;JOÃO PESSOA;76;25;Principal;-1;1490;ESCOLA MUNICIPAL DE ENSINO FUNDAMENTAL NAZINHA BARBOSA;Convencional;RUA FRANCISCO BRANDAO 829;MANAIRA;58038520;-7,1082017;-34,8372733;ATIVO;ATIVO
07/10/2026;06:28:10;2026;04/10/2026;1;PB;20516;JOÃO PESSOA;76;26;Principal;-1;1490;ESCOLA MUNICIPAL DE ENSINO FUNDAMENTAL NAZINHA BARBOSA;Convencional;RUA FRANCISCO BRANDAO 829;MANAIRA;58038520;-7,1082017;-34,8372733;ATIVO;ATIVO
07/10/2026;06:28:10;2026;04/10/2026;1;PB;20516;JOÃO PESSOA;76;27;Principal;-1;1490;ESCOLA MUNICIPAL DE ENSINO FUNDAMENTAL NAZINHA BARBOSA;Convencional;RUA FRANCISCO BRANDAO 829;MANAIRA;58038520;-7,1082017;-34,8372733;ATIVO;ATIVO
07/10/2026;06:28:10;2026;04/10/2026;1;PB;20516;JOÃO PESSOA;76;28;Principal;-1;1490;ESCOLA MUNICIPAL DE ENSINO FUNDAMENTAL NAZINHA BARBOSA;Convencional;RUA FRANCISCO BRANDAO 829;MANAIRA;58038520;-7,1082017;-34,8372733;ATIVO;ATIVO
07/10/2026;06:28:10;2026;04/10/2026;1;PB;20516;JOÃO PESSOA;76;29;Principal;-1;1490;ESCOLA MUNICIPAL DE ENSINO FUNDAMENTAL NAZINHA BARBOSA;Convencional;RUA FRANCISCO BRANDAO 829;MANAIRA;58038520;-7,1082017;-34,8372733;ATIVO;ATIVO
07/10/2026;06:28:10;2026;04/10/2026;1;PB;20516;JOÃO PESSOA;76;30;Principal;-1;1490;ESCOLA MUNICIPAL DE ENSINO FUNDAMENTAL NAZINHA BARBOSA;Convencional;RUA FRANCISCO BRANDAO 829;MANAIRA;58038520;-7,1082017;-34,8372733;ATIVO;ATIVO
07/10/2026;06:28:10;2026;04/10/2026;1;PB;20516;JOÃO PESSOA;76;31;Principal;-1;1074;ESCOLA MUNICIPAL SERAPHICO DA NOBREGA;Convencional;RUA UBIRAJARA TARGINO BOTTO 36 MANAÍRA;TAMBAU;58038030;-7,1109107;-34,8281533;ATIVO;ATIVO
07/10/2026;06:28:10;2026;04/10/2026;1;PB;20516;JOÃO PESSOA;76;32;Principal;-1;1074;ESCOLA MUNICIPAL SERAPHICO DA NOBREGA;Convencional;RUA UBIRAJARA TARGINO BOTTO 36 MANAÍRA;TAMBAU;58038030;-7,1109107;-34,8281533;ATIVO;ATIVO
07/10/2026;06:28:10;2026;04/10/2026;1;PB;20516;JOÃO PESSOA;76;33;Principal;-1;1074;ESCOLA MUNICIPAL SERAPHICO DA NOBREGA;Convencional;RUA UBIRAJARA TARGINO BOTTO 36 MANAÍRA;TAMBAU;58038030;-7,1109107;-34,8281533;ATIVO;ATIVO
07/10/2026;06:28:10;2026;04/10/2026;1;PB;20516;JOÃO PESSOA;76;34;Principal;-1;1074;ESCOLA MUNICIPAL SERAPHICO DA NOBREGA;Convencional;RUA UBIRAJARA TARGINO BOTTO 36 MANAÍRA;TAMBAU;58038030;-7,1109107;-34,8281533;ATIVO;ATIVO
07/10/2026;06:28:10;2026;04/10/2026;1;PB;20516;JOÃO PESSOA;76;35;Principal;-1;1074;ESCOLA MUNICIPAL SERAPHICO DA NOBREGA;Convencional;RUA UBIRAJARA TARGINO BOTTO 36 MANAÍRA;TAMBAU;58038030;-7,1109107;-34,8281533;ATIVO;ATIVO
07/10/2026;06:28:10;2026;04/10/2026;1;PB;20516;JOÃO PESSOA;76;36;Principal;-1;1074;ESCOLA MUNICIPAL SERAPHICO DA NOBREGA;Convencional;RUA UBIRAJARA TARGINO BOTTO 36 MANAÍRA;TAMBAU;58038030;-7,1109107;-34,8281533;ATIVO;ATIVO
07/10/2026;06:28:10;2026;04/10/2026;1;PB;20516;JOÃO PESSOA;76;37;Principal;-1;1074;ESCOLA MUNICIPAL SERAPHICO DA NOBREGA;Convencional;RUA UBIRAJARA TARGINO BOTTO 36 MANAÍRA;TAMBAU;58038030;-7,1109107;-34,8281533;ATIVO;ATIVO
07/10/2026;06:28:10;2026;04/10/2026;1;PB;20516;JOÃO PESSOA;76;38;Principal;-1;1457;ESCOLA MUNICIPAL ANITA TRIGUEIRO DO VALLE;Convencional;RUA EMLIO ARAUJO CHAVES, N 118;ALTIPLANO CABO BRANCO;58000000;-7,1359108;-34,8274913;ATIVO;ATIVO
07/10/2026;06:28:10;2026;04/10/2026;1;PB;20516;JOÃO PESSOA;76;39;Principal;-1;1457;ESCOLA MUNICIPAL ANITA TRIGUEIRO DO VALLE;Convencional;RUA EMLIO ARAUJO CHAVES, N 118;ALTIPLANO CABO BRANCO;58000000;-7,1359108;-34,8274913;ATIVO;ATIVO
07/10/2026;06:28:10;2026;04/10/2026;1;PB;20516;JOÃO PESSOA;76;41;Principal;-1;1996;GINASIO DO COLEGIO MOTIVA ORIENTAL;Convencional;AV. JOÃO CIRILO DA SILVA, 1600 - ALTIPLANO CABO BRANCO JOÃO PESSOA/PB;ALTIPLANO CABO BRANCO;58046005;-7,139462;-34,8222871;ATIVO;ATIVO
07/10/2026;06:28:10;2026;04/10/2026;1;PB;20516;JOÃO PESSOA;76;42;Principal;-1;1996;GINASIO DO COLEGIO MOTIVA ORIENTAL;Convencional;AV. JOÃO CIRILO DA SILVA, 1600 - ALTIPLANO CABO BRANCO JOÃO PESSOA/PB;ALTIPLANO CABO BRANCO;58046005;-7,139462;-34,8222871;ATIVO;ATIVO
07/10/2026;06:28:10;2026;04/10/2026;1;PB;20516;JOÃO PESSOA;76;43;Principal;-1;1457;ESCOLA MUNICIPAL ANITA TRIGUEIRO DO VALLE;Convencional;RUA EMLIO ARAUJO CHAVES, N 118;ALTIPLANO CABO BRANCO;58000000;-7,1359108;-34,8274913;ATIVO;ATIVO
07/10/2026;06:28:10;2026;04/10/2026;1;PB;20516;JOÃO PESSOA;76;44;Principal;-1;1457;ESCOLA MUNICIPAL ANITA TRIGUEIRO DO VALLE;Convencional;RUA EMLIO ARAUJO CHAVES, N 118;ALTIPLANO CABO BRANCO;58000000;-7,1359108;-34,8274913;ATIVO;ATIVO
07/10/2026;06:28:10;2026;04/10/2026;1;PB;20516;JOÃO PESSOA;76;45;Principal;-1;1457;ESCOLA MUNICIPAL ANITA TRIGUEIRO DO VALLE;Convencional;RUA EMLIO ARAUJO CHAVES, N 118;ALTIPLANO CABO BRANCO;58000000;-7,1359108;-34,8274913;ATIVO;ATIVO
07/10/2026;06:28:10;2026;04/10/2026;1;PB;20516;JOÃO PESSOA;76;46;Principal;-1;1457;ESCOLA MUNICIPAL ANITA TRIGUEIRO DO VALLE;Convencional;RUA EMLIO ARAUJO CHAVES, N 118;ALTIPLANO CABO BRANCO;58000000;-7,1359108;-34,8274913;ATIVO;ATIVO
07/10/2026;06:28:10;2026;04/10/2026;1;PB;20516;JOÃO PESSOA;76;47;Principal;-1;1457;ESCOLA MUNICIPAL ANITA TRIGUEIRO DO VALLE;Convencional;RUA EMLIO ARAUJO CHAVES, N 118;ALTIPLANO CABO BRANCO;58000000;-7,1359108;-34,8274913;ATIVO;ATIVO
07/10/2026;06:28:10;2026;04/10/2026;1;PB;20516;JOÃO PESSOA;76;48;Principal;-1;1449;OLIMPO JOÃO PESSOA ( ANTIGO AZ TAMBAU);Convencional;AV SENADOR RUI CARNEIRO, 500;TAMBAU;58032100;-7,1117137;-34,8275001;ATIVO;ATIVO
07/10/2026;06:28:10;2026;04/10/2026;1;PB;20516;JOÃO PESSOA;76;49;Principal;-1;1449;OLIMPO JOÃO PESSOA ( ANTIGO AZ TAMBAU);Convencional;AV SENADOR RUI CARNEIRO, 500;TAMBAU;58032100;-7,1117137;-34,8275001;ATIVO;ATIVO
07/10/2026;06:28:10;2026;04/10/2026;1;PB;20516;JOÃO PESSOA;76;50;Principal;-1;1449;OLIMPO JOÃO PESSOA ( ANTIGO AZ TAMBAU);Convencional;AV SENADOR RUI CARNEIRO, 500;TAMBAU;58032100;-7,1117137;-34,8275001;ATIVO;ATIVO
07/10/2026;06:28:10;2026;04/10/2026;1;PB;20516;JOÃO PESSOA;76;51;Principal;-1;1821;COLEGIO MOTIVA ORIENTAL;Convencional;AV JOÃO CYRILLO DA SILVA, 1600;ALTIPLANO CABO BRANCO;58046005;-7,138961;-34,8216848;ATIVO;ATIVO
07/10/2026;06:28:10;2026;04/10/2026;1;PB;20516;JOÃO PESSOA;76;53;Principal;-1;1139;ESCOLA ESTADUAL DE 1 GRAU PE ROMA;Convencional;R  EMILIO ARAUJO CHAVES S/N;ALTIPLANO CABO BRANCO;00000000;-7,1345917;-34,8281483;ATIVO;ATIVO
07/10/2026;06:28:10;2026;04/10/2026;1;PB;20516;JOÃO PESSOA;76;54;Principal;-1;1139;ESCOLA ESTADUAL DE 1 GRAU PE ROMA;Convencional;R  EMILIO ARAUJO CHAVES S/N;ALTIPLANO CABO BRANCO;00000000;-7,1345917;-34,8281483;ATIVO;ATIVO
07/10/2026;06:28:10;2026;04/10/2026;1;PB;20516;JOÃO PESSOA;76;55;Principal;-1;1139;ESCOLA ESTADUAL DE 1 GRAU PE ROMA;Convencional;R  EMILIO ARAUJO CHAVES S/N;ALTIPLANO CABO BRANCO;00000000;-7,1345917;-34,8281483;ATIVO;ATIVO
07/10/2026;06:28:10;2026;04/10/2026;1;PB;20516;JOÃO PESSOA;76;56;Principal;-1;1139;ESCOLA ESTADUAL DE 1 GRAU PE ROMA;Convencional;R  EMILIO ARAUJO CHAVES S/N;ALTIPLANO CABO BRANCO;00000000;-7,1345917;-34,8281483;ATIVO;ATIVO
07/10/2026;06:28:10;2026;04/10/2026;1;PB;20516;JOÃO PESSOA;76;57;Principal;-1;1139;ESCOLA ESTADUAL DE 1 GRAU PE ROMA;Convencional;R  EMILIO ARAUJO CHAVES S/N;ALTIPLANO CABO BRANCO;00000000;-7,1345917;-34,8281483;ATIVO;ATIVO
07/10/2026;06:28:10;2026;04/10/2026;1;PB;20516;JOÃO PESSOA;76;66;Principal;-1;1449;OLIMPO JOÃO PESSOA ( ANTIGO AZ TAMBAU);Convencional;AV SENADOR RUI CARNEIRO, 500;TAMBAU;58032100;-7,1117137;-34,8275001;ATIVO;ATIVO
07/10/2026;06:28:10;2026;04/10/2026;1;PB;20516;JOÃO PESSOA;76;82;Principal;-1;1708;CENTRAL DE AULAS UFPB;Convencional;UFPB UNIVERSIDADE FEDERAL DA PARAÍBA;BANCARIOS;58059900;-7,1408767;-34,8489083;ATIVO;ATIVO
07/10/2026;06:28:10;2026;04/10/2026;1;PB;20516;JOÃO PESSOA;76;90;Principal;-1;1988;GGE COLEGIO E CURSO - POR TRÁS ENERGISA RUY CARNEIRO;Convencional;RUA ORLANDO SOARES DE OLIVEIRA, 36;TAMBAU;58000000;-7,1157267;-34,8333467;ATIVO;ATIVO
07/10/2026;06:28:10;2026;04/10/2026;1;PB;20516;JOÃO PESSOA;76;91;Principal;-1;1988;GGE COLEGIO E CURSO - POR TRÁS ENERGISA RUY CARNEIRO;Convencional;RUA ORLANDO SOARES DE OLIVEIRA, 36;TAMBAU;58000000;-7,1157267;-34,8333467;ATIVO;ATIVO
07/10/2026;06:28:10;2026;04/10/2026;1;PB;20516;JOÃO PESSOA;76;92;Principal;-1;1988;GGE COLEGIO E CURSO - POR TRÁS ENERGISA RUY CARNEIRO;Convencional;RUA ORLANDO SOARES DE OLIVEIRA, 36;TAMBAU;58000000;-7,1157267;-34,8333467;ATIVO;ATIVO
07/10/2026;06:28:10;2026;04/10/2026;1;PB;20516;JOÃO PESSOA;76;93;Principal;-1;1988;GGE COLEGIO E CURSO - POR TRÁS ENERGISA RUY CARNEIRO;Convencional;RUA ORLANDO SOARES DE OLIVEIRA, 36;TAMBAU;58000000;-7,1157267;-34,8333467;ATIVO;ATIVO
07/10/2026;06:28:10;2026;04/10/2026;1;PB;20516;JOÃO PESSOA;76;94;Principal;-1;1988;GGE COLEGIO E CURSO - POR TRÁS ENERGISA RUY CARNEIRO;Convencional;RUA ORLANDO SOARES DE OLIVEIRA, 36;TAMBAU;58000000;-7,1157267;-34,8333467;ATIVO;ATIVO
07/10/2026;06:28:10;2026;04/10/2026;1;PB;20516;JOÃO PESSOA;76;95;Principal;-1;1988;GGE COLEGIO E CURSO - POR TRÁS ENERGISA RUY CARNEIRO;Convencional;RUA ORLANDO SOARES DE OLIVEIRA, 36;TAMBAU;58000000;-7,1157267;-34,8333467;ATIVO;ATIVO
07/10/2026;06:28:10;2026;04/10/2026;1;PB;20516;JOÃO PESSOA;76;117;Principal;-1;1368;ESCOLA MUNICIPAL ARUANDA ATRAS DA PRAÇA DA PAZ;Convencional;RUA EURIDICE DE FÉLIX CABRAL SN;BANCARIOS;58051105;-7,1447237;-34,8432171;ATIVO;ATIVO
07/10/2026;06:28:10;2026;04/10/2026;1;PB;20516;JOÃO PESSOA;76;118;Principal;-1;1368;ESCOLA MUNICIPAL ARUANDA ATRAS DA PRAÇA DA PAZ;Convencional;RUA EURIDICE DE FÉLIX CABRAL SN;BANCARIOS;58051105;-7,1447237;-34,8432171;ATIVO;ATIVO
07/10/2026;06:28:10;2026;04/10/2026;1;PB;20516;JOÃO PESSOA;76;120;Principal;-1;1694;CENTRO DE EDUCAÇAO CARL ROGERS;Convencional;RUA REGINALDO AMARAL MURIBECA, 65;BANCARIOS;58051620;-7,15125;-34,837515;ATIVO;ATIVO
07/10/2026;06:28:10;2026;04/10/2026;1;PB;20516;JOÃO PESSOA;76;121;Principal;-1;1694;CENTRO DE EDUCAÇAO CARL ROGERS;Convencional;RUA REGINALDO AMARAL MURIBECA, 65;BANCARIOS;58051620;-7,15125;-34,837515;ATIVO;ATIVO
07/10/2026;06:28:10;2026;04/10/2026;1;PB;20516;JOÃO PESSOA;76;122;Principal;-1;1694;CENTRO DE EDUCAÇAO CARL ROGERS;Convencional;RUA REGINALDO AMARAL MURIBECA, 65;BANCARIOS;58051620;-7,15125;-34,837515;ATIVO;ATIVO
07/10/2026;06:28:10;2026;04/10/2026;1;PB;20516;JOÃO PESSOA;76;123;Principal;-1;1694;CENTRO DE EDUCAÇAO CARL ROGERS;Convencional;RUA REGINALDO AMARAL MURIBECA, 65;BANCARIOS;58051620;-7,15125;-34,837515;ATIVO;ATIVO
07/10/2026;06:28:10;2026;04/10/2026;1;PB;20516;JOÃO PESSOA;76;124;Principal;-1;1694;CENTRO DE EDUCAÇAO CARL ROGERS;Convencional;RUA REGINALDO AMARAL MURIBECA, 65;BANCARIOS;58051620;-7,15125;-34,837515;ATIVO;ATIVO
07/10/2026;06:28:10;2026;04/10/2026;1;PB;20516;JOÃO PESSOA;76;127;Principal;-1;1708;CENTRAL DE AULAS UFPB;Convencional;UFPB UNIVERSIDADE FEDERAL DA PARAÍBA;BANCARIOS;58059900;-7,1408767;-34,8489083;ATIVO;ATIVO
07/10/2026;06:28:10;2026;04/10/2026;1;PB;20516;JOÃO PESSOA;76;128;Principal;-1;1708;CENTRAL DE AULAS UFPB;Convencional;UFPB UNIVERSIDADE FEDERAL DA PARAÍBA;BANCARIOS;58059900;-7,1408767;-34,8489083;ATIVO;ATIVO
07/10/2026;06:28:10;2026;04/10/2026;1;PB;20516;JOÃO PESSOA;76;129;Principal;-1;1708;CENTRAL DE AULAS UFPB;Convencional;UFPB UNIVERSIDADE FEDERAL DA PARAÍBA;BANCARIOS;58059900;-7,1408767;-34,8489083;ATIVO;ATIVO
07/10/2026;06:28:10;2026;04/10/2026;1;PB;20516;JOÃO PESSOA;76;130;Principal;-1;1708;CENTRAL DE AULAS UFPB;Convencional;UFPB UNIVERSIDADE FEDERAL DA PARAÍBA;BANCARIOS;58059900;-7,1408767;-34,8489083;ATIVO;ATIVO
07/10/2026;06:28:10;2026;04/10/2026;1;PB;20516;JOÃO PESSOA;76;131;Principal;-1;1937;ESCOLA CIDADÃ INTEGRAL TÉCNICA FRANCISCA ASCENSÃO CUNHA;Convencional;R. BANCÁRIO LUIZ GONZAGA GOMES DA SILVA FILHO, 68 - BANCÁRIOS,;JARDIM CIDADE UNIVERSITARIA;58033450;-7,1483;-34,8365417;ATIVO;ATIVO
07/10/2026;06:28:10;2026;04/10/2026;1;PB;20516;JOÃO PESSOA;76;132;Principal;-1;1937;ESCOLA CIDADÃ INTEGRAL TÉCNICA FRANCISCA ASCENSÃO CUNHA;Convencional;R. BANCÁRIO LUIZ GONZAGA GOMES DA SILVA FILHO, 68 - BANCÁRIOS,;JARDIM CIDADE UNIVERSITARIA;58033450;-7,1483;-34,8365417;ATIVO;ATIVO
07/10/2026;06:28:10;2026;04/10/2026;1;PB;20516;JOÃO PESSOA;76;133;Principal;-1;1937;ESCOLA CIDADÃ INTEGRAL TÉCNICA FRANCISCA ASCENSÃO CUNHA;Convencional;R. BANCÁRIO LUIZ GONZAGA GOMES DA SILVA FILHO, 68 - BANCÁRIOS,;JARDIM CIDADE UNIVERSITARIA;58033450;-7,1483;-34,8365417;ATIVO;ATIVO
07/10/2026;06:28:10;2026;04/10/2026;1;PB;20516;JOÃO PESSOA;76;134;Principal;-1;1937;ESCOLA CIDADÃ INTEGRAL TÉCNICA FRANCISCA ASCENSÃO CUNHA;Convencional;R. BANCÁRIO LUIZ GONZAGA GOMES DA SILVA FILHO, 68 - BANCÁRIOS,;JARDIM CIDADE UNIVERSITARIA;58033450;-7,1483;-34,8365417;ATIVO;ATIVO
07/10/2026;06:28:10;2026;04/10/2026;1;PB;20516;JOÃO PESSOA;76;135;Principal;-1;1708;CENTRAL DE AULAS UFPB;Convencional;UFPB UNIVERSIDADE FEDERAL DA PARAÍBA;BANCARIOS;58059900;-7,1408767;-34,8489083;ATIVO;ATIVO
07/10/2026;06:28:10;2026;04/10/2026;1;PB;20516;JOÃO PESSOA;76;136;Principal;-1;1708;CENTRAL DE AULAS UFPB;Convencional;UFPB UNIVERSIDADE FEDERAL DA PARAÍBA;BANCARIOS;58059900;-7,1408767;-34,8489083;ATIVO;ATIVO
07/10/2026;06:28:10;2026;04/10/2026;1;PB;20516;JOÃO PESSOA;76;137;Principal;-1;1708;CENTRAL DE AULAS UFPB;Convencional;UFPB UNIVERSIDADE FEDERAL DA PARAÍBA;BANCARIOS;58059900;-7,1408767;-34,8489083;ATIVO;ATIVO
07/10/2026;06:28:10;2026;04/10/2026;1;PB;20516;JOÃO PESSOA;76;140;Principal;-1;1325;ESCOLA MUNICIPAL ANTÔNIO DOS SANTOS COELHO NETO;Convencional;R. OTACÍLIO SILVA DA SILVEIRA - PENHA;PENHA;58047092;-7,1654917;-34,7987567;ATIVO;ATIVO
07/10/2026;06:28:10;2026;04/10/2026;1;PB;20516;JOÃO PESSOA;76;141;Principal;-1;1708;CENTRAL DE AULAS UFPB;Convencional;UFPB UNIVERSIDADE FEDERAL DA PARAÍBA;BANCARIOS;58059900;-7,1408767;-34,8489083;ATIVO;ATIVO
07/10/2026;06:28:10;2026;04/10/2026;1;PB;20516;JOÃO PESSOA;76;142;Principal;-1;1937;ESCOLA CIDADÃ INTEGRAL TÉCNICA FRANCISCA ASCENSÃO CUNHA;Convencional;R. BANCÁRIO LUIZ GONZAGA GOMES DA SILVA FILHO, 68 - BANCÁRIOS,;JARDIM CIDADE UNIVERSITARIA;58033450;-7,1483;-34,8365417;ATIVO;ATIVO
07/10/2026;06:28:10;2026;04/10/2026;1;PB;20516;JOÃO PESSOA;76;148;Principal;-1;1449;OLIMPO JOÃO PESSOA ( ANTIGO AZ TAMBAU);Convencional;AV SENADOR RUI CARNEIRO, 500;TAMBAU;58032100;-7,1117137;-34,8275001;ATIVO;ATIVO
07/10/2026;06:28:10;2026;04/10/2026;1;PB;20516;JOÃO PESSOA;76;149;Principal;-1;1104;COLEGIO MASTER BESSA;Convencional;MARIA ALVES DA ROCHA 51;BESSA;58037095;-7,0956798;-34,8459514;ATIVO;ATIVO
07/10/2026;06:28:10;2026;04/10/2026;1;PB;20516;JOÃO PESSOA;76;153;Principal;-1;1465;COLEGIO PIO XI - BESSA;Convencional;RUA PHILADELFO PINTO DE CARVALHO - 135;BESSA;58036391;-7,0767467;-34,8413017;BLOQUEADO;ATIVO
07/10/2026;06:28:10;2026;04/10/2026;1;PB;20516;JOÃO PESSOA;76;154;Principal;-1;1619;ESCOLA MUN CHICO XAVIER PROX AO SUPERBOX BRASIL;Convencional;RUA TELEGRAFISTA ELESBAO SANTIAGO, S/ N JARDIM OCEANIA;BESSA;58037737;-7,0744483;-34,8392333;ATIVO;ATIVO
07/10/2026;06:28:10;2026;04/10/2026;1;PB;20516;JOÃO PESSOA;76;155;Principal;-1;1368;ESCOLA MUNICIPAL ARUANDA ATRAS DA PRAÇA DA PAZ;Convencional;RUA EURIDICE DE FÉLIX CABRAL SN;BANCARIOS;58051105;-7,1447237;-34,8432171;ATIVO;ATIVO
07/10/2026;06:28:10;2026;04/10/2026;1;PB;20516;JOÃO PESSOA;76;156;Principal;-1;1503;MOTIVA AMBIENTAL;Convencional;RUA SILVINO LOPES 255;TAMBAU;58039190;-7,1148662;-34,8284839;ATIVO;ATIVO
07/10/2026;06:28:10;2026;04/10/2026;1;PB;20516;JOÃO PESSOA;76;157;Principal;-1;1015;COLEGIO META PROX AO BANCO DO BRASIL;Convencional;MARIA ROSA JACINTO 71;BESSA;58035280;-7,0646283;-34,8419233;BLOQUEADO;ATIVO
07/10/2026;06:28:10;2026;04/10/2026;1;PB;20516;JOÃO PESSOA;76;158;Principal;-1;1708;CENTRAL DE AULAS UFPB;Convencional;UFPB UNIVERSIDADE FEDERAL DA PARAÍBA;BANCARIOS;58059900;-7,1408767;-34,8489083;ATIVO;ATIVO
07/10/2026;06:28:10;2026;04/10/2026;1;PB;20516;JOÃO PESSOA;76;159;Principal;-1;1325;ESCOLA MUNICIPAL ANTÔNIO DOS SANTOS COELHO NETO;Convencional;R. OTACÍLIO SILVA DA SILVEIRA - PENHA;PENHA;58047092;-7,1654917;-34,7987567;ATIVO;ATIVO
07/10/2026;06:28:10;2026;04/10/2026;1;PB;20516;JOÃO PESSOA;76;160;Principal;-1;1104;COLEGIO MASTER BESSA;Convencional;MARIA ALVES DA ROCHA 51;BESSA;58037095;-7,0956798;-34,8459514;ATIVO;ATIVO
07/10/2026;06:28:10;2026;04/10/2026;1;PB;20516;JOÃO PESSOA;76;161;Principal;-1;1465;COLEGIO PIO XI - BESSA;Convencional;RUA PHILADELFO PINTO DE CARVALHO - 135;BESSA;58036391;-7,0767467;-34,8413017;BLOQUEADO;ATIVO
07/10/2026;06:28:10;2026;04/10/2026;1;PB;20516;JOÃO PESSOA;76;162;Principal;-1;1368;ESCOLA MUNICIPAL ARUANDA ATRAS DA PRAÇA DA PAZ;Convencional;RUA EURIDICE DE FÉLIX CABRAL SN;BANCARIOS;58051105;-7,1447237;-34,8432171;ATIVO;ATIVO
07/10/2026;06:28:10;2026;04/10/2026;1;PB;20516;JOÃO PESSOA;76;163;Principal;-1;1341;META UNIDADE EM FRENTE AO PARQUE PB II;Convencional;RUA JOSE FERREIRA RAMOS 35;BESSA;58036035;-7,0802967;-34,8374;ATIVO;ATIVO
07/10/2026;06:28:10;2026;04/10/2026;1;PB;20516;JOÃO PESSOA;76;164;Principal;-1;1341;META UNIDADE EM FRENTE AO PARQUE PB II;Convencional;RUA JOSE FERREIRA RAMOS 35;BESSA;58036035;-7,0802967;-34,8374;ATIVO;ATIVO
07/10/2026;06:28:10;2026;04/10/2026;1;PB;20516;JOÃO PESSOA;76;165;Principal;-1;1708;CENTRAL DE AULAS UFPB;Convencional;UFPB UNIVERSIDADE FEDERAL DA PARAÍBA;BANCARIOS;58059900;-7,1408767;-34,8489083;ATIVO;ATIVO
07/10/2026;06:28:10;2026;04/10/2026;1;PB;20516;JOÃO PESSOA;76;166;Principal;-1;1449;OLIMPO JOÃO PESSOA ( ANTIGO AZ TAMBAU);Convencional;AV SENADOR RUI CARNEIRO, 500;TAMBAU;58032100;-7,1117137;-34,8275001;ATIVO;ATIVO
07/10/2026;06:28:10;2026;04/10/2026;1;PB;20516;JOÃO PESSOA;76;167;Principal;-1;1465;COLEGIO PIO XI - BESSA;Convencional;RUA PHILADELFO PINTO DE CARVALHO - 135;BESSA;58036391;-7,0767467;-34,8413017;BLOQUEADO;ATIVO
07/10/2026;06:28:10;2026;04/10/2026;1;PB;20516;JOÃO PESSOA;76;168;Principal;-1;1139;ESCOLA ESTADUAL DE 1 GRAU PE ROMA;Convencional;R  EMILIO ARAUJO CHAVES S/N;ALTIPLANO CABO BRANCO;00000000;-7,1345917;-34,8281483;ATIVO;ATIVO
07/10/2026;06:28:10;2026;04/10/2026;1;PB;20516;JOÃO PESSOA;76;169;Principal;-1;1619;ESCOLA MUN CHICO XAVIER PROX AO SUPERBOX BRASIL;Convencional;RUA TELEGRAFISTA ELESBAO SANTIAGO, S/ N JARDIM OCEANIA;BESSA;58037737;-7,0744483;-34,8392333;ATIVO;ATIVO
07/10/2026;06:28:10;2026;04/10/2026;1;PB;20516;JOÃO PESSOA;76;170;Principal;-1;1821;COLEGIO MOTIVA ORIENTAL;Convencional;AV JOÃO CYRILLO DA SILVA, 1600;ALTIPLANO CABO BRANCO;58046005;-7,138961;-34,8216848;ATIVO;ATIVO
07/10/2026;06:28:10;2026;04/10/2026;1;PB;20516;JOÃO PESSOA;76;173;Principal;-1;1880;ISO COLEGIO E CURSO - ARGEMIRO;Convencional;AV. GOV. ARGEMIRO DE FIGUEIREDO, 477;JARDIM OCEANIA;58037030;-7,0926111;-34,8347948;ATIVO;ATIVO
07/10/2026;06:28:10;2026;04/10/2026;1;PB;20516;JOÃO PESSOA;76;174;Principal;-1;1368;ESCOLA MUNICIPAL ARUANDA ATRAS DA PRAÇA DA PAZ;Convencional;RUA EURIDICE DE FÉLIX CABRAL SN;BANCARIOS;58051105;-7,1447237;-34,8432171;ATIVO;ATIVO
07/10/2026;06:28:10;2026;04/10/2026;1;PB;20516;JOÃO PESSOA;76;175;Principal;-1;1562;COLÉGIO VILA BANCARIOS;Convencional;RUA ANTÔNIO TARGINO PESSOA DA SILVEIRA,579;BANCARIOS;58052250;-7,1586917;-34,8358183;BLOQUEADO;ATIVO
07/10/2026;06:28:10;2026;04/10/2026;1;PB;20516;JOÃO PESSOA;76;176;Principal;-1;1368;ESCOLA MUNICIPAL ARUANDA ATRAS DA PRAÇA DA PAZ;Convencional;RUA EURIDICE DE FÉLIX CABRAL SN;BANCARIOS;58051105;-7,1447237;-34,8432171;ATIVO;ATIVO
07/10/2026;06:28:10;2026;04/10/2026;1;PB;20516;JOÃO PESSOA;76;177;Principal;-1;1503;MOTIVA AMBIENTAL;Convencional;RUA SILVINO LOPES 255;TAMBAU;58039190;-7,1148662;-34,8284839;ATIVO;ATIVO
07/10/2026;06:28:10;2026;04/10/2026;1;PB;20516;JOÃO PESSOA;76;178;Principal;-1;1503;MOTIVA AMBIENTAL;Convencional;RUA SILVINO LOPES 255;TAMBAU;58039190;-7,1148662;-34,8284839;ATIVO;ATIVO
07/10/2026;06:28:10;2026;04/10/2026;1;PB;20516;JOÃO PESSOA;76;179;Principal;-1;1880;ISO COLEGIO E CURSO - ARGEMIRO;Convencional;AV. GOV. ARGEMIRO DE FIGUEIREDO, 477;JARDIM OCEANIA;58037030;-7,0926111;-34,8347948;ATIVO;ATIVO
07/10/2026;06:28:10;2026;04/10/2026;1;PB;20516;JOÃO PESSOA;76;180;Principal;-1;1368;ESCOLA MUNICIPAL ARUANDA ATRAS DA PRAÇA DA PAZ;Convencional;RUA EURIDICE DE FÉLIX CABRAL SN;BANCARIOS;58051105;-7,1447237;-34,8432171;ATIVO;ATIVO
07/10/2026;06:28:10;2026;04/10/2026;1;PB;20516;JOÃO PESSOA;76;181;Principal;-1;1503;MOTIVA AMBIENTAL;Convencional;RUA SILVINO LOPES 255;TAMBAU;58039190;-7,1148662;-34,8284839;ATIVO;ATIVO
07/10/2026;06:28:10;2026;04/10/2026;1;PB;20516;JOÃO PESSOA;76;183;Principal;-1;1341;META UNIDADE EM FRENTE AO PARQUE PB II;Convencional;RUA JOSE FERREIRA RAMOS 35;BESSA;58036035;-7,0802967;-34,8374;ATIVO;ATIVO
07/10/2026;06:28:10;2026;04/10/2026;1;PB;20516;JOÃO PESSOA;76;185;Principal;-1;1503;MOTIVA AMBIENTAL;Convencional;RUA SILVINO LOPES 255;TAMBAU;58039190;-7,1148662;-34,8284839;ATIVO;ATIVO
07/10/2026;06:28:10;2026;04/10/2026;1;PB;20516;JOÃO PESSOA;76;186;Principal;-1;1015;COLEGIO META PROX AO BANCO DO BRASIL;Convencional;MARIA ROSA JACINTO 71;BESSA;58035280;-7,0646283;-34,8419233;BLOQUEADO;ATIVO
07/10/2026;06:28:10;2026;04/10/2026;1;PB;20516;JOÃO PESSOA;76;187;Principal;-1;1104;COLEGIO MASTER BESSA;Convencional;MARIA ALVES DA ROCHA 51;BESSA;58037095;-7,0956798;-34,8459514;ATIVO;ATIVO
07/10/2026;06:28:10;2026;04/10/2026;1;PB;20516;JOÃO PESSOA;76;188;Principal;-1;1988;GGE COLEGIO E CURSO - POR TRÁS ENERGISA RUY CARNEIRO;Convencional;RUA ORLANDO SOARES DE OLIVEIRA, 36;TAMBAU;58000000;-7,1157267;-34,8333467;ATIVO;ATIVO
07/10/2026;06:28:10;2026;04/10/2026;1;PB;20516;JOÃO PESSOA;76;189;Principal;-1;1880;ISO COLEGIO E CURSO - ARGEMIRO;Convencional;AV. GOV. ARGEMIRO DE FIGUEIREDO, 477;JARDIM OCEANIA;58037030;-7,0926111;-34,8347948;ATIVO;ATIVO
07/10/2026;06:28:10;2026;04/10/2026;1;PB;20516;JOÃO PESSOA;76;190;Principal;-1;1368;ESCOLA MUNICIPAL ARUANDA ATRAS DA PRAÇA DA PAZ;Convencional;RUA EURIDICE DE FÉLIX CABRAL SN;BANCARIOS;58051105;-7,1447237;-34,8432171;ATIVO;ATIVO
07/10/2026;06:28:10;2026;04/10/2026;1;PB;20516;JOÃO PESSOA;76;191;Principal;-1;1619;ESCOLA MUN CHICO XAVIER PROX AO SUPERBOX BRASIL;Convencional;RUA TELEGRAFISTA ELESBAO SANTIAGO, S/ N JARDIM OCEANIA;BESSA;58037737;-7,0744483;-34,8392333;ATIVO;ATIVO
07/10/2026;06:28:10;2026;04/10/2026;1;PB;20516;JOÃO PESSOA;76;192;Principal;-1;1503;MOTIVA AMBIENTAL;Convencional;RUA SILVINO LOPES 255;TAMBAU;58039190;-7,1148662;-34,8284839;ATIVO;ATIVO
07/10/2026;06:28:10;2026;04/10/2026;1;PB;20516;JOÃO PESSOA;76;194;Principal;-1;1937;ESCOLA CIDADÃ INTEGRAL TÉCNICA FRANCISCA ASCENSÃO CUNHA;Convencional;R. BANCÁRIO LUIZ GONZAGA GOMES DA SILVA FILHO, 68 - BANCÁRIOS,;JARDIM CIDADE UNIVERSITARIA;58033450;-7,1483;-34,8365417;ATIVO;ATIVO
07/10/2026;06:28:10;2026;04/10/2026;1;PB;20516;JOÃO PESSOA;76;196;Principal;-1;1503;MOTIVA AMBIENTAL;Convencional;RUA SILVINO LOPES 255;TAMBAU;58039190;-7,1148662;-34,8284839;ATIVO;ATIVO
07/10/2026;06:28:10;2026;04/10/2026;1;PB;20516;JOÃO PESSOA;76;197;Principal;-1;1015;COLEGIO META PROX AO BANCO DO BRASIL;Convencional;MARIA ROSA JACINTO 71;BESSA;58035280;-7,0646283;-34,8419233;BLOQUEADO;ATIVO
07/10/2026;06:28:10;2026;04/10/2026;1;PB;20516;JOÃO PESSOA;76;198;Principal;-1;1503;MOTIVA AMBIENTAL;Convencional;RUA SILVINO LOPES 255;TAMBAU;58039190;-7,1148662;-34,8284839;ATIVO;ATIVO
07/10/2026;06:28:10;2026;04/10/2026;1;PB;20516;JOÃO PESSOA;76;199;Principal;-1;1562;COLÉGIO VILA BANCARIOS;Convencional;RUA ANTÔNIO TARGINO PESSOA DA SILVEIRA,579;BANCARIOS;58052250;-7,1586917;-34,8358183;BLOQUEADO;ATIVO
07/10/2026;06:28:10;2026;04/10/2026;1;PB;20516;JOÃO PESSOA;76;200;Principal;-1;1503;MOTIVA AMBIENTAL;Convencional;RUA SILVINO LOPES 255;TAMBAU;58039190;-7,1148662;-34,8284839;ATIVO;ATIVO
07/10/2026;06:28:10;2026;04/10/2026;1;PB;20516;JOÃO PESSOA;76;201;Principal;-1;1368;ESCOLA MUNICIPAL ARUANDA ATRAS DA PRAÇA DA PAZ;Convencional;RUA EURIDICE DE FÉLIX CABRAL SN;BANCARIOS;58051105;-7,1447237;-34,8432171;ATIVO;ATIVO
07/10/2026;06:28:10;2026;04/10/2026;1;PB;20516;JOÃO PESSOA;76;202;Principal;-1;1503;MOTIVA AMBIENTAL;Convencional;RUA SILVINO LOPES 255;TAMBAU;58039190;-7,1148662;-34,8284839;ATIVO;ATIVO
07/10/2026;06:28:10;2026;04/10/2026;1;PB;20516;JOÃO PESSOA;76;204;Principal;-1;1503;MOTIVA AMBIENTAL;Convencional;RUA SILVINO LOPES 255;TAMBAU;58039190;-7,1148662;-34,8284839;ATIVO;ATIVO
07/10/2026;06:28:10;2026;04/10/2026;1;PB;20516;JOÃO PESSOA;76;205;Principal;-1;1503;MOTIVA AMBIENTAL;Convencional;RUA SILVINO LOPES 255;TAMBAU;58039190;-7,1148662;-34,8284839;ATIVO;ATIVO
07/10/2026;06:28:10;2026;04/10/2026;1;PB;20516;JOÃO PESSOA;76;206;Principal;-1;1457;ESCOLA MUNICIPAL ANITA TRIGUEIRO DO VALLE;Convencional;RUA EMLIO ARAUJO CHAVES, N 118;ALTIPLANO CABO BRANCO;58000000;-7,1359108;-34,8274913;ATIVO;ATIVO
07/10/2026;06:28:10;2026;04/10/2026;1;PB;20516;JOÃO PESSOA;76;207;Principal;-1;1368;ESCOLA MUNICIPAL ARUANDA ATRAS DA PRAÇA DA PAZ;Convencional;RUA EURIDICE DE FÉLIX CABRAL SN;BANCARIOS;58051105;-7,1447237;-34,8432171;ATIVO;ATIVO
07/10/2026;06:28:10;2026;04/10/2026;1;PB;20516;JOÃO PESSOA;76;208;Principal;-1;1465;COLEGIO PIO XI - BESSA;Convencional;RUA PHILADELFO PINTO DE CARVALHO - 135;BESSA;58036391;-7,0767467;-34,8413017;BLOQUEADO;ATIVO
07/10/2026;06:28:10;2026;04/10/2026;1;PB;20516;JOÃO PESSOA;76;209;Principal;-1;1015;COLEGIO META PROX AO BANCO DO BRASIL;Convencional;MARIA ROSA JACINTO 71;BESSA;58035280;-7,0646283;-34,8419233;BLOQUEADO;ATIVO
07/10/2026;06:28:10;2026;04/10/2026;1;PB;20516;JOÃO PESSOA;76;210;Principal;-1;1996;GINASIO DO COLEGIO MOTIVA ORIENTAL;Convencional;AV. JOÃO CIRILO DA SILVA, 1600 - ALTIPLANO CABO BRANCO JOÃO PESSOA/PB;ALTIPLANO CABO BRANCO;58046005;-7,139462;-34,8222871;ATIVO;ATIVO
07/10/2026;06:28:10;2026;04/10/2026;1;PB;20516;JOÃO PESSOA;76;211;Principal;-1;1619;ESCOLA MUN CHICO XAVIER PROX AO SUPERBOX BRASIL;Convencional;RUA TELEGRAFISTA ELESBAO SANTIAGO, S/ N JARDIM OCEANIA;BESSA;58037737;-7,0744483;-34,8392333;ATIVO;ATIVO
07/10/2026;06:28:10;2026;04/10/2026;1;PB;20516;JOÃO PESSOA;76;212;Principal;-1;1465;COLEGIO PIO XI - BESSA;Convencional;RUA PHILADELFO PINTO DE CARVALHO - 135;BESSA;58036391;-7,0767467;-34,8413017;BLOQUEADO;ATIVO
07/10/2026;06:28:10;2026;04/10/2026;1;PB;20516;JOÃO PESSOA;76;213;Principal;-1;1325;ESCOLA MUNICIPAL ANTÔNIO DOS SANTOS COELHO NETO;Convencional;R. OTACÍLIO SILVA DA SILVEIRA - PENHA;PENHA;58047092;-7,1654917;-34,7987567;ATIVO;ATIVO
07/10/2026;06:28:10;2026;04/10/2026;1;PB;20516;JOÃO PESSOA;76;214;Principal;-1;1562;COLÉGIO VILA BANCARIOS;Convencional;RUA ANTÔNIO TARGINO PESSOA DA SILVEIRA,579;BANCARIOS;58052250;-7,1586917;-34,8358183;BLOQUEADO;ATIVO
07/10/2026;06:28:10;2026;04/10/2026;1;PB;20516;JOÃO PESSOA;76;215;Principal;-1;1708;CENTRAL DE AULAS UFPB;Convencional;UFPB UNIVERSIDADE FEDERAL DA PARAÍBA;BANCARIOS;58059900;-7,1408767;-34,8489083;ATIVO;ATIVO
07/10/2026;06:28:10;2026;04/10/2026;1;PB;20516;JOÃO PESSOA;76;216;Principal;-1;1015;COLEGIO META PROX AO BANCO DO BRASIL;Convencional;MARIA ROSA JACINTO 71;BESSA;58035280;-7,0646283;-34,8419233;BLOQUEADO;ATIVO
07/10/2026;06:28:10;2026;04/10/2026;1;PB;20516;JOÃO PESSOA;76;217;Principal;-1;1465;COLEGIO PIO XI - BESSA;Convencional;RUA PHILADELFO PINTO DE CARVALHO - 135;BESSA;58036391;-7,0767467;-34,8413017;BLOQUEADO;ATIVO
07/10/2026;06:28:10;2026;04/10/2026;1;PB;20516;JOÃO PESSOA;76;218;Principal;-1;1589;COLEGIO COLIBRI-ATHENAS - ESQUINA COM RUA SÃO GONÇALO;Convencional;R.SÃO GONÇALO 952, ESQUINA COM RUA VIGOLVINO FLORENTINO DA COSTA;MANAIRA;58038331;-7,1052275;-34,8396799;ATIVO;ATIVO
07/10/2026;06:28:10;2026;04/10/2026;1;PB;20516;JOÃO PESSOA;76;219;Principal;-1;1562;COLÉGIO VILA BANCARIOS;Convencional;RUA ANTÔNIO TARGINO PESSOA DA SILVEIRA,579;BANCARIOS;58052250;-7,1586917;-34,8358183;BLOQUEADO;ATIVO
07/10/2026;06:28:10;2026;04/10/2026;1;PB;20516;JOÃO PESSOA;76;220;Principal;-1;1368;ESCOLA MUNICIPAL ARUANDA ATRAS DA PRAÇA DA PAZ;Convencional;RUA EURIDICE DE FÉLIX CABRAL SN;BANCARIOS;58051105;-7,1447237;-34,8432171;ATIVO;ATIVO
07/10/2026;06:28:10;2026;04/10/2026;1;PB;20516;JOÃO PESSOA;76;221;Principal;-1;1503;MOTIVA AMBIENTAL;Convencional;RUA SILVINO LOPES 255;TAMBAU;58039190;-7,1148662;-34,8284839;ATIVO;ATIVO
07/10/2026;06:28:10;2026;04/10/2026;1;PB;20516;JOÃO PESSOA;76;223;Principal;-1;1562;COLÉGIO VILA BANCARIOS;Convencional;RUA ANTÔNIO TARGINO PESSOA DA SILVEIRA,579;BANCARIOS;58052250;-7,1586917;-34,8358183;BLOQUEADO;ATIVO
07/10/2026;06:28:10;2026;04/10/2026;1;PB;20516;JOÃO PESSOA;76;224;Principal;-1;1465;COLEGIO PIO XI - BESSA;Convencional;RUA PHILADELFO PINTO DE CARVALHO - 135;BESSA;58036391;-7,0767467;-34,8413017;BLOQUEADO;ATIVO
07/10/2026;06:28:10;2026;04/10/2026;1;PB;20516;JOÃO PESSOA;76;225;Principal;-1;1759;COLIBRI ENSINO FUNDAMENTAL EM FRENTE AO GINASIO;Convencional;RUA VIGOLVINO FLORENTINO DA COSTA, 723 MANAIRA;MANAIRA;58038580;-7,1046422;-34,8403883;ATIVO;ATIVO
07/10/2026;06:28:10;2026;04/10/2026;1;PB;20516;JOÃO PESSOA;76;227;Principal;-1;1988;GGE COLEGIO E CURSO - POR TRÁS ENERGISA RUY CARNEIRO;Convencional;RUA ORLANDO SOARES DE OLIVEIRA, 36;TAMBAU;58000000;-7,1157267;-34,8333467;ATIVO;ATIVO
07/10/2026;06:28:10;2026;04/10/2026;1;PB;20516;JOÃO PESSOA;76;229;Principal;-1;1015;COLEGIO META PROX AO BANCO DO BRASIL;Convencional;MARIA ROSA JACINTO 71;BESSA;58035280;-7,0646283;-34,8419233;BLOQUEADO;ATIVO
07/10/2026;06:28:10;2026;04/10/2026;1;PB;20516;JOÃO PESSOA;76;230;Principal;-1;1821;COLEGIO MOTIVA ORIENTAL;Convencional;AV JOÃO CYRILLO DA SILVA, 1600;ALTIPLANO CABO BRANCO;58046005;-7,138961;-34,8216848;ATIVO;ATIVO
07/10/2026;06:28:10;2026;04/10/2026;1;PB;20516;JOÃO PESSOA;76;231;Principal;-1;1368;ESCOLA MUNICIPAL ARUANDA ATRAS DA PRAÇA DA PAZ;Convencional;RUA EURIDICE DE FÉLIX CABRAL SN;BANCARIOS;58051105;-7,1447237;-34,8432171;ATIVO;ATIVO
07/10/2026;06:28:10;2026;04/10/2026;1;PB;20516;JOÃO PESSOA;76;232;Principal;-1;1759;COLIBRI ENSINO FUNDAMENTAL EM FRENTE AO GINASIO;Convencional;RUA VIGOLVINO FLORENTINO DA COSTA, 723 MANAIRA;MANAIRA;58038580;-7,1046422;-34,8403883;ATIVO;ATIVO
07/10/2026;06:28:10;2026;04/10/2026;1;PB;20516;JOÃO PESSOA;76;233;Principal;-1;1465;COLEGIO PIO XI - BESSA;Convencional;RUA PHILADELFO PINTO DE CARVALHO - 135;BESSA;58036391;-7,0767467;-34,8413017;BLOQUEADO;ATIVO
07/10/2026;06:28:10;2026;04/10/2026;1;PB;20516;JOÃO PESSOA;76;234;Principal;-1;1694;CENTRO DE EDUCAÇAO CARL ROGERS;Convencional;RUA REGINALDO AMARAL MURIBECA, 65;BANCARIOS;58051620;-7,15125;-34,837515;ATIVO;ATIVO
07/10/2026;06:28:10;2026;04/10/2026;1;PB;20516;JOÃO PESSOA;76;235;Principal;-1;1562;COLÉGIO VILA BANCARIOS;Convencional;RUA ANTÔNIO TARGINO PESSOA DA SILVEIRA,579;BANCARIOS;58052250;-7,1586917;-34,8358183;BLOQUEADO;ATIVO
07/10/2026;06:28:10;2026;04/10/2026;1;PB;20516;JOÃO PESSOA;76;236;Principal;-1;1988;GGE COLEGIO E CURSO - POR TRÁS ENERGISA RUY CARNEIRO;Convencional;RUA ORLANDO SOARES DE OLIVEIRA, 36;TAMBAU;58000000;-7,1157267;-34,8333467;ATIVO;ATIVO
07/10/2026;06:28:10;2026;04/10/2026;1;PB;20516;JOÃO PESSOA;76;237;Principal;-1;1759;COLIBRI ENSINO FUNDAMENTAL EM FRENTE AO GINASIO;Convencional;RUA VIGOLVINO FLORENTINO DA COSTA, 723 MANAIRA;MANAIRA;58038580;-7,1046422;-34,8403883;ATIVO;ATIVO
07/10/2026;06:28:10;2026;04/10/2026;1;PB;20516;JOÃO PESSOA;76;238;Principal;-1;1465;COLEGIO PIO XI - BESSA;Convencional;RUA PHILADELFO PINTO DE CARVALHO - 135;BESSA;58036391;-7,0767467;-34,8413017;BLOQUEADO;ATIVO
07/10/2026;06:28:10;2026;04/10/2026;1;PB;20516;JOÃO PESSOA;76;239;Principal;-1;1562;COLÉGIO VILA BANCARIOS;Convencional;RUA ANTÔNIO TARGINO PESSOA DA SILVEIRA,579;BANCARIOS;58052250;-7,1586917;-34,8358183;BLOQUEADO;ATIVO
07/10/2026;06:28:10;2026;04/10/2026;1;PB;20516;JOÃO PESSOA;76;240;Principal;-1;1465;COLEGIO PIO XI - BESSA;Convencional;RUA PHILADELFO PINTO DE CARVALHO - 135;BESSA;58036391;-7,0767467;-34,8413017;BLOQUEADO;ATIVO
07/10/2026;06:28:10;2026;04/10/2026;1;PB;20516;JOÃO PESSOA;76;247;Principal;-1;1589;COLEGIO COLIBRI-ATHENAS - ESQUINA COM RUA SÃO GONÇALO;Convencional;R.SÃO GONÇALO 952, ESQUINA COM RUA VIGOLVINO FLORENTINO DA COSTA;MANAIRA;58038331;-7,1052275;-34,8396799;ATIVO;ATIVO
07/10/2026;06:28:10;2026;04/10/2026;1;PB;20516;JOÃO PESSOA;76;248;Principal;-1;1902;COLÉGIO VILA PX AO BESSASHOPPING;Convencional;RUA FRANCISCO LEOCADIO RIBEIRO COUTINHO, 180;JARDIM OCEANIA;58036450;-7,0842788;-34,8416816;BLOQUEADO;ATIVO
07/10/2026;06:28:10;2026;04/10/2026;1;PB;20516;JOÃO PESSOA;76;249;Principal;-1;1880;ISO COLEGIO E CURSO - ARGEMIRO;Convencional;AV. GOV. ARGEMIRO DE FIGUEIREDO, 477;JARDIM OCEANIA;58037030;-7,0926111;-34,8347948;ATIVO;ATIVO
07/10/2026;06:28:10;2026;04/10/2026;1;PB;20516;JOÃO PESSOA;76;250;Principal;-1;1619;ESCOLA MUN CHICO XAVIER PROX AO SUPERBOX BRASIL;Convencional;RUA TELEGRAFISTA ELESBAO SANTIAGO, S/ N JARDIM OCEANIA;BESSA;58037737;-7,0744483;-34,8392333;ATIVO;ATIVO
07/10/2026;06:28:10;2026;04/10/2026;1;PB;20516;JOÃO PESSOA;76;252;Principal;-1;1996;GINASIO DO COLEGIO MOTIVA ORIENTAL;Convencional;AV. JOÃO CIRILO DA SILVA, 1600 - ALTIPLANO CABO BRANCO JOÃO PESSOA/PB;ALTIPLANO CABO BRANCO;58046005;-7,139462;-34,8222871;ATIVO;ATIVO
07/10/2026;06:28:10;2026;04/10/2026;1;PB;20516;JOÃO PESSOA;76;253;Principal;-1;1562;COLÉGIO VILA BANCARIOS;Convencional;RUA ANTÔNIO TARGINO PESSOA DA SILVEIRA,579;BANCARIOS;58052250;-7,1586917;-34,8358183;BLOQUEADO;ATIVO
07/10/2026;06:28:10;2026;04/10/2026;1;PB;20516;JOÃO PESSOA;76;254;Principal;-1;1368;ESCOLA MUNICIPAL ARUANDA ATRAS DA PRAÇA DA PAZ;Convencional;RUA EURIDICE DE FÉLIX CABRAL SN;BANCARIOS;58051105;-7,1447237;-34,8432171;ATIVO;ATIVO
07/10/2026;06:28:10;2026;04/10/2026;1;PB;20516;JOÃO PESSOA;76;255;Principal;-1;1503;MOTIVA AMBIENTAL;Convencional;RUA SILVINO LOPES 255;TAMBAU;58039190;-7,1148662;-34,8284839;ATIVO;ATIVO
07/10/2026;06:28:10;2026;04/10/2026;1;PB;20516;JOÃO PESSOA;76;256;Principal;-1;1449;OLIMPO JOÃO PESSOA ( ANTIGO AZ TAMBAU);Convencional;AV SENADOR RUI CARNEIRO, 500;TAMBAU;58032100;-7,1117137;-34,8275001;ATIVO;ATIVO
07/10/2026;06:28:10;2026;04/10/2026;1;PB;20516;JOÃO PESSOA;76;257;Principal;-1;1902;COLÉGIO VILA PX AO BESSASHOPPING;Convencional;RUA FRANCISCO LEOCADIO RIBEIRO COUTINHO, 180;JARDIM OCEANIA;58036450;-7,0842788;-34,8416816;BLOQUEADO;ATIVO
07/10/2026;06:28:10;2026;04/10/2026;1;PB;20516;JOÃO PESSOA;76;258;Principal;-1;1589;COLEGIO COLIBRI-ATHENAS - ESQUINA COM RUA SÃO GONÇALO;Convencional;R.SÃO GONÇALO 952, ESQUINA COM RUA VIGOLVINO FLORENTINO DA COSTA;MANAIRA;58038331;-7,1052275;-34,8396799;ATIVO;ATIVO
07/10/2026;06:28:10;2026;04/10/2026;1;PB;20516;JOÃO PESSOA;76;259;Principal;-1;1910;ISO SUL COLEGIO E CURSO;Convencional;RUA ROSA LIMA DOS SANTOS, 710;JARDIM CIDADE UNIVERSITARIA;58051590;-7,1500996;-34,8334437;ATIVO;ATIVO
07/10/2026;06:28:10;2026;04/10/2026;1;PB;20516;JOÃO PESSOA;76;260;Principal;-1;1562;COLÉGIO VILA BANCARIOS;Convencional;RUA ANTÔNIO TARGINO PESSOA DA SILVEIRA,579;BANCARIOS;58052250;-7,1586917;-34,8358183;BLOQUEADO;ATIVO
07/10/2026;06:28:10;2026;04/10/2026;1;PB;20516;JOÃO PESSOA;76;261;Principal;-1;1902;COLÉGIO VILA PX AO BESSASHOPPING;Convencional;RUA FRANCISCO LEOCADIO RIBEIRO COUTINHO, 180;JARDIM OCEANIA;58036450;-7,0842788;-34,8416816;BLOQUEADO;ATIVO
07/10/2026;06:28:10;2026;04/10/2026;1;PB;20516;JOÃO PESSOA;76;262;Principal;-1;1619;ESCOLA MUN CHICO XAVIER PROX AO SUPERBOX BRASIL;Convencional;RUA TELEGRAFISTA ELESBAO SANTIAGO, S/ N JARDIM OCEANIA;BESSA;58037737;-7,0744483;-34,8392333;ATIVO;ATIVO
07/10/2026;06:28:10;2026;04/10/2026;1;PB;20516;JOÃO PESSOA;76;263;Principal;-1;1880;ISO COLEGIO E CURSO - ARGEMIRO;Convencional;AV. GOV. ARGEMIRO DE FIGUEIREDO, 477;JARDIM OCEANIA;58037030;-7,0926111;-34,8347948;ATIVO;ATIVO
07/10/2026;06:28:10;2026;04/10/2026;1;PB;20516;JOÃO PESSOA;76;264;Principal;-1;1589;COLEGIO COLIBRI-ATHENAS - ESQUINA COM RUA SÃO GONÇALO;Convencional;R.SÃO GONÇALO 952, ESQUINA COM RUA VIGOLVINO FLORENTINO DA COSTA;MANAIRA;58038331;-7,1052275;-34,8396799;ATIVO;ATIVO
07/10/2026;06:28:10;2026;04/10/2026;1;PB;20516;JOÃO PESSOA;76;265;Principal;-1;1910;ISO SUL COLEGIO E CURSO;Convencional;RUA ROSA LIMA DOS SANTOS, 710;JARDIM CIDADE UNIVERSITARIA;58051590;-7,1500996;-34,8334437;ATIVO;ATIVO
07/10/2026;06:28:10;2026;04/10/2026;1;PB;20516;JOÃO PESSOA;76;267;Principal;-1;1996;GINASIO DO COLEGIO MOTIVA ORIENTAL;Convencional;AV. JOÃO CIRILO DA SILVA, 1600 - ALTIPLANO CABO BRANCO JOÃO PESSOA/PB;ALTIPLANO CABO BRANCO;58046005;-7,139462;-34,8222871;ATIVO;ATIVO
07/10/2026;06:28:10;2026;04/10/2026;1;PB;20516;JOÃO PESSOA;76;269;Principal;-1;1902;COLÉGIO VILA PX AO BESSASHOPPING;Convencional;RUA FRANCISCO LEOCADIO RIBEIRO COUTINHO, 180;JARDIM OCEANIA;58036450;-7,0842788;-34,8416816;BLOQUEADO;ATIVO
07/10/2026;06:28:10;2026;04/10/2026;1;PB;20516;JOÃO PESSOA;76;270;Principal;-1;1562;COLÉGIO VILA BANCARIOS;Convencional;RUA ANTÔNIO TARGINO PESSOA DA SILVEIRA,579;BANCARIOS;58052250;-7,1586917;-34,8358183;BLOQUEADO;ATIVO
07/10/2026;06:28:10;2026;04/10/2026;1;PB;20516;JOÃO PESSOA;76;271;Principal;-1;1694;CENTRO DE EDUCAÇAO CARL ROGERS;Convencional;RUA REGINALDO AMARAL MURIBECA, 65;BANCARIOS;58051620;-7,15125;-34,837515;ATIVO;ATIVO
07/10/2026;06:28:10;2026;04/10/2026;1;PB;20516;JOÃO PESSOA;76;272;Principal;-1;1562;COLÉGIO VILA BANCARIOS;Convencional;RUA ANTÔNIO TARGINO PESSOA DA SILVEIRA,579;BANCARIOS;58052250;-7,1586917;-34,8358183;BLOQUEADO;ATIVO
07/10/2026;06:28:10;2026;04/10/2026;1;PB;20516;JOÃO PESSOA;76;273;Principal;-1;1910;ISO SUL COLEGIO E CURSO;Convencional;RUA ROSA LIMA DOS SANTOS, 710;JARDIM CIDADE UNIVERSITARIA;58051590;-7,1500996;-34,8334437;ATIVO;ATIVO
07/10/2026;06:28:10;2026;04/10/2026;1;PB;20516;JOÃO PESSOA;76;274;Principal;-1;1325;ESCOLA MUNICIPAL ANTÔNIO DOS SANTOS COELHO NETO;Convencional;R. OTACÍLIO SILVA DA SILVEIRA - PENHA;PENHA;58047092;-7,1654917;-34,7987567;ATIVO;ATIVO
07/10/2026;06:28:10;2026;04/10/2026;1;PB;20516;JOÃO PESSOA;76;278;Principal;-1;1490;ESCOLA MUNICIPAL DE ENSINO FUNDAMENTAL NAZINHA BARBOSA;Convencional;RUA FRANCISCO BRANDAO 829;MANAIRA;58038520;-7,1082017;-34,8372733;ATIVO;ATIVO
07/10/2026;06:28:10;2026;04/10/2026;1;PB;20516;JOÃO PESSOA;76;279;Principal;-1;1449;OLIMPO JOÃO PESSOA ( ANTIGO AZ TAMBAU);Convencional;AV SENADOR RUI CARNEIRO, 500;TAMBAU;58032100;-7,1117137;-34,8275001;ATIVO;ATIVO
07/10/2026;06:28:10;2026;04/10/2026;1;PB;20516;JOÃO PESSOA;76;280;Principal;-1;1074;ESCOLA MUNICIPAL SERAPHICO DA NOBREGA;Convencional;RUA UBIRAJARA TARGINO BOTTO 36 MANAÍRA;TAMBAU;58038030;-7,1109107;-34,8281533;ATIVO;ATIVO
07/10/2026;06:28:10;2026;04/10/2026;1;PB;20516;JOÃO PESSOA;76;283;Principal;-1;1015;COLEGIO META PROX AO BANCO DO BRASIL;Convencional;MARIA ROSA JACINTO 71;BESSA;58035280;-7,0646283;-34,8419233;BLOQUEADO;ATIVO
07/10/2026;06:28:10;2026;04/10/2026;1;PB;20516;JOÃO PESSOA;76;284;Principal;-1;1465;COLEGIO PIO XI - BESSA;Convencional;RUA PHILADELFO PINTO DE CARVALHO - 135;BESSA;58036391;-7,0767467;-34,8413017;BLOQUEADO;ATIVO
07/10/2026;06:28:10;2026;04/10/2026;1;PB;20516;JOÃO PESSOA;76;285;Principal;-1;1368;ESCOLA MUNICIPAL ARUANDA ATRAS DA PRAÇA DA PAZ;Convencional;RUA EURIDICE DE FÉLIX CABRAL SN;BANCARIOS;58051105;-7,1447237;-34,8432171;ATIVO;ATIVO
07/10/2026;06:28:10;2026;04/10/2026;1;PB;20516;JOÃO PESSOA;76;286;Principal;-1;1708;CENTRAL DE AULAS UFPB;Convencional;UFPB UNIVERSIDADE FEDERAL DA PARAÍBA;BANCARIOS;58059900;-7,1408767;-34,8489083;ATIVO;ATIVO
07/10/2026;06:28:10;2026;04/10/2026;1;PB;20516;JOÃO PESSOA;76;288;Principal;-1;1996;GINASIO DO COLEGIO MOTIVA ORIENTAL;Convencional;AV. JOÃO CIRILO DA SILVA, 1600 - ALTIPLANO CABO BRANCO JOÃO PESSOA/PB;ALTIPLANO CABO BRANCO;58046005;-7,139462;-34,8222871;ATIVO;ATIVO
07/10/2026;06:28:10;2026;04/10/2026;1;PB;20516;JOÃO PESSOA;76;289;Principal;-1;1562;COLÉGIO VILA BANCARIOS;Convencional;RUA ANTÔNIO TARGINO PESSOA DA SILVEIRA,579;BANCARIOS;58052250;-7,1586917;-34,8358183;BLOQUEADO;ATIVO
07/10/2026;06:28:10;2026;04/10/2026;1;PB;20516;JOÃO PESSOA;76;290;Principal;-1;1902;COLÉGIO VILA PX AO BESSASHOPPING;Convencional;RUA FRANCISCO LEOCADIO RIBEIRO COUTINHO, 180;JARDIM OCEANIA;58036450;-7,0842788;-34,8416816;BLOQUEADO;ATIVO
07/10/2026;06:28:10;2026;04/10/2026;1;PB;20516;JOÃO PESSOA;76;291;Principal;-1;1589;COLEGIO COLIBRI-ATHENAS - ESQUINA COM RUA SÃO GONÇALO;Convencional;R.SÃO GONÇALO 952, ESQUINA COM RUA VIGOLVINO FLORENTINO DA COSTA;MANAIRA;58038331;-7,1052275;-34,8396799;ATIVO;ATIVO
07/10/2026;06:28:10;2026;04/10/2026;1;PB;20516;JOÃO PESSOA;76;292;Principal;-1;1708;CENTRAL DE AULAS UFPB;Convencional;UFPB UNIVERSIDADE FEDERAL DA PARAÍBA;BANCARIOS;58059900;-7,1408767;-34,8489083;ATIVO;ATIVO
07/10/2026;06:28:10;2026;04/10/2026;1;PB;20516;JOÃO PESSOA;76;293;Principal;-1;1902;COLÉGIO VILA PX AO BESSASHOPPING;Convencional;RUA FRANCISCO LEOCADIO RIBEIRO COUTINHO, 180;JARDIM OCEANIA;58036450;-7,0842788;-34,8416816;BLOQUEADO;ATIVO
07/10/2026;06:28:10;2026;04/10/2026;1;PB;20516;JOÃO PESSOA;76;294;Principal;-1;1449;OLIMPO JOÃO PESSOA ( ANTIGO AZ TAMBAU);Convencional;AV SENADOR RUI CARNEIRO, 500;TAMBAU;58032100;-7,1117137;-34,8275001;ATIVO;ATIVO
07/10/2026;06:28:10;2026;04/10/2026;1;PB;20516;JOÃO PESSOA;76;295;Principal;-1;1910;ISO SUL COLEGIO E CURSO;Convencional;RUA ROSA LIMA DOS SANTOS, 710;JARDIM CIDADE UNIVERSITARIA;58051590;-7,1500996;-34,8334437;ATIVO;ATIVO
07/10/2026;06:28:10;2026;04/10/2026;1;PB;20516;JOÃO PESSOA;76;296;Principal;-1;1996;GINASIO DO COLEGIO MOTIVA ORIENTAL;Convencional;AV. JOÃO CIRILO DA SILVA, 1600 - ALTIPLANO CABO BRANCO JOÃO PESSOA/PB;ALTIPLANO CABO BRANCO;58046005;-7,139462;-34,8222871;ATIVO;ATIVO
07/10/2026;06:28:10;2026;04/10/2026;1;PB;20516;JOÃO PESSOA;76;297;Principal;-1;1015;COLEGIO META PROX AO BANCO DO BRASIL;Convencional;MARIA ROSA JACINTO 71;BESSA;58035280;-7,0646283;-34,8419233;BLOQUEADO;ATIVO
07/10/2026;06:28:10;2026;04/10/2026;1;PB;20516;JOÃO PESSOA;76;298;Principal;-1;1708;CENTRAL DE AULAS UFPB;Convencional;UFPB UNIVERSIDADE FEDERAL DA PARAÍBA;BANCARIOS;58059900;-7,1408767;-34,8489083;ATIVO;ATIVO
07/10/2026;06:28:10;2026;04/10/2026;1;PB;20516;JOÃO PESSOA;76;299;Principal;-1;1619;ESCOLA MUN CHICO XAVIER PROX AO SUPERBOX BRASIL;Convencional;RUA TELEGRAFISTA ELESBAO SANTIAGO, S/ N JARDIM OCEANIA;BESSA;58037737;-7,0744483;-34,8392333;ATIVO;ATIVO
07/10/2026;06:28:10;2026;04/10/2026;1;PB;20516;JOÃO PESSOA;76;300;Principal;-1;1953;ESCOLA TÉCNICA ESTADUAL DE JPA EM FRENTE AO FORUM DE MANGABEIRA;Convencional;AVENIDA SOUTO MAIOR, SN;BANCARIOS;58046600;-7,1632317;-34,825595;ATIVO;ATIVO
07/10/2026;06:28:10;2026;04/10/2026;1;PB;20516;JOÃO PESSOA;76;301;Principal;-1;1562;COLÉGIO VILA BANCARIOS;Convencional;RUA ANTÔNIO TARGINO PESSOA DA SILVEIRA,579;BANCARIOS;58052250;-7,1586917;-34,8358183;BLOQUEADO;ATIVO
07/10/2026;06:28:10;2026;04/10/2026;1;PB;20516;JOÃO PESSOA;76;303;Principal;-1;1902;COLÉGIO VILA PX AO BESSASHOPPING;Convencional;RUA FRANCISCO LEOCADIO RIBEIRO COUTINHO, 180;JARDIM OCEANIA;58036450;-7,0842788;-34,8416816;BLOQUEADO;ATIVO
07/10/2026;06:28:10;2026;04/10/2026;1;PB;20516;JOÃO PESSOA;76;304;Principal;-1;1449;OLIMPO JOÃO PESSOA ( ANTIGO AZ TAMBAU);Convencional;AV SENADOR RUI CARNEIRO, 500;TAMBAU;58032100;-7,1117137;-34,8275001;ATIVO;ATIVO
07/10/2026;06:28:10;2026;04/10/2026;1;PB;20516;JOÃO PESSOA;76;305;Principal;-1;1961;SHOPPING LIV MALL;Convencional;AV. GOV. FLÁVIO RIBEIRO COUTINHO, 500;JARDIM OCEANIA;58037005;-7,0973906;-34,8377016;ATIVO;ATIVO
07/10/2026;06:28:10;2026;04/10/2026;1;PB;20516;JOÃO PESSOA;76;306;Principal;-1;1902;COLÉGIO VILA PX AO BESSASHOPPING;Convencional;RUA FRANCISCO LEOCADIO RIBEIRO COUTINHO, 180;JARDIM OCEANIA;58036450;-7,0842788;-34,8416816;BLOQUEADO;ATIVO
07/10/2026;06:28:10;2026;04/10/2026;1;PB;20516;JOÃO PESSOA;76;307;Principal;-1;1449;OLIMPO JOÃO PESSOA ( ANTIGO AZ TAMBAU);Convencional;AV SENADOR RUI CARNEIRO, 500;TAMBAU;58032100;-7,1117137;-34,8275001;ATIVO;ATIVO
07/10/2026;06:28:10;2026;04/10/2026;1;PB;20516;JOÃO PESSOA;76;308;Principal;-1;1708;CENTRAL DE AULAS UFPB;Convencional;UFPB UNIVERSIDADE FEDERAL DA PARAÍBA;BANCARIOS;58059900;-7,1408767;-34,8489083;ATIVO;ATIVO
07/10/2026;06:28:10;2026;04/10/2026;1;PB;20516;JOÃO PESSOA;76;309;Principal;-1;1910;ISO SUL COLEGIO E CURSO;Convencional;RUA ROSA LIMA DOS SANTOS, 710;JARDIM CIDADE UNIVERSITARIA;58051590;-7,1500996;-34,8334437;ATIVO;ATIVO
07/10/2026;06:28:10;2026;04/10/2026;1;PB;20516;JOÃO PESSOA;76;310;Principal;-1;1961;SHOPPING LIV MALL;Convencional;AV. GOV. FLÁVIO RIBEIRO COUTINHO, 500;JARDIM OCEANIA;58037005;-7,0973906;-34,8377016;ATIVO;ATIVO
07/10/2026;06:28:10;2026;04/10/2026;1;PB;20516;JOÃO PESSOA;76;311;Principal;-1;1449;OLIMPO JOÃO PESSOA ( ANTIGO AZ TAMBAU);Convencional;AV SENADOR RUI CARNEIRO, 500;TAMBAU;58032100;-7,1117137;-34,8275001;ATIVO;ATIVO
07/10/2026;06:28:10;2026;04/10/2026;1;PB;20516;JOÃO PESSOA;76;312;Principal;-1;1740;ASSOCIAÇÃO DOS SERVIDORES DA POLÍCIA FEDERAL - PROX PARQUE PB II;Convencional;R. POET LUIZ RAIMUNDO B. DE CARVALHO, 560 JD OCEANIA;BESSA;58037530;-7,081575;-34,8362983;ATIVO;ATIVO
07/10/2026;06:28:10;2026;04/10/2026;1;PB;20516;JOÃO PESSOA;76;313;Principal;-1;1465;COLEGIO PIO XI - BESSA;Convencional;RUA PHILADELFO PINTO DE CARVALHO - 135;BESSA;58036391;-7,0767467;-34,8413017;BLOQUEADO;ATIVO
07/10/2026;06:28:10;2026;04/10/2026;1;PB;20516;JOÃO PESSOA;76;314;Principal;-1;1961;SHOPPING LIV MALL;Convencional;AV. GOV. FLÁVIO RIBEIRO COUTINHO, 500;JARDIM OCEANIA;58037005;-7,0973906;-34,8377016;ATIVO;ATIVO
07/10/2026;06:28:10;2026;04/10/2026;1;PB;20516;JOÃO PESSOA;76;315;Principal;-1;1953;ESCOLA TÉCNICA ESTADUAL DE JPA EM FRENTE AO FORUM DE MANGABEIRA;Convencional;AVENIDA SOUTO MAIOR, SN;BANCARIOS;58046600;-7,1632317;-34,825595;ATIVO;ATIVO
07/10/2026;06:28:10;2026;04/10/2026;1;PB;20516;JOÃO PESSOA;76;316;Principal;-1;1449;OLIMPO JOÃO PESSOA ( ANTIGO AZ TAMBAU);Convencional;AV SENADOR RUI CARNEIRO, 500;TAMBAU;58032100;-7,1117137;-34,8275001;ATIVO;ATIVO
07/10/2026;06:28:10;2026;04/10/2026;1;PB;20516;JOÃO PESSOA;76;317;Principal;-1;1708;CENTRAL DE AULAS UFPB;Convencional;UFPB UNIVERSIDADE FEDERAL DA PARAÍBA;BANCARIOS;58059900;-7,1408767;-34,8489083;ATIVO;ATIVO
07/10/2026;06:28:10;2026;04/10/2026;1;PB;20516;JOÃO PESSOA;76;318;Principal;-1;1961;SHOPPING LIV MALL;Convencional;AV. GOV. FLÁVIO RIBEIRO COUTINHO, 500;JARDIM OCEANIA;58037005;-7,0973906;-34,8377016;ATIVO;ATIVO
07/10/2026;06:28:10;2026;04/10/2026;1;PB;20516;JOÃO PESSOA;76;319;Principal;-1;1953;ESCOLA TÉCNICA ESTADUAL DE JPA EM FRENTE AO FORUM DE MANGABEIRA;Convencional;AVENIDA SOUTO MAIOR, SN;BANCARIOS;58046600;-7,1632317;-34,825595;ATIVO;ATIVO
07/10/2026;06:28:10;2026;04/10/2026;1;PB;20516;JOÃO PESSOA;76;320;Principal;-1;1449;OLIMPO JOÃO PESSOA ( ANTIGO AZ TAMBAU);Convencional;AV SENADOR RUI CARNEIRO, 500;TAMBAU;58032100;-7,1117137;-34,8275001;ATIVO;ATIVO
07/10/2026;06:28:10;2026;04/10/2026;1;PB;20516;JOÃO PESSOA;76;321;Principal;-1;1619;ESCOLA MUN CHICO XAVIER PROX AO SUPERBOX BRASIL;Convencional;RUA TELEGRAFISTA ELESBAO SANTIAGO, S/ N JARDIM OCEANIA;BESSA;58037737;-7,0744483;-34,8392333;ATIVO;ATIVO
07/10/2026;06:28:10;2026;04/10/2026;1;PB;20516;JOÃO PESSOA;76;322;Principal;-1;1562;COLÉGIO VILA BANCARIOS;Convencional;RUA ANTÔNIO TARGINO PESSOA DA SILVEIRA,579;BANCARIOS;58052250;-7,1586917;-34,8358183;BLOQUEADO;ATIVO
07/10/2026;06:28:10;2026;04/10/2026;1;PB;20516;JOÃO PESSOA;76;323;Principal;-1;1708;CENTRAL DE AULAS UFPB;Convencional;UFPB UNIVERSIDADE FEDERAL DA PARAÍBA;BANCARIOS;58059900;-7,1408767;-34,8489083;ATIVO;ATIVO
07/10/2026;06:28:10;2026;04/10/2026;1;PB;20516;JOÃO PESSOA;76;324;Principal;-1;1961;SHOPPING LIV MALL;Convencional;AV. GOV. FLÁVIO RIBEIRO COUTINHO, 500;JARDIM OCEANIA;58037005;-7,0973906;-34,8377016;ATIVO;ATIVO
07/10/2026;06:28:10;2026;04/10/2026;1;PB;20516;JOÃO PESSOA;76;325;Principal;-1;1953;ESCOLA TÉCNICA ESTADUAL DE JPA EM FRENTE AO FORUM DE MANGABEIRA;Convencional;AVENIDA SOUTO MAIOR, SN;BANCARIOS;58046600;-7,1632317;-34,825595;ATIVO;ATIVO
07/10/2026;06:28:10;2026;04/10/2026;1;PB;20516;JOÃO PESSOA;76;326;Principal;-1;1740;ASSOCIAÇÃO DOS SERVIDORES DA POLÍCIA FEDERAL - PROX PARQUE PB II;Convencional;R. POET LUIZ RAIMUNDO B. DE CARVALHO, 560 JD OCEANIA;BESSA;58037530;-7,081575;-34,8362983;ATIVO;ATIVO
07/10/2026;06:28:10;2026;04/10/2026;1;PB;20516;JOÃO PESSOA;76;327;Principal;-1;1708;CENTRAL DE AULAS UFPB;Convencional;UFPB UNIVERSIDADE FEDERAL DA PARAÍBA;BANCARIOS;58059900;-7,1408767;-34,8489083;ATIVO;ATIVO
07/10/2026;06:28:10;2026;04/10/2026;1;PB;20516;JOÃO PESSOA;76;328;Principal;-1;1759;COLIBRI ENSINO FUNDAMENTAL EM FRENTE AO GINASIO;Convencional;RUA VIGOLVINO FLORENTINO DA COSTA, 723 MANAIRA;MANAIRA;58038580;-7,1046422;-34,8403883;ATIVO;ATIVO
07/10/2026;06:28:10;2026;04/10/2026;1;PB;20516;JOÃO PESSOA;76;329;Principal;-1;1562;COLÉGIO VILA BANCARIOS;Convencional;RUA ANTÔNIO TARGINO PESSOA DA SILVEIRA,579;BANCARIOS;58052250;-7,1586917;-34,8358183;BLOQUEADO;ATIVO
07/10/2026;06:28:10;2026;04/10/2026;1;PB;20516;JOÃO PESSOA;76;330;Principal;-1;1783;CLUBE DA PESSOA IDOSA;Convencional;RUA ANA GUEDES VASCONCELOS, SN ALTIPLANO;ALTIPLANO CABO BRANCO;58033455;-7,1307083;-34,8281006;ATIVO;ATIVO
07/10/2026;06:28:10;2026;04/10/2026;1;PB;20516;JOÃO PESSOA;76;331;Principal;-1;1449;OLIMPO JOÃO PESSOA ( ANTIGO AZ TAMBAU);Convencional;AV SENADOR RUI CARNEIRO, 500;TAMBAU;58032100;-7,1117137;-34,8275001;ATIVO;ATIVO
07/10/2026;06:28:10;2026;04/10/2026;1;PB;20516;JOÃO PESSOA;76;332;Principal;-1;1953;ESCOLA TÉCNICA ESTADUAL DE JPA EM FRENTE AO FORUM DE MANGABEIRA;Convencional;AVENIDA SOUTO MAIOR, SN;BANCARIOS;58046600;-7,1632317;-34,825595;ATIVO;ATIVO
07/10/2026;06:28:10;2026;04/10/2026;1;PB;20516;JOÃO PESSOA;76;333;Principal;-1;1902;COLÉGIO VILA PX AO BESSASHOPPING;Convencional;RUA FRANCISCO LEOCADIO RIBEIRO COUTINHO, 180;JARDIM OCEANIA;58036450;-7,0842788;-34,8416816;BLOQUEADO;ATIVO
07/10/2026;06:28:10;2026;04/10/2026;1;PB;20516;JOÃO PESSOA;76;334;Principal;-1;1015;COLEGIO META PROX AO BANCO DO BRASIL;Convencional;MARIA ROSA JACINTO 71;BESSA;58035280;-7,0646283;-34,8419233;BLOQUEADO;ATIVO
07/10/2026;06:28:10;2026;04/10/2026;1;PB;20516;JOÃO PESSOA;76;336;Principal;-1;1589;COLEGIO COLIBRI-ATHENAS - ESQUINA COM RUA SÃO GONÇALO;Convencional;R.SÃO GONÇALO 952, ESQUINA COM RUA VIGOLVINO FLORENTINO DA COSTA;MANAIRA;58038331;-7,1052275;-34,8396799;ATIVO;ATIVO
07/10/2026;06:28:10;2026;04/10/2026;1;PB;20516;JOÃO PESSOA;76;337;Principal;-1;1740;ASSOCIAÇÃO DOS SERVIDORES DA POLÍCIA FEDERAL - PROX PARQUE PB II;Convencional;R. POET LUIZ RAIMUNDO B. DE CARVALHO, 560 JD OCEANIA;BESSA;58037530;-7,081575;-34,8362983;ATIVO;ATIVO
07/10/2026;06:28:10;2026;04/10/2026;1;PB;20516;JOÃO PESSOA;76;338;Principal;-1;1953;ESCOLA TÉCNICA ESTADUAL DE JPA EM FRENTE AO FORUM DE MANGABEIRA;Convencional;AVENIDA SOUTO MAIOR, SN;BANCARIOS;58046600;-7,1632317;-34,825595;ATIVO;ATIVO
07/10/2026;06:28:10;2026;04/10/2026;1;PB;20516;JOÃO PESSOA;76;339;Principal;-1;1708;CENTRAL DE AULAS UFPB;Convencional;UFPB UNIVERSIDADE FEDERAL DA PARAÍBA;BANCARIOS;58059900;-7,1408767;-34,8489083;ATIVO;ATIVO
07/10/2026;06:28:10;2026;04/10/2026;1;PB;20516;JOÃO PESSOA;76;340;Principal;-1;1015;COLEGIO META PROX AO BANCO DO BRASIL;Convencional;MARIA ROSA JACINTO 71;BESSA;58035280;-7,0646283;-34,8419233;BLOQUEADO;ATIVO
07/10/2026;06:28:10;2026;04/10/2026;1;PB;20516;JOÃO PESSOA;76;341;Principal;-1;1449;OLIMPO JOÃO PESSOA ( ANTIGO AZ TAMBAU);Convencional;AV SENADOR RUI CARNEIRO, 500;TAMBAU;58032100;-7,1117137;-34,8275001;ATIVO;ATIVO
07/10/2026;06:28:10;2026;04/10/2026;1;PB;20516;JOÃO PESSOA;76;343;Principal;-1;1953;ESCOLA TÉCNICA ESTADUAL DE JPA EM FRENTE AO FORUM DE MANGABEIRA;Convencional;AVENIDA SOUTO MAIOR, SN;BANCARIOS;58046600;-7,1632317;-34,825595;ATIVO;ATIVO
07/10/2026;06:28:10;2026;04/10/2026;1;PB;20516;JOÃO PESSOA;76;344;Principal;-1;1740;ASSOCIAÇÃO DOS SERVIDORES DA POLÍCIA FEDERAL - PROX PARQUE PB II;Convencional;R. POET LUIZ RAIMUNDO B. DE CARVALHO, 560 JD OCEANIA;BESSA;58037530;-7,081575;-34,8362983;ATIVO;ATIVO
07/10/2026;06:28:10;2026;04/10/2026;1;PB;20516;JOÃO PESSOA;76;345;Principal;-1;1449;OLIMPO JOÃO PESSOA ( ANTIGO AZ TAMBAU);Convencional;AV SENADOR RUI CARNEIRO, 500;TAMBAU;58032100;-7,1117137;-34,8275001;ATIVO;ATIVO
07/10/2026;06:28:10;2026;04/10/2026;1;PB;20516;JOÃO PESSOA;76;346;Principal;-1;1708;CENTRAL DE AULAS UFPB;Convencional;UFPB UNIVERSIDADE FEDERAL DA PARAÍBA;BANCARIOS;58059900;-7,1408767;-34,8489083;ATIVO;ATIVO
07/10/2026;06:28:10;2026;04/10/2026;1;PB;20516;JOÃO PESSOA;76;347;Principal;-1;1562;COLÉGIO VILA BANCARIOS;Convencional;RUA ANTÔNIO TARGINO PESSOA DA SILVEIRA,579;BANCARIOS;58052250;-7,1586917;-34,8358183;BLOQUEADO;ATIVO
07/10/2026;06:28:10;2026;04/10/2026;1;PB;20516;JOÃO PESSOA;76;348;Principal;-1;1708;CENTRAL DE AULAS UFPB;Convencional;UFPB UNIVERSIDADE FEDERAL DA PARAÍBA;BANCARIOS;58059900;-7,1408767;-34,8489083;ATIVO;ATIVO
07/10/2026;06:28:10;2026;04/10/2026;1;PB;20516;JOÃO PESSOA;76;349;Principal;-1;1449;OLIMPO JOÃO PESSOA ( ANTIGO AZ TAMBAU);Convencional;AV SENADOR RUI CARNEIRO, 500;TAMBAU;58032100;-7,1117137;-34,8275001;ATIVO;ATIVO
07/10/2026;06:28:10;2026;04/10/2026;1;PB;20516;JOÃO PESSOA;76;350;Principal;-1;1139;ESCOLA ESTADUAL DE 1 GRAU PE ROMA;Convencional;R  EMILIO ARAUJO CHAVES S/N;ALTIPLANO CABO BRANCO;00000000;-7,1345917;-34,8281483;ATIVO;ATIVO
07/10/2026;06:28:10;2026;04/10/2026;1;PB;20516;JOÃO PESSOA;76;351;Principal;-1;1015;COLEGIO META PROX AO BANCO DO BRASIL;Convencional;MARIA ROSA JACINTO 71;BESSA;58035280;-7,0646283;-34,8419233;BLOQUEADO;ATIVO
07/10/2026;06:28:10;2026;04/10/2026;1;PB;20516;JOÃO PESSOA;76;352;Principal;-1;1759;COLIBRI ENSINO FUNDAMENTAL EM FRENTE AO GINASIO;Convencional;RUA VIGOLVINO FLORENTINO DA COSTA, 723 MANAIRA;MANAIRA;58038580;-7,1046422;-34,8403883;ATIVO;ATIVO
07/10/2026;06:28:10;2026;04/10/2026;1;PB;20516;JOÃO PESSOA;76;354;Principal;-1;1783;CLUBE DA PESSOA IDOSA;Convencional;RUA ANA GUEDES VASCONCELOS, SN ALTIPLANO;ALTIPLANO CABO BRANCO;58033455;-7,1307083;-34,8281006;ATIVO;ATIVO
07/10/2026;06:28:10;2026;04/10/2026;1;PB;20516;JOÃO PESSOA;76;355;Principal;-1;1562;COLÉGIO VILA BANCARIOS;Convencional;RUA ANTÔNIO TARGINO PESSOA DA SILVEIRA,579;BANCARIOS;58052250;-7,1586917;-34,8358183;BLOQUEADO;ATIVO
07/10/2026;06:28:10;2026;04/10/2026;1;PB;20516;JOÃO PESSOA;76;356;Principal;-1;1015;COLEGIO META PROX AO BANCO DO BRASIL;Convencional;MARIA ROSA JACINTO 71;BESSA;58035280;-7,0646283;-34,8419233;BLOQUEADO;ATIVO
07/10/2026;06:28:10;2026;04/10/2026;1;PB;20516;JOÃO PESSOA;76;357;Principal;-1;1619;ESCOLA MUN CHICO XAVIER PROX AO SUPERBOX BRASIL;Convencional;RUA TELEGRAFISTA ELESBAO SANTIAGO, S/ N JARDIM OCEANIA;BESSA;58037737;-7,0744483;-34,8392333;ATIVO;ATIVO
07/10/2026;06:28:10;2026;04/10/2026;1;PB;20516;JOÃO PESSOA;76;358;Principal;-1;1104;COLEGIO MASTER BESSA;Convencional;MARIA ALVES DA ROCHA 51;BESSA;58037095;-7,0956798;-34,8459514;ATIVO;ATIVO
07/10/2026;06:28:10;2026;04/10/2026;1;PB;20516;JOÃO PESSOA;76;359;Principal;-1;1325;ESCOLA MUNICIPAL ANTÔNIO DOS SANTOS COELHO NETO;Convencional;R. OTACÍLIO SILVA DA SILVEIRA - PENHA;PENHA;58047092;-7,1654917;-34,7987567;ATIVO;ATIVO
07/10/2026;06:28:10;2026;04/10/2026;1;PB;20516;JOÃO PESSOA;76;360;Principal;-1;1708;CENTRAL DE AULAS UFPB;Convencional;UFPB UNIVERSIDADE FEDERAL DA PARAÍBA;BANCARIOS;58059900;-7,1408767;-34,8489083;ATIVO;ATIVO
07/10/2026;06:28:10;2026;04/10/2026;1;PB;20516;JOÃO PESSOA;76;361;Principal;-1;1759;COLIBRI ENSINO FUNDAMENTAL EM FRENTE AO GINASIO;Convencional;RUA VIGOLVINO FLORENTINO DA COSTA, 723 MANAIRA;MANAIRA;58038580;-7,1046422;-34,8403883;ATIVO;ATIVO
07/10/2026;06:28:10;2026;04/10/2026;1;PB;20516;JOÃO PESSOA;76;362;Principal;-1;1562;COLÉGIO VILA BANCARIOS;Convencional;RUA ANTÔNIO TARGINO PESSOA DA SILVEIRA,579;BANCARIOS;58052250;-7,1586917;-34,8358183;BLOQUEADO;ATIVO
07/10/2026;06:28:10;2026;04/10/2026;1;PB;20516;JOÃO PESSOA;76;364;Principal;-1;1783;CLUBE DA PESSOA IDOSA;Convencional;RUA ANA GUEDES VASCONCELOS, SN ALTIPLANO;ALTIPLANO CABO BRANCO;58033455;-7,1307083;-34,8281006;ATIVO;ATIVO
07/10/2026;06:28:10;2026;04/10/2026;1;PB;20516;JOÃO PESSOA;76;368;Principal;-1;1457;ESCOLA MUNICIPAL ANITA TRIGUEIRO DO VALLE;Convencional;RUA EMLIO ARAUJO CHAVES, N 118;ALTIPLANO CABO BRANCO;58000000;-7,1359108;-34,8274913;ATIVO;ATIVO
07/10/2026;06:28:10;2026;04/10/2026;1;PB;20516;JOÃO PESSOA;76;369;Principal;-1;1589;COLEGIO COLIBRI-ATHENAS - ESQUINA COM RUA SÃO GONÇALO;Convencional;R.SÃO GONÇALO 952, ESQUINA COM RUA VIGOLVINO FLORENTINO DA COSTA;MANAIRA;58038331;-7,1052275;-34,8396799;ATIVO;ATIVO
07/10/2026;06:28:10;2026;04/10/2026;1;PB;20516;JOÃO PESSOA;76;373;Principal;-1;1821;COLEGIO MOTIVA ORIENTAL;Convencional;AV JOÃO CYRILLO DA SILVA, 1600;ALTIPLANO CABO BRANCO;58046005;-7,138961;-34,8216848;ATIVO;ATIVO
07/10/2026;06:28:10;2026;04/10/2026;1;PB;20516;JOÃO PESSOA;76;374;Principal;-1;1015;COLEGIO META PROX AO BANCO DO BRASIL;Convencional;MARIA ROSA JACINTO 71;BESSA;58035280;-7,0646283;-34,8419233;BLOQUEADO;ATIVO
07/10/2026;06:28:10;2026;04/10/2026;1;PB;20516;JOÃO PESSOA;76;375;Principal;-1;1783;CLUBE DA PESSOA IDOSA;Convencional;RUA ANA GUEDES VASCONCELOS, SN ALTIPLANO;ALTIPLANO CABO BRANCO;58033455;-7,1307083;-34,8281006;ATIVO;ATIVO
07/10/2026;06:28:10;2026;04/10/2026;1;PB;20516;JOÃO PESSOA;76;376;Principal;-1;1015;COLEGIO META PROX AO BANCO DO BRASIL;Convencional;MARIA ROSA JACINTO 71;BESSA;58035280;-7,0646283;-34,8419233;BLOQUEADO;ATIVO
07/10/2026;06:28:10;2026;04/10/2026;1;PB;20516;JOÃO PESSOA;76;377;Principal;-1;1953;ESCOLA TÉCNICA ESTADUAL DE JPA EM FRENTE AO FORUM DE MANGABEIRA;Convencional;AVENIDA SOUTO MAIOR, SN;BANCARIOS;58046600;-7,1632317;-34,825595;ATIVO;ATIVO
07/10/2026;06:28:10;2026;04/10/2026;1;PB;20516;JOÃO PESSOA;76;379;Principal;-1;1503;MOTIVA AMBIENTAL;Convencional;RUA SILVINO LOPES 255;TAMBAU;58039190;-7,1148662;-34,8284839;ATIVO;ATIVO
07/10/2026;06:28:10;2026;04/10/2026;1;PB;20516;JOÃO PESSOA;76;380;Principal;-1;1341;META UNIDADE EM FRENTE AO PARQUE PB II;Convencional;RUA JOSE FERREIRA RAMOS 35;BESSA;58036035;-7,0802967;-34,8374;ATIVO;ATIVO
07/10/2026;06:28:10;2026;04/10/2026;1;PB;20516;JOÃO PESSOA;76;381;Principal;-1;1821;COLEGIO MOTIVA ORIENTAL;Convencional;AV JOÃO CYRILLO DA SILVA, 1600;ALTIPLANO CABO BRANCO;58046005;-7,138961;-34,8216848;ATIVO;ATIVO
07/10/2026;06:28:10;2026;04/10/2026;1;PB;20516;JOÃO PESSOA;76;382;Principal;-1;1996;GINASIO DO COLEGIO MOTIVA ORIENTAL;Convencional;AV. JOÃO CIRILO DA SILVA, 1600 - ALTIPLANO CABO BRANCO JOÃO PESSOA/PB;ALTIPLANO CABO BRANCO;58046005;-7,139462;-34,8222871;ATIVO;ATIVO
07/10/2026;06:28:10;2026;04/10/2026;1;PB;20516;JOÃO PESSOA;76;383;Principal;-1;1953;ESCOLA TÉCNICA ESTADUAL DE JPA EM FRENTE AO FORUM DE MANGABEIRA;Convencional;AVENIDA SOUTO MAIOR, SN;BANCARIOS;58046600;-7,1632317;-34,825595;ATIVO;ATIVO
07/10/2026;06:28:10;2026;04/10/2026;1;PB;20516;JOÃO PESSOA;76;384;Principal;-1;1821;COLEGIO MOTIVA ORIENTAL;Convencional;AV JOÃO CYRILLO DA SILVA, 1600;ALTIPLANO CABO BRANCO;58046005;-7,138961;-34,8216848;ATIVO;ATIVO
07/10/2026;06:28:10;2026;04/10/2026;1;PB;20516;JOÃO PESSOA;76;385;Principal;-1;1708;CENTRAL DE AULAS UFPB;Convencional;UFPB UNIVERSIDADE FEDERAL DA PARAÍBA;BANCARIOS;58059900;-7,1408767;-34,8489083;ATIVO;ATIVO
07/10/2026;06:28:10;2026;04/10/2026;1;PB;20516;JOÃO PESSOA;76;386;Principal;-1;1872;CENTRO UNIVERSITÁRIO DE JOÃO PESSOA - UNIPÊ;Convencional;RODOVIA BR-230,KM 22, S/N - ÁGUA FRIA, JOÃO PESSOA;BANCARIOS;58053002;-7,1594817;-34,857285;ATIVO;ATIVO
07/10/2026;06:28:10;2026;04/10/2026;1;PB;20516;JOÃO PESSOA;76;387;Principal;-1;1015;COLEGIO META PROX AO BANCO DO BRASIL;Convencional;MARIA ROSA JACINTO 71;BESSA;58035280;-7,0646283;-34,8419233;BLOQUEADO;ATIVO
07/10/2026;06:28:10;2026;04/10/2026;1;PB;20516;JOÃO PESSOA;76;388;Principal;-1;1341;META UNIDADE EM FRENTE AO PARQUE PB II;Convencional;RUA JOSE FERREIRA RAMOS 35;BESSA;58036035;-7,0802967;-34,8374;ATIVO;ATIVO
07/10/2026;06:28:10;2026;04/10/2026;1;PB;20516;JOÃO PESSOA;76;389;Principal;-1;1864;CENTRO EDUCACIONAL DO JOVEM -CEJ;Preso provisório;AV. SANTA BÁRBARA, S/N-JARDIM CIDADE UNIVERSITÁRIA;JARDIM CIDADE UNIVERSITARIA;58051000;-7,1616;-34,829875;ATIVO;ATIVO
07/10/2026;06:28:10;2026;04/10/2026;1;PB;20516;JOÃO PESSOA;76;390;Principal;-1;1872;CENTRO UNIVERSITÁRIO DE JOÃO PESSOA - UNIPÊ;Convencional;RODOVIA BR-230,KM 22, S/N - ÁGUA FRIA, JOÃO PESSOA;BANCARIOS;58053002;-7,1594817;-34,857285;ATIVO;ATIVO
07/10/2026;06:28:10;2026;04/10/2026;1;PB;20516;JOÃO PESSOA;76;391;Principal;-1;1821;COLEGIO MOTIVA ORIENTAL;Convencional;AV JOÃO CYRILLO DA SILVA, 1600;ALTIPLANO CABO BRANCO;58046005;-7,138961;-34,8216848;ATIVO;ATIVO
07/10/2026;06:28:10;2026;04/10/2026;1;PB;20516;JOÃO PESSOA;76;392;Principal;-1;1341;META UNIDADE EM FRENTE AO PARQUE PB II;Convencional;RUA JOSE FERREIRA RAMOS 35;BESSA;58036035;-7,0802967;-34,8374;ATIVO;ATIVO
07/10/2026;06:28:10;2026;04/10/2026;1;PB;20516;JOÃO PESSOA;76;393;Principal;-1;1872;CENTRO UNIVERSITÁRIO DE JOÃO PESSOA - UNIPÊ;Convencional;RODOVIA BR-230,KM 22, S/N - ÁGUA FRIA, JOÃO PESSOA;BANCARIOS;58053002;-7,1594817;-34,857285;ATIVO;ATIVO
07/10/2026;06:28:10;2026;04/10/2026;1;PB;20516;JOÃO PESSOA;76;394;Principal;-1;1341;META UNIDADE EM FRENTE AO PARQUE PB II;Convencional;RUA JOSE FERREIRA RAMOS 35;BESSA;58036035;-7,0802967;-34,8374;ATIVO;ATIVO
07/10/2026;06:28:10;2026;04/10/2026;1;PB;20516;JOÃO PESSOA;76;395;Principal;-1;1872;CENTRO UNIVERSITÁRIO DE JOÃO PESSOA - UNIPÊ;Convencional;RODOVIA BR-230,KM 22, S/N - ÁGUA FRIA, JOÃO PESSOA;BANCARIOS;58053002;-7,1594817;-34,857285;ATIVO;ATIVO
07/10/2026;06:28:10;2026;04/10/2026;1;PB;20516;JOÃO PESSOA;76;396;Principal;-1;1872;CENTRO UNIVERSITÁRIO DE JOÃO PESSOA - UNIPÊ;Convencional;RODOVIA BR-230,KM 22, S/N - ÁGUA FRIA, JOÃO PESSOA;BANCARIOS;58053002;-7,1594817;-34,857285;ATIVO;ATIVO
07/10/2026;06:28:10;2026;04/10/2026;1;PB;20516;JOÃO PESSOA;76;397;Principal;-1;1465;COLEGIO PIO XI - BESSA;Convencional;RUA PHILADELFO PINTO DE CARVALHO - 135;BESSA;58036391;-7,0767467;-34,8413017;BLOQUEADO;ATIVO
07/10/2026;06:28:10;2026;04/10/2026;1;PB;20516;JOÃO PESSOA;76;398;Principal;-1;1066;COLEGIO ESTADUAL DE 1.GRAU D ALICE DE ALMEIDA CARNEIRO;Convencional;SAPE SN;MANAIRA;58038380;-7,1052716;-34,8366273;ATIVO;ATIVO
07/10/2026;06:28:10;2026;04/10/2026;1;PB;20516;JOÃO PESSOA;76;399;Principal;-1;1872;CENTRO UNIVERSITÁRIO DE JOÃO PESSOA - UNIPÊ;Convencional;RODOVIA BR-230,KM 22, S/N - ÁGUA FRIA, JOÃO PESSOA;BANCARIOS;58053002;-7,1594817;-34,857285;ATIVO;ATIVO
07/10/2026;06:28:10;2026;04/10/2026;1;PB;20516;JOÃO PESSOA;76;400;Principal;-1;1465;COLEGIO PIO XI - BESSA;Convencional;RUA PHILADELFO PINTO DE CARVALHO - 135;BESSA;58036391;-7,0767467;-34,8413017;BLOQUEADO;ATIVO
07/10/2026;06:28:10;2026;04/10/2026;1;PB;20516;JOÃO PESSOA;76;401;Principal;-1;1708;CENTRAL DE AULAS UFPB;Convencional;UFPB UNIVERSIDADE FEDERAL DA PARAÍBA;BANCARIOS;58059900;-7,1408767;-34,8489083;ATIVO;ATIVO
07/10/2026;06:28:10;2026;04/10/2026;1;PB;20516;JOÃO PESSOA;76;402;Principal;-1;1503;MOTIVA AMBIENTAL;Convencional;RUA SILVINO LOPES 255;TAMBAU;58039190;-7,1148662;-34,8284839;ATIVO;ATIVO
07/10/2026;06:28:10;2026;04/10/2026;1;PB;20516;JOÃO PESSOA;76;403;Principal;-1;1066;COLEGIO ESTADUAL DE 1.GRAU D ALICE DE ALMEIDA CARNEIRO;Convencional;SAPE SN;MANAIRA;58038380;-7,1052716;-34,8366273;ATIVO;ATIVO
07/10/2026;06:28:10;2026;04/10/2026;1;PB;20516;JOÃO PESSOA;76;404;Principal;-1;1465;COLEGIO PIO XI - BESSA;Convencional;RUA PHILADELFO PINTO DE CARVALHO - 135;BESSA;58036391;-7,0767467;-34,8413017;BLOQUEADO;ATIVO
07/10/2026;06:28:10;2026;04/10/2026;1;PB;20516;JOÃO PESSOA;76;405;Principal;-1;1465;COLEGIO PIO XI - BESSA;Convencional;RUA PHILADELFO PINTO DE CARVALHO - 135;BESSA;58036391;-7,0767467;-34,8413017;BLOQUEADO;ATIVO
07/10/2026;06:28:10;2026;04/10/2026;1;PB;20516;JOÃO PESSOA;76;406;Principal;-1;1872;CENTRO UNIVERSITÁRIO DE JOÃO PESSOA - UNIPÊ;Convencional;RODOVIA BR-230,KM 22, S/N - ÁGUA FRIA, JOÃO PESSOA;BANCARIOS;58053002;-7,1594817;-34,857285;ATIVO;ATIVO
07/10/2026;06:28:10;2026;04/10/2026;1;PB;20516;JOÃO PESSOA;76;407;Principal;-1;1066;COLEGIO ESTADUAL DE 1.GRAU D ALICE DE ALMEIDA CARNEIRO;Convencional;SAPE SN;MANAIRA;58038380;-7,1052716;-34,8366273;ATIVO;ATIVO
07/10/2026;06:28:10;2026;04/10/2026;1;PB;20516;JOÃO PESSOA;76;408;Principal;-1;1465;COLEGIO PIO XI - BESSA;Convencional;RUA PHILADELFO PINTO DE CARVALHO - 135;BESSA;58036391;-7,0767467;-34,8413017;BLOQUEADO;ATIVO
07/10/2026;06:28:10;2026;04/10/2026;1;PB;20516;JOÃO PESSOA;76;409;Principal;-1;1902;COLÉGIO VILA PX AO BESSASHOPPING;Convencional;RUA FRANCISCO LEOCADIO RIBEIRO COUTINHO, 180;JARDIM OCEANIA;58036450;-7,0842788;-34,8416816;BLOQUEADO;ATIVO
07/10/2026;06:28:10;2026;04/10/2026;1;PB;20516;JOÃO PESSOA;76;410;Principal;-1;1910;ISO SUL COLEGIO E CURSO;Convencional;RUA ROSA LIMA DOS SANTOS, 710;JARDIM CIDADE UNIVERSITARIA;58051590;-7,1500996;-34,8334437;ATIVO;ATIVO
07/10/2026;06:28:10;2026;04/10/2026;1;PB;20516;JOÃO PESSOA;76;412;Principal;-1;1821;COLEGIO MOTIVA ORIENTAL;Convencional;AV JOÃO CYRILLO DA SILVA, 1600;ALTIPLANO CABO BRANCO;58046005;-7,138961;-34,8216848;ATIVO;ATIVO
07/10/2026;06:28:10;2026;04/10/2026;1;PB;20516;JOÃO PESSOA;76;413;Principal;-1;1910;ISO SUL COLEGIO E CURSO;Convencional;RUA ROSA LIMA DOS SANTOS, 710;JARDIM CIDADE UNIVERSITARIA;58051590;-7,1500996;-34,8334437;ATIVO;ATIVO
07/10/2026;06:28:10;2026;04/10/2026;1;PB;20516;JOÃO PESSOA;76;414;Principal;-1;1341;META UNIDADE EM FRENTE AO PARQUE PB II;Convencional;RUA JOSE FERREIRA RAMOS 35;BESSA;58036035;-7,0802967;-34,8374;ATIVO;ATIVO
07/10/2026;06:28:10;2026;04/10/2026;1;PB;20516;JOÃO PESSOA;76;415;Principal;-1;1872;CENTRO UNIVERSITÁRIO DE JOÃO PESSOA - UNIPÊ;Convencional;RODOVIA BR-230,KM 22, S/N - ÁGUA FRIA, JOÃO PESSOA;BANCARIOS;58053002;-7,1594817;-34,857285;ATIVO;ATIVO
07/10/2026;06:28:10;2026;04/10/2026;1;PB;20516;JOÃO PESSOA;76;416;Principal;-1;1945;CCSA UFPB - CENTRO DE CIÊNCIAS SOCIAIS APLICADAS;Convencional;CAMPUS I UNIVERSIDADE FEDERAL DA PARAÍBA, VIA EXPRESSA PADRE ZÉ, 289 -;BANCARIOS;58051900;-7,1410559;-34,8494707;ATIVO;ATIVO
07/10/2026;06:28:10;2026;04/10/2026;1;PB;20516;JOÃO PESSOA;76;417;Principal;-1;1953;ESCOLA TÉCNICA ESTADUAL DE JPA EM FRENTE AO FORUM DE MANGABEIRA;Convencional;AVENIDA SOUTO MAIOR, SN;BANCARIOS;58046600;-7,1632317;-34,825595;ATIVO;ATIVO
07/10/2026;06:28:10;2026;04/10/2026;1;PB;20516;JOÃO PESSOA;76;418;Principal;-1;1821;COLEGIO MOTIVA ORIENTAL;Convencional;AV JOÃO CYRILLO DA SILVA, 1600;ALTIPLANO CABO BRANCO;58046005;-7,138961;-34,8216848;ATIVO;ATIVO
07/10/2026;06:28:10;2026;04/10/2026;1;PB;20516;JOÃO PESSOA;76;419;Principal;-1;1945;CCSA UFPB - CENTRO DE CIÊNCIAS SOCIAIS APLICADAS;Convencional;CAMPUS I UNIVERSIDADE FEDERAL DA PARAÍBA, VIA EXPRESSA PADRE ZÉ, 289 -;BANCARIOS;58051900;-7,1410559;-34,8494707;ATIVO;ATIVO
07/10/2026;06:28:10;2026;04/10/2026;1;PB;20516;JOÃO PESSOA;76;420;Principal;-1;1902;COLÉGIO VILA PX AO BESSASHOPPING;Convencional;RUA FRANCISCO LEOCADIO RIBEIRO COUTINHO, 180;JARDIM OCEANIA;58036450;-7,0842788;-34,8416816;BLOQUEADO;ATIVO
07/10/2026;06:28:10;2026;04/10/2026;1;PB;20516;JOÃO PESSOA;76;421;Principal;-1;1945;CCSA UFPB - CENTRO DE CIÊNCIAS SOCIAIS APLICADAS;Convencional;CAMPUS I UNIVERSIDADE FEDERAL DA PARAÍBA, VIA EXPRESSA PADRE ZÉ, 289 -;BANCARIOS;58051900;-7,1410559;-34,8494707;ATIVO;ATIVO
07/10/2026;06:28:10;2026;04/10/2026;1;PB;20516;JOÃO PESSOA;76;422;Principal;-1;1015;COLEGIO META PROX AO BANCO DO BRASIL;Convencional;MARIA ROSA JACINTO 71;BESSA;58035280;-7,0646283;-34,8419233;BLOQUEADO;ATIVO
07/10/2026;06:28:10;2026;04/10/2026;1;PB;20516;JOÃO PESSOA;76;423;Principal;-1;1821;COLEGIO MOTIVA ORIENTAL;Convencional;AV JOÃO CYRILLO DA SILVA, 1600;ALTIPLANO CABO BRANCO;58046005;-7,138961;-34,8216848;ATIVO;ATIVO
07/10/2026;06:28:10;2026;04/10/2026;1;PB;20516;JOÃO PESSOA;76;424;Principal;-1;1945;CCSA UFPB - CENTRO DE CIÊNCIAS SOCIAIS APLICADAS;Convencional;CAMPUS I UNIVERSIDADE FEDERAL DA PARAÍBA, VIA EXPRESSA PADRE ZÉ, 289 -;BANCARIOS;58051900;-7,1410559;-34,8494707;ATIVO;ATIVO
07/10/2026;06:28:10;2026;04/10/2026;1;PB;20516;JOÃO PESSOA;76;425;Principal;-1;1074;ESCOLA MUNICIPAL SERAPHICO DA NOBREGA;Convencional;RUA UBIRAJARA TARGINO BOTTO 36 MANAÍRA;TAMBAU;58038030;-7,1109107;-34,8281533;ATIVO;ATIVO
07/10/2026;06:28:10;2026;04/10/2026;1;PB;20516;JOÃO PESSOA;76;426;Principal;-1;1902;COLÉGIO VILA PX AO BESSASHOPPING;Convencional;RUA FRANCISCO LEOCADIO RIBEIRO COUTINHO, 180;JARDIM OCEANIA;58036450;-7,0842788;-34,8416816;BLOQUEADO;ATIVO
07/10/2026;06:28:10;2026;04/10/2026;1;PB;20516;JOÃO PESSOA;76;427;Principal;-1;1945;CCSA UFPB - CENTRO DE CIÊNCIAS SOCIAIS APLICADAS;Convencional;CAMPUS I UNIVERSIDADE FEDERAL DA PARAÍBA, VIA EXPRESSA PADRE ZÉ, 289 -;BANCARIOS;58051900;-7,1410559;-34,8494707;ATIVO;ATIVO
07/10/2026;06:28:10;2026;04/10/2026;1;PB;20516;JOÃO PESSOA;76;428;Principal;-1;1872;CENTRO UNIVERSITÁRIO DE JOÃO PESSOA - UNIPÊ;Convencional;RODOVIA BR-230,KM 22, S/N - ÁGUA FRIA, JOÃO PESSOA;BANCARIOS;58053002;-7,1594817;-34,857285;ATIVO;ATIVO
07/10/2026;06:28:10;2026;04/10/2026;1;PB;20516;JOÃO PESSOA;76;429;Principal;-1;1015;COLEGIO META PROX AO BANCO DO BRASIL;Convencional;MARIA ROSA JACINTO 71;BESSA;58035280;-7,0646283;-34,8419233;BLOQUEADO;ATIVO
07/10/2026;06:28:10;2026;04/10/2026;1;PB;20516;JOÃO PESSOA;76;430;Principal;-1;1945;CCSA UFPB - CENTRO DE CIÊNCIAS SOCIAIS APLICADAS;Convencional;CAMPUS I UNIVERSIDADE FEDERAL DA PARAÍBA, VIA EXPRESSA PADRE ZÉ, 289 -;BANCARIOS;58051900;-7,1410559;-34,8494707;ATIVO;ATIVO
07/10/2026;06:28:10;2026;04/10/2026;1;PB;20516;JOÃO PESSOA;76;431;Principal;-1;2003;ASSIFPB ASSOC SERVIDORES IFPB - PX PB MALL ATRÁS ASSOC PF C AR CONDIC;Convencional;RUA ANTÔNIO PEREIRA GOMES FILHO, 201;JARDIM OCEANIA;58037555;-7,0797859;-34,8354382;ATIVO;ATIVO
07/10/2026;06:28:10;2026;04/10/2026;1;PB;20516;JOÃO PESSOA;76;432;Principal;-1;1961;SHOPPING LIV MALL;Convencional;AV. GOV. FLÁVIO RIBEIRO COUTINHO, 500;JARDIM OCEANIA;58037005;-7,0973906;-34,8377016;ATIVO;ATIVO
07/10/2026;06:28:10;2026;04/10/2026;1;PB;20516;JOÃO PESSOA;76;433;Principal;-1;1945;CCSA UFPB - CENTRO DE CIÊNCIAS SOCIAIS APLICADAS;Convencional;CAMPUS I UNIVERSIDADE FEDERAL DA PARAÍBA, VIA EXPRESSA PADRE ZÉ, 289 -;BANCARIOS;58051900;-7,1410559;-34,8494707;ATIVO;ATIVO
07/10/2026;06:28:10;2026;04/10/2026;1;PB;20516;JOÃO PESSOA;76;434;Principal;-1;1996;GINASIO DO COLEGIO MOTIVA ORIENTAL;Convencional;AV. JOÃO CIRILO DA SILVA, 1600 - ALTIPLANO CABO BRANCO JOÃO PESSOA/PB;ALTIPLANO CABO BRANCO;58046005;-7,139462;-34,8222871;ATIVO;ATIVO
07/10/2026;06:28:10;2026;04/10/2026;1;PB;20516;JOÃO PESSOA;76;435;Principal;-1;1961;SHOPPING LIV MALL;Convencional;AV. GOV. FLÁVIO RIBEIRO COUTINHO, 500;JARDIM OCEANIA;58037005;-7,0973906;-34,8377016;ATIVO;ATIVO
07/10/2026;06:28:10;2026;04/10/2026;1;PB;20516;JOÃO PESSOA;76;436;Principal;-1;1074;ESCOLA MUNICIPAL SERAPHICO DA NOBREGA;Convencional;RUA UBIRAJARA TARGINO BOTTO 36 MANAÍRA;TAMBAU;58038030;-7,1109107;-34,8281533;ATIVO;ATIVO
07/10/2026;06:28:10;2026;04/10/2026;1;PB;20516;JOÃO PESSOA;76;437;Principal;-1;1945;CCSA UFPB - CENTRO DE CIÊNCIAS SOCIAIS APLICADAS;Convencional;CAMPUS I UNIVERSIDADE FEDERAL DA PARAÍBA, VIA EXPRESSA PADRE ZÉ, 289 -;BANCARIOS;58051900;-7,1410559;-34,8494707;ATIVO;ATIVO
07/10/2026;06:28:10;2026;04/10/2026;1;PB;20516;JOÃO PESSOA;76;438;Principal;-1;2003;ASSIFPB ASSOC SERVIDORES IFPB - PX PB MALL ATRÁS ASSOC PF C AR CONDIC;Convencional;RUA ANTÔNIO PEREIRA GOMES FILHO, 201;JARDIM OCEANIA;58037555;-7,0797859;-34,8354382;ATIVO;ATIVO
07/10/2026;06:28:10;2026;04/10/2026;1;PB;20516;JOÃO PESSOA;76;439;Principal;-1;1996;GINASIO DO COLEGIO MOTIVA ORIENTAL;Convencional;AV. JOÃO CIRILO DA SILVA, 1600 - ALTIPLANO CABO BRANCO JOÃO PESSOA/PB;ALTIPLANO CABO BRANCO;58046005;-7,139462;-34,8222871;ATIVO;ATIVO
07/10/2026;06:28:10;2026;04/10/2026;1;PB;20516;JOÃO PESSOA;76;440;Principal;-1;1961;SHOPPING LIV MALL;Convencional;AV. GOV. FLÁVIO RIBEIRO COUTINHO, 500;JARDIM OCEANIA;58037005;-7,0973906;-34,8377016;ATIVO;ATIVO
07/10/2026;06:28:10;2026;04/10/2026;1;PB;20516;JOÃO PESSOA;76;441;Principal;-1;1945;CCSA UFPB - CENTRO DE CIÊNCIAS SOCIAIS APLICADAS;Convencional;CAMPUS I UNIVERSIDADE FEDERAL DA PARAÍBA, VIA EXPRESSA PADRE ZÉ, 289 -;BANCARIOS;58051900;-7,1410559;-34,8494707;ATIVO;ATIVO
07/10/2026;06:28:10;2026;04/10/2026;1;PB;20516;JOÃO PESSOA;76;442;Principal;-1;2003;ASSIFPB ASSOC SERVIDORES IFPB - PX PB MALL ATRÁS ASSOC PF C AR CONDIC;Convencional;RUA ANTÔNIO PEREIRA GOMES FILHO, 201;JARDIM OCEANIA;58037555;-7,0797859;-34,8354382;ATIVO;ATIVO
07/10/2026;06:28:10;2026;04/10/2026;1;PB;20516;JOÃO PESSOA;76;443;Principal;-1;1872;CENTRO UNIVERSITÁRIO DE JOÃO PESSOA - UNIPÊ;Convencional;RODOVIA BR-230,KM 22, S/N - ÁGUA FRIA, JOÃO PESSOA;BANCARIOS;58053002;-7,1594817;-34,857285;ATIVO;ATIVO
07/10/2026;06:28:10;2026;04/10/2026;1;PB;20516;JOÃO PESSOA;76;444;Principal;-1;1945;CCSA UFPB - CENTRO DE CIÊNCIAS SOCIAIS APLICADAS;Convencional;CAMPUS I UNIVERSIDADE FEDERAL DA PARAÍBA, VIA EXPRESSA PADRE ZÉ, 289 -;BANCARIOS;58051900;-7,1410559;-34,8494707;ATIVO;ATIVO
07/10/2026;06:28:10;2026;04/10/2026;1;PB;20516;JOÃO PESSOA;76;445;Principal;-1;1961;SHOPPING LIV MALL;Convencional;AV. GOV. FLÁVIO RIBEIRO COUTINHO, 500;JARDIM OCEANIA;58037005;-7,0973906;-34,8377016;ATIVO;ATIVO
07/10/2026;06:28:10;2026;04/10/2026;1;PB;20516;JOÃO PESSOA;76;446;Principal;-1;2003;ASSIFPB ASSOC SERVIDORES IFPB - PX PB MALL ATRÁS ASSOC PF C AR CONDIC;Convencional;RUA ANTÔNIO PEREIRA GOMES FILHO, 201;JARDIM OCEANIA;58037555;-7,0797859;-34,8354382;ATIVO;ATIVO
07/10/2026;06:28:10;2026;04/10/2026;1;PB;20516;JOÃO PESSOA;76;448;Principal;-1;2046;CCHLA/UFPB;Voto em trânsito;CAMPUS - JARDIM CIDADE UNIVERSITÁRIA;BANCARIOS;58050585;-7,1393273;-34,8500378;ATIVO;ATIVO
07/10/2026;06:28:10;2026;04/10/2026;1;PB;20516;JOÃO PESSOA;76;449;Principal;-1;2046;CCHLA/UFPB;Voto em trânsito;CAMPUS - JARDIM CIDADE UNIVERSITÁRIA;BANCARIOS;58050585;-7,1393273;-34,8500378;ATIVO;ATIVO
07/10/2026;06:28:10;2026;04/10/2026;1;PB;20516;JOÃO PESSOA;76;450;Principal;-1;2046;CCHLA/UFPB;Voto em trânsito;CAMPUS - JARDIM CIDADE UNIVERSITÁRIA;BANCARIOS;58050585;-7,1393273;-34,8500378;ATIVO;ATIVO
07/10/2026;06:28:10;2026;04/10/2026;1;PB;20516;JOÃO PESSOA;76;451;Principal;-1;2046;CCHLA/UFPB;Voto em trânsito;CAMPUS - JARDIM CIDADE UNIVERSITÁRIA;BANCARIOS;58050585;-7,1393273;-34,8500378;ATIVO;ATIVO
07/10/2026;06:28:10;2026;04/10/2026;1;PB;20516;JOÃO PESSOA;76;452;Principal;-1;2046;CCHLA/UFPB;Voto em trânsito;CAMPUS - JARDIM CIDADE UNIVERSITÁRIA;BANCARIOS;58050585;-7,1393273;-34,8500378;ATIVO;ATIVO
07/10/2026;06:28:10;2026;04/10/2026;1;PB;20516;JOÃO PESSOA;76;453;Principal;-1;2020;MANAIRA SHOPPING;Voto em trânsito;RUA MANOEL ARRUDA CAVALCANTE;MANAIRA;58033455;-7,0984104;-34,8439435;ATIVO;ATIVO
07/10/2026;06:28:10;2026;04/10/2026;1;PB;20516;JOÃO PESSOA;76;454;Principal;-1;2020;MANAIRA SHOPPING;Voto em trânsito;RUA MANOEL ARRUDA CAVALCANTE;MANAIRA;58033455;-7,0984104;-34,8439435;ATIVO;ATIVO
07/10/2026;06:28:10;2026;04/10/2026;1;PB;20516;JOÃO PESSOA;76;455;Principal;-1;2020;MANAIRA SHOPPING;Voto em trânsito;RUA MANOEL ARRUDA CAVALCANTE;MANAIRA;58033455;-7,0984104;-34,8439435;ATIVO;ATIVO
07/10/2026;06:28:10;2026;04/10/2026;1;PB;20516;JOÃO PESSOA;76;456;Principal;-1;2020;MANAIRA SHOPPING;Voto em trânsito;RUA MANOEL ARRUDA CAVALCANTE;MANAIRA;58033455;-7,0984104;-34,8439435;ATIVO;ATIVO
07/10/2026;06:28:10;2026;04/10/2026;1;PB;20516;JOÃO PESSOA;76;457;Principal;-1;2020;MANAIRA SHOPPING;Voto em trânsito;RUA MANOEL ARRUDA CAVALCANTE;MANAIRA;58033455;-7,0984104;-34,8439435;ATIVO;ATIVO
07/10/2026;06:28:10;2026;04/10/2026;1;PB;20516;JOÃO PESSOA;76;458;Principal;-1;2062;PIRÂMIDE SHOPPING;Voto em trânsito;AV. ANTÔNIO LIRA, 300, TAMBAÚ.;TAMBAU;58039050;-7,1144317;-34,8240083;ATIVO;ATIVO
07/10/2026;06:28:10;2026;04/10/2026;1;PB;20516;JOÃO PESSOA;76;459;Principal;-1;2062;PIRÂMIDE SHOPPING;Voto em trânsito;AV. ANTÔNIO LIRA, 300, TAMBAÚ.;TAMBAU;58039050;-7,1144317;-34,8240083;ATIVO;ATIVO
07/10/2026;06:28:10;2026;04/10/2026;1;PB;20516;JOÃO PESSOA;76;460;Principal;-1;2062;PIRÂMIDE SHOPPING;Voto em trânsito;AV. ANTÔNIO LIRA, 300, TAMBAÚ.;TAMBAU;58039050;-7,1144317;-34,8240083;ATIVO;ATIVO
07/10/2026;06:28:10;2026;04/10/2026;1;PB;20516;JOÃO PESSOA;76;461;Principal;-1;2062;PIRÂMIDE SHOPPING;Voto em trânsito;AV. ANTÔNIO LIRA, 300, TAMBAÚ.;TAMBAU;58039050;-7,1144317;-34,8240083;ATIVO;ATIVO
07/10/2026;06:28:10;2026;04/10/2026;1;PB;20516;JOÃO PESSOA;77;12;Principal;-1;1031;ESCOLA EST DE 1 GRAU HENRIQUE DIAS;Convencional;R CARLOS BORROMEU RIBEIRO S/N;ALTO DO MATEUS;58071060;-7,14279096;-34,91341093;ATIVO;ATIVO
07/10/2026;06:28:10;2026;04/10/2026;1;PB;20516;JOÃO PESSOA;77;13;Principal;-1;1031;ESCOLA EST DE 1 GRAU HENRIQUE DIAS;Convencional;R CARLOS BORROMEU RIBEIRO S/N;ALTO DO MATEUS;58071060;-7,14279096;-34,91341093;ATIVO;ATIVO
07/10/2026;06:28:10;2026;04/10/2026;1;PB;20516;JOÃO PESSOA;77;14;Principal;-1;1031;ESCOLA EST DE 1 GRAU HENRIQUE DIAS;Convencional;R CARLOS BORROMEU RIBEIRO S/N;ALTO DO MATEUS;58071060;-7,14279096;-34,91341093;ATIVO;ATIVO
07/10/2026;06:28:10;2026;04/10/2026;1;PB;20516;JOÃO PESSOA;77;15;Principal;-1;1031;ESCOLA EST DE 1 GRAU HENRIQUE DIAS;Convencional;R CARLOS BORROMEU RIBEIRO S/N;ALTO DO MATEUS;58071060;-7,14279096;-34,91341093;ATIVO;ATIVO
07/10/2026;06:28:10;2026;04/10/2026;1;PB;20516;JOÃO PESSOA;77;16;Principal;-1;1040;ESCOLA ESTADUAL DE 1.GRAU CLAUDINA M. DE MOURA;Convencional;CARTEIRO FRANCISCO INACIO DO REGO FILHO S/N;ALTO DO MATEUS;58090570;-7,13674835;-34,91394753;ATIVO;ATIVO
07/10/2026;06:28:10;2026;04/10/2026;1;PB;20516;JOÃO PESSOA;77;17;Principal;-1;1040;ESCOLA ESTADUAL DE 1.GRAU CLAUDINA M. DE MOURA;Convencional;CARTEIRO FRANCISCO INACIO DO REGO FILHO S/N;ALTO DO MATEUS;58090570;-7,13674835;-34,91394753;ATIVO;ATIVO
07/10/2026;06:28:10;2026;04/10/2026;1;PB;20516;JOÃO PESSOA;77;18;Principal;-1;1040;ESCOLA ESTADUAL DE 1.GRAU CLAUDINA M. DE MOURA;Convencional;CARTEIRO FRANCISCO INACIO DO REGO FILHO S/N;ALTO DO MATEUS;58090570;-7,13674835;-34,91394753;ATIVO;ATIVO
07/10/2026;06:28:10;2026;04/10/2026;1;PB;20516;JOÃO PESSOA;77;19;Principal;-1;1058;ESCOLA MUNICIPAL LUIZA LIMA LOBO;Convencional;CARTEIRO FRANCISCO INACIO DO REGO FILHO S/N;ALTO DO MATEUS;58090570;-7,1371291;-34,91412507;ATIVO;ATIVO
07/10/2026;06:28:10;2026;04/10/2026;1;PB;20516;JOÃO PESSOA;77;20;Principal;-1;1058;ESCOLA MUNICIPAL LUIZA LIMA LOBO;Convencional;CARTEIRO FRANCISCO INACIO DO REGO FILHO S/N;ALTO DO MATEUS;58090570;-7,1371291;-34,91412507;ATIVO;ATIVO
07/10/2026;06:28:10;2026;04/10/2026;1;PB;20516;JOÃO PESSOA;77;21;Principal;-1;1058;ESCOLA MUNICIPAL LUIZA LIMA LOBO;Convencional;CARTEIRO FRANCISCO INACIO DO REGO FILHO S/N;ALTO DO MATEUS;58090570;-7,1371291;-34,91412507;ATIVO;ATIVO
07/10/2026;06:28:10;2026;04/10/2026;1;PB;20516;JOÃO PESSOA;77;22;Principal;-1;1058;ESCOLA MUNICIPAL LUIZA LIMA LOBO;Convencional;CARTEIRO FRANCISCO INACIO DO REGO FILHO S/N;ALTO DO MATEUS;58090570;-7,1371291;-34,91412507;ATIVO;ATIVO
07/10/2026;06:28:10;2026;04/10/2026;1;PB;20516;JOÃO PESSOA;77;23;Principal;-1;1058;ESCOLA MUNICIPAL LUIZA LIMA LOBO;Convencional;CARTEIRO FRANCISCO INACIO DO REGO FILHO S/N;ALTO DO MATEUS;58090570;-7,1371291;-34,91412507;ATIVO;ATIVO
07/10/2026;06:28:10;2026;04/10/2026;1;PB;20516;JOÃO PESSOA;77;24;Principal;-1;1040;ESCOLA ESTADUAL DE 1.GRAU CLAUDINA M. DE MOURA;Convencional;CARTEIRO FRANCISCO INACIO DO REGO FILHO S/N;ALTO DO MATEUS;58090570;-7,13674835;-34,91394753;ATIVO;ATIVO
07/10/2026;06:28:10;2026;04/10/2026;1;PB;20516;JOÃO PESSOA;77;25;Principal;-1;1040;ESCOLA ESTADUAL DE 1.GRAU CLAUDINA M. DE MOURA;Convencional;CARTEIRO FRANCISCO INACIO DO REGO FILHO S/N;ALTO DO MATEUS;58090570;-7,13674835;-34,91394753;ATIVO;ATIVO
07/10/2026;06:28:10;2026;04/10/2026;1;PB;20516;JOÃO PESSOA;77;28;Principal;-1;1074;ESCOLA MUNICIPAL PROF.ARNALDO DE BARROS MOREIRA;Convencional;CAPITAO FRANCISCO PEREIRA 375;NOVAIS;58088530;-7,15342818;-34,89740602;ATIVO;ATIVO
07/10/2026;06:28:10;2026;04/10/2026;1;PB;20516;JOÃO PESSOA;77;29;Principal;-1;1074;ESCOLA MUNICIPAL PROF.ARNALDO DE BARROS MOREIRA;Convencional;CAPITAO FRANCISCO PEREIRA 375;NOVAIS;58088530;-7,15342818;-34,89740602;ATIVO;ATIVO
07/10/2026;06:28:10;2026;04/10/2026;1;PB;20516;JOÃO PESSOA;77;30;Principal;-1;1074;ESCOLA MUNICIPAL PROF.ARNALDO DE BARROS MOREIRA;Convencional;CAPITAO FRANCISCO PEREIRA 375;NOVAIS;58088530;-7,15342818;-34,89740602;ATIVO;ATIVO
07/10/2026;06:28:10;2026;04/10/2026;1;PB;20516;JOÃO PESSOA;77;31;Principal;-1;1074;ESCOLA MUNICIPAL PROF.ARNALDO DE BARROS MOREIRA;Convencional;CAPITAO FRANCISCO PEREIRA 375;NOVAIS;58088530;-7,15342818;-34,89740602;ATIVO;ATIVO
07/10/2026;06:28:10;2026;04/10/2026;1;PB;20516;JOÃO PESSOA;77;32;Principal;-1;1074;ESCOLA MUNICIPAL PROF.ARNALDO DE BARROS MOREIRA;Convencional;CAPITAO FRANCISCO PEREIRA 375;NOVAIS;58088530;-7,15342818;-34,89740602;ATIVO;ATIVO
07/10/2026;06:28:10;2026;04/10/2026;1;PB;20516;JOÃO PESSOA;77;33;Principal;-1;1074;ESCOLA MUNICIPAL PROF.ARNALDO DE BARROS MOREIRA;Convencional;CAPITAO FRANCISCO PEREIRA 375;NOVAIS;58088530;-7,15342818;-34,89740602;ATIVO;ATIVO
07/10/2026;06:28:10;2026;04/10/2026;1;PB;20516;JOÃO PESSOA;77;34;Principal;-1;1074;ESCOLA MUNICIPAL PROF.ARNALDO DE BARROS MOREIRA;Convencional;CAPITAO FRANCISCO PEREIRA 375;NOVAIS;58088530;-7,15342818;-34,89740602;ATIVO;ATIVO
07/10/2026;06:28:10;2026;04/10/2026;1;PB;20516;JOÃO PESSOA;77;35;Principal;-1;1082;ESCOLA ESTADUAL OTAVIO NOVAIS;Convencional;DESEMBARGADOR SANTOS ESTANISLAU S/N;NOVAIS;58088540;-7,15777546;-34,90593175;ATIVO;ATIVO
07/10/2026;06:28:10;2026;04/10/2026;1;PB;20516;JOÃO PESSOA;77;36;Principal;-1;1082;ESCOLA ESTADUAL OTAVIO NOVAIS;Convencional;DESEMBARGADOR SANTOS ESTANISLAU S/N;NOVAIS;58088540;-7,15777546;-34,90593175;ATIVO;ATIVO
07/10/2026;06:28:10;2026;04/10/2026;1;PB;20516;JOÃO PESSOA;77;37;Principal;-1;1082;ESCOLA ESTADUAL OTAVIO NOVAIS;Convencional;DESEMBARGADOR SANTOS ESTANISLAU S/N;NOVAIS;58088540;-7,15777546;-34,90593175;ATIVO;ATIVO
07/10/2026;06:28:10;2026;04/10/2026;1;PB;20516;JOÃO PESSOA;77;38;Principal;-1;1082;ESCOLA ESTADUAL OTAVIO NOVAIS;Convencional;DESEMBARGADOR SANTOS ESTANISLAU S/N;NOVAIS;58088540;-7,15777546;-34,90593175;ATIVO;ATIVO
07/10/2026;06:28:10;2026;04/10/2026;1;PB;20516;JOÃO PESSOA;77;39;Principal;-1;1082;ESCOLA ESTADUAL OTAVIO NOVAIS;Convencional;DESEMBARGADOR SANTOS ESTANISLAU S/N;NOVAIS;58088540;-7,15777546;-34,90593175;ATIVO;ATIVO
07/10/2026;06:28:10;2026;04/10/2026;1;PB;20516;JOÃO PESSOA;77;40;Principal;-1;1082;ESCOLA ESTADUAL OTAVIO NOVAIS;Convencional;DESEMBARGADOR SANTOS ESTANISLAU S/N;NOVAIS;58088540;-7,15777546;-34,90593175;ATIVO;ATIVO
07/10/2026;06:28:10;2026;04/10/2026;1;PB;20516;JOÃO PESSOA;77;41;Principal;-1;1090;ESCOLA MUNICIPAL DR. JOSE NOVAIS;Convencional;R. SANTOS ESTANISLAU,322;NOVAIS;58000000;-7,15433205;-34,89827318;ATIVO;ATIVO
07/10/2026;06:28:10;2026;04/10/2026;1;PB;20516;JOÃO PESSOA;77;42;Principal;-1;1090;ESCOLA MUNICIPAL DR. JOSE NOVAIS;Convencional;R. SANTOS ESTANISLAU,322;NOVAIS;58000000;-7,15433205;-34,89827318;ATIVO;ATIVO
07/10/2026;06:28:10;2026;04/10/2026;1;PB;20516;JOÃO PESSOA;77;43;Principal;-1;1090;ESCOLA MUNICIPAL DR. JOSE NOVAIS;Convencional;R. SANTOS ESTANISLAU,322;NOVAIS;58000000;-7,15433205;-34,89827318;ATIVO;ATIVO
07/10/2026;06:28:10;2026;04/10/2026;1;PB;20516;JOÃO PESSOA;77;44;Principal;-1;1090;ESCOLA MUNICIPAL DR. JOSE NOVAIS;Convencional;R. SANTOS ESTANISLAU,322;NOVAIS;58000000;-7,15433205;-34,89827318;ATIVO;ATIVO
07/10/2026;06:28:10;2026;04/10/2026;1;PB;20516;JOÃO PESSOA;77;45;Principal;-1;1074;ESCOLA MUNICIPAL PROF.ARNALDO DE BARROS MOREIRA;Convencional;CAPITAO FRANCISCO PEREIRA 375;NOVAIS;58088530;-7,15342818;-34,89740602;ATIVO;ATIVO
07/10/2026;06:28:10;2026;04/10/2026;1;PB;20516;JOÃO PESSOA;77;46;Principal;-1;1104;ESCOLA MUNICIPAL JOAO SANTA CRUZ DE OLIVEIRA;Convencional;DESEMBARGADOR SANTOS ESTANISLAU 460;NOVAIS;58088540;-7,15466235;-34,89910203;ATIVO;ATIVO
07/10/2026;06:28:10;2026;04/10/2026;1;PB;20516;JOÃO PESSOA;77;47;Principal;-1;1104;ESCOLA MUNICIPAL JOAO SANTA CRUZ DE OLIVEIRA;Convencional;DESEMBARGADOR SANTOS ESTANISLAU 460;NOVAIS;58088540;-7,15466235;-34,89910203;ATIVO;ATIVO
07/10/2026;06:28:10;2026;04/10/2026;1;PB;20516;JOÃO PESSOA;77;48;Principal;-1;1104;ESCOLA MUNICIPAL JOAO SANTA CRUZ DE OLIVEIRA;Convencional;DESEMBARGADOR SANTOS ESTANISLAU 460;NOVAIS;58088540;-7,15466235;-34,89910203;ATIVO;ATIVO
07/10/2026;06:28:10;2026;04/10/2026;1;PB;20516;JOÃO PESSOA;77;49;Principal;-1;1104;ESCOLA MUNICIPAL JOAO SANTA CRUZ DE OLIVEIRA;Convencional;DESEMBARGADOR SANTOS ESTANISLAU 460;NOVAIS;58088540;-7,15466235;-34,89910203;ATIVO;ATIVO
07/10/2026;06:28:10;2026;04/10/2026;1;PB;20516;JOÃO PESSOA;77;50;Principal;-1;1104;ESCOLA MUNICIPAL JOAO SANTA CRUZ DE OLIVEIRA;Convencional;DESEMBARGADOR SANTOS ESTANISLAU 460;NOVAIS;58088540;-7,15466235;-34,89910203;ATIVO;ATIVO
07/10/2026;06:28:10;2026;04/10/2026;1;PB;20516;JOÃO PESSOA;77;51;Principal;-1;1104;ESCOLA MUNICIPAL JOAO SANTA CRUZ DE OLIVEIRA;Convencional;DESEMBARGADOR SANTOS ESTANISLAU 460;NOVAIS;58088540;-7,15466235;-34,89910203;ATIVO;ATIVO
07/10/2026;06:28:10;2026;04/10/2026;1;PB;20516;JOÃO PESSOA;77;52;Principal;-1;1104;ESCOLA MUNICIPAL JOAO SANTA CRUZ DE OLIVEIRA;Convencional;DESEMBARGADOR SANTOS ESTANISLAU 460;NOVAIS;58088540;-7,15466235;-34,89910203;ATIVO;ATIVO
07/10/2026;06:28:10;2026;04/10/2026;1;PB;20516;JOÃO PESSOA;77;53;Principal;-1;1104;ESCOLA MUNICIPAL JOAO SANTA CRUZ DE OLIVEIRA;Convencional;DESEMBARGADOR SANTOS ESTANISLAU 460;NOVAIS;58088540;-7,15466235;-34,89910203;ATIVO;ATIVO
07/10/2026;06:28:10;2026;04/10/2026;1;PB;20516;JOÃO PESSOA;77;54;Principal;-1;1104;ESCOLA MUNICIPAL JOAO SANTA CRUZ DE OLIVEIRA;Convencional;DESEMBARGADOR SANTOS ESTANISLAU 460;NOVAIS;58088540;-7,15466235;-34,89910203;ATIVO;ATIVO
07/10/2026;06:28:10;2026;04/10/2026;1;PB;20516;JOÃO PESSOA;77;55;Principal;-1;1104;ESCOLA MUNICIPAL JOAO SANTA CRUZ DE OLIVEIRA;Convencional;DESEMBARGADOR SANTOS ESTANISLAU 460;NOVAIS;58088540;-7,15466235;-34,89910203;ATIVO;ATIVO
07/10/2026;06:28:10;2026;04/10/2026;1;PB;20516;JOÃO PESSOA;77;56;Principal;-1;1112;ESCOLA MUNICIPAL BILÍNGUE DOM JOSÉ MARIA PIRES;Convencional;RUA AMBROSIO RODRIGUES DE SOUZA, S/N;NOVAIS;58090025;-7,14945219;-34,90593578;ATIVO;ATIVO
07/10/2026;06:28:10;2026;04/10/2026;1;PB;20516;JOÃO PESSOA;77;57;Principal;-1;1112;ESCOLA MUNICIPAL BILÍNGUE DOM JOSÉ MARIA PIRES;Convencional;RUA AMBROSIO RODRIGUES DE SOUZA, S/N;NOVAIS;58090025;-7,14945219;-34,90593578;ATIVO;ATIVO
07/10/2026;06:28:10;2026;04/10/2026;1;PB;20516;JOÃO PESSOA;77;58;Principal;-1;1112;ESCOLA MUNICIPAL BILÍNGUE DOM JOSÉ MARIA PIRES;Convencional;RUA AMBROSIO RODRIGUES DE SOUZA, S/N;NOVAIS;58090025;-7,14945219;-34,90593578;ATIVO;ATIVO
07/10/2026;06:28:10;2026;04/10/2026;1;PB;20516;JOÃO PESSOA;77;59;Principal;-1;1112;ESCOLA MUNICIPAL BILÍNGUE DOM JOSÉ MARIA PIRES;Convencional;RUA AMBROSIO RODRIGUES DE SOUZA, S/N;NOVAIS;58090025;-7,14945219;-34,90593578;ATIVO;ATIVO
07/10/2026;06:28:10;2026;04/10/2026;1;PB;20516;JOÃO PESSOA;77;60;Principal;-1;1112;ESCOLA MUNICIPAL BILÍNGUE DOM JOSÉ MARIA PIRES;Convencional;RUA AMBROSIO RODRIGUES DE SOUZA, S/N;NOVAIS;58090025;-7,14945219;-34,90593578;ATIVO;ATIVO
07/10/2026;06:28:10;2026;04/10/2026;1;PB;20516;JOÃO PESSOA;77;62;Principal;-1;1120;ESCOLA EVANGELICA BETEL;Convencional;R. MAESTRO HEITOR VILLA LOBOS S/N;FUNCIONARIOS I;58000000;-7,1600461;-34,8911647;ATIVO;ATIVO
07/10/2026;06:28:10;2026;04/10/2026;1;PB;20516;JOÃO PESSOA;77;63;Principal;-1;1120;ESCOLA EVANGELICA BETEL;Convencional;R. MAESTRO HEITOR VILLA LOBOS S/N;FUNCIONARIOS I;58000000;-7,1600461;-34,8911647;ATIVO;ATIVO
07/10/2026;06:28:10;2026;04/10/2026;1;PB;20516;JOÃO PESSOA;77;64;Principal;-1;1120;ESCOLA EVANGELICA BETEL;Convencional;R. MAESTRO HEITOR VILLA LOBOS S/N;FUNCIONARIOS I;58000000;-7,1600461;-34,8911647;ATIVO;ATIVO
07/10/2026;06:28:10;2026;04/10/2026;1;PB;20516;JOÃO PESSOA;77;65;Principal;-1;1490;ESCOLA ESTADUAL CONEGO NICODEMOS NEVES;Convencional;PRAÇA LAURO WANDERLEY, S/N;FUNCIONARIOS I;58000000;-7,1602651;-34,8929329;ATIVO;ATIVO
07/10/2026;06:28:10;2026;04/10/2026;1;PB;20516;JOÃO PESSOA;77;66;Principal;-1;1490;ESCOLA ESTADUAL CONEGO NICODEMOS NEVES;Convencional;PRAÇA LAURO WANDERLEY, S/N;FUNCIONARIOS I;58000000;-7,1602651;-34,8929329;ATIVO;ATIVO
07/10/2026;06:28:10;2026;04/10/2026;1;PB;20516;JOÃO PESSOA;77;67;Principal;-1;1490;ESCOLA ESTADUAL CONEGO NICODEMOS NEVES;Convencional;PRAÇA LAURO WANDERLEY, S/N;FUNCIONARIOS I;58000000;-7,1602651;-34,8929329;ATIVO;ATIVO
07/10/2026;06:28:10;2026;04/10/2026;1;PB;20516;JOÃO PESSOA;77;68;Principal;-1;1490;ESCOLA ESTADUAL CONEGO NICODEMOS NEVES;Convencional;PRAÇA LAURO WANDERLEY, S/N;FUNCIONARIOS I;58000000;-7,1602651;-34,8929329;ATIVO;ATIVO
07/10/2026;06:28:10;2026;04/10/2026;1;PB;20516;JOÃO PESSOA;77;69;Principal;-1;1490;ESCOLA ESTADUAL CONEGO NICODEMOS NEVES;Convencional;PRAÇA LAURO WANDERLEY, S/N;FUNCIONARIOS I;58000000;-7,1602651;-34,8929329;ATIVO;ATIVO
07/10/2026;06:28:10;2026;04/10/2026;1;PB;20516;JOÃO PESSOA;77;71;Principal;-1;1120;ESCOLA EVANGELICA BETEL;Convencional;R. MAESTRO HEITOR VILLA LOBOS S/N;FUNCIONARIOS I;58000000;-7,1600461;-34,8911647;ATIVO;ATIVO
07/10/2026;06:28:10;2026;04/10/2026;1;PB;20516;JOÃO PESSOA;77;73;Principal;-1;1139;ESCOLA ESTADUAL LUZIA SIMOES BARTOLINI;Convencional;RADIALISTA GERALDO CAMPOS S/N;JARDIM PLANALTO;58088060;-7,1598442;-34,9008248;ATIVO;ATIVO
07/10/2026;06:28:10;2026;04/10/2026;1;PB;20516;JOÃO PESSOA;77;74;Principal;-1;1139;ESCOLA ESTADUAL LUZIA SIMOES BARTOLINI;Convencional;RADIALISTA GERALDO CAMPOS S/N;JARDIM PLANALTO;58088060;-7,1598442;-34,9008248;ATIVO;ATIVO
07/10/2026;06:28:10;2026;04/10/2026;1;PB;20516;JOÃO PESSOA;77;75;Principal;-1;1139;ESCOLA ESTADUAL LUZIA SIMOES BARTOLINI;Convencional;RADIALISTA GERALDO CAMPOS S/N;JARDIM PLANALTO;58088060;-7,1598442;-34,9008248;ATIVO;ATIVO
07/10/2026;06:28:10;2026;04/10/2026;1;PB;20516;JOÃO PESSOA;77;76;Principal;-1;1139;ESCOLA ESTADUAL LUZIA SIMOES BARTOLINI;Convencional;RADIALISTA GERALDO CAMPOS S/N;JARDIM PLANALTO;58088060;-7,1598442;-34,9008248;ATIVO;ATIVO
07/10/2026;06:28:10;2026;04/10/2026;1;PB;20516;JOÃO PESSOA;77;77;Principal;-1;1139;ESCOLA ESTADUAL LUZIA SIMOES BARTOLINI;Convencional;RADIALISTA GERALDO CAMPOS S/N;JARDIM PLANALTO;58088060;-7,1598442;-34,9008248;ATIVO;ATIVO
07/10/2026;06:28:10;2026;04/10/2026;1;PB;20516;JOÃO PESSOA;77;78;Principal;-1;1139;ESCOLA ESTADUAL LUZIA SIMOES BARTOLINI;Convencional;RADIALISTA GERALDO CAMPOS S/N;JARDIM PLANALTO;58088060;-7,1598442;-34,9008248;ATIVO;ATIVO
07/10/2026;06:28:10;2026;04/10/2026;1;PB;20516;JOÃO PESSOA;77;79;Principal;-1;1139;ESCOLA ESTADUAL LUZIA SIMOES BARTOLINI;Convencional;RADIALISTA GERALDO CAMPOS S/N;JARDIM PLANALTO;58088060;-7,1598442;-34,9008248;ATIVO;ATIVO
07/10/2026;06:28:10;2026;04/10/2026;1;PB;20516;JOÃO PESSOA;77;80;Principal;-1;1147;ESCOLA ESTADUAL ESCRITOR HORACIO DE ALMEIDA;Convencional;DURVAL COUTINHO S/N;ALTO DO MATEUS;58090260;-7,14082336;-34,91262285;ATIVO;ATIVO
07/10/2026;06:28:10;2026;04/10/2026;1;PB;20516;JOÃO PESSOA;77;81;Principal;-1;1147;ESCOLA ESTADUAL ESCRITOR HORACIO DE ALMEIDA;Convencional;DURVAL COUTINHO S/N;ALTO DO MATEUS;58090260;-7,14082336;-34,91262285;ATIVO;ATIVO
07/10/2026;06:28:10;2026;04/10/2026;1;PB;20516;JOÃO PESSOA;77;82;Principal;-1;1147;ESCOLA ESTADUAL ESCRITOR HORACIO DE ALMEIDA;Convencional;DURVAL COUTINHO S/N;ALTO DO MATEUS;58090260;-7,14082336;-34,91262285;ATIVO;ATIVO
07/10/2026;06:28:10;2026;04/10/2026;1;PB;20516;JOÃO PESSOA;77;83;Principal;-1;1147;ESCOLA ESTADUAL ESCRITOR HORACIO DE ALMEIDA;Convencional;DURVAL COUTINHO S/N;ALTO DO MATEUS;58090260;-7,14082336;-34,91262285;ATIVO;ATIVO
07/10/2026;06:28:10;2026;04/10/2026;1;PB;20516;JOÃO PESSOA;77;84;Principal;-1;1147;ESCOLA ESTADUAL ESCRITOR HORACIO DE ALMEIDA;Convencional;DURVAL COUTINHO S/N;ALTO DO MATEUS;58090260;-7,14082336;-34,91262285;ATIVO;ATIVO
07/10/2026;06:28:10;2026;04/10/2026;1;PB;20516;JOÃO PESSOA;77;85;Principal;-1;1147;ESCOLA ESTADUAL ESCRITOR HORACIO DE ALMEIDA;Convencional;DURVAL COUTINHO S/N;ALTO DO MATEUS;58090260;-7,14082336;-34,91262285;ATIVO;ATIVO
07/10/2026;06:28:10;2026;04/10/2026;1;PB;20516;JOÃO PESSOA;77;86;Principal;-1;1147;ESCOLA ESTADUAL ESCRITOR HORACIO DE ALMEIDA;Convencional;DURVAL COUTINHO S/N;ALTO DO MATEUS;58090260;-7,14082336;-34,91262285;ATIVO;ATIVO
07/10/2026;06:28:10;2026;04/10/2026;1;PB;20516;JOÃO PESSOA;77;87;Principal;-1;1155;ESCOLA MUNICIPAL CASTRO ALVES;Convencional;RUA MANOEL GUERRA;FUNCIONARIOS I;00000000;-7,1591617;-34,8945407;ATIVO;ATIVO
07/10/2026;06:28:10;2026;04/10/2026;1;PB;20516;JOÃO PESSOA;77;88;Principal;-1;1155;ESCOLA MUNICIPAL CASTRO ALVES;Convencional;RUA MANOEL GUERRA;FUNCIONARIOS I;00000000;-7,1591617;-34,8945407;ATIVO;ATIVO
07/10/2026;06:28:10;2026;04/10/2026;1;PB;20516;JOÃO PESSOA;77;89;Principal;-1;1155;ESCOLA MUNICIPAL CASTRO ALVES;Convencional;RUA MANOEL GUERRA;FUNCIONARIOS I;00000000;-7,1591617;-34,8945407;ATIVO;ATIVO
07/10/2026;06:28:10;2026;04/10/2026;1;PB;20516;JOÃO PESSOA;77;90;Principal;-1;1155;ESCOLA MUNICIPAL CASTRO ALVES;Convencional;RUA MANOEL GUERRA;FUNCIONARIOS I;00000000;-7,1591617;-34,8945407;ATIVO;ATIVO
07/10/2026;06:28:10;2026;04/10/2026;1;PB;20516;JOÃO PESSOA;77;91;Principal;-1;1490;ESCOLA ESTADUAL CONEGO NICODEMOS NEVES;Convencional;PRAÇA LAURO WANDERLEY, S/N;FUNCIONARIOS I;58000000;-7,1602651;-34,8929329;ATIVO;ATIVO
07/10/2026;06:28:10;2026;04/10/2026;1;PB;20516;JOÃO PESSOA;77;92;Principal;-1;1490;ESCOLA ESTADUAL CONEGO NICODEMOS NEVES;Convencional;PRAÇA LAURO WANDERLEY, S/N;FUNCIONARIOS I;58000000;-7,1602651;-34,8929329;ATIVO;ATIVO
07/10/2026;06:28:10;2026;04/10/2026;1;PB;20516;JOÃO PESSOA;77;93;Principal;-1;1490;ESCOLA ESTADUAL CONEGO NICODEMOS NEVES;Convencional;PRAÇA LAURO WANDERLEY, S/N;FUNCIONARIOS I;58000000;-7,1602651;-34,8929329;ATIVO;ATIVO
07/10/2026;06:28:10;2026;04/10/2026;1;PB;20516;JOÃO PESSOA;77;94;Principal;-1;1465;ESCOLA MUNICIPAL ANA NERY;Convencional;RUA CORONEL JOSÉ GOMES DE ABREU, S/N;ALTO DO MATEUS;58090820;-7,13104031;-34,91376831;ATIVO;ATIVO
07/10/2026;06:28:10;2026;04/10/2026;1;PB;20516;JOÃO PESSOA;77;95;Principal;-1;1465;ESCOLA MUNICIPAL ANA NERY;Convencional;RUA CORONEL JOSÉ GOMES DE ABREU, S/N;ALTO DO MATEUS;58090820;-7,13104031;-34,91376831;ATIVO;ATIVO
07/10/2026;06:28:10;2026;04/10/2026;1;PB;20516;JOÃO PESSOA;77;96;Principal;-1;1465;ESCOLA MUNICIPAL ANA NERY;Convencional;RUA CORONEL JOSÉ GOMES DE ABREU, S/N;ALTO DO MATEUS;58090820;-7,13104031;-34,91376831;ATIVO;ATIVO
07/10/2026;06:28:10;2026;04/10/2026;1;PB;20516;JOÃO PESSOA;77;97;Principal;-1;1171;ESCOLA ESTADUAL DE 1 GRAU DEBORA DUARTE;Convencional;RUA ADRISIO MOTA DE SOUZA S/N;FUNCIONARIOS II;58000000;-7,1780469;-34,8884993;ATIVO;ATIVO
07/10/2026;06:28:10;2026;04/10/2026;1;PB;20516;JOÃO PESSOA;77;98;Principal;-1;1171;ESCOLA ESTADUAL DE 1 GRAU DEBORA DUARTE;Convencional;RUA ADRISIO MOTA DE SOUZA S/N;FUNCIONARIOS II;58000000;-7,1780469;-34,8884993;ATIVO;ATIVO
07/10/2026;06:28:10;2026;04/10/2026;1;PB;20516;JOÃO PESSOA;77;99;Principal;-1;1171;ESCOLA ESTADUAL DE 1 GRAU DEBORA DUARTE;Convencional;RUA ADRISIO MOTA DE SOUZA S/N;FUNCIONARIOS II;58000000;-7,1780469;-34,8884993;ATIVO;ATIVO
07/10/2026;06:28:10;2026;04/10/2026;1;PB;20516;JOÃO PESSOA;77;100;Principal;-1;1171;ESCOLA ESTADUAL DE 1 GRAU DEBORA DUARTE;Convencional;RUA ADRISIO MOTA DE SOUZA S/N;FUNCIONARIOS II;58000000;-7,1780469;-34,8884993;ATIVO;ATIVO
07/10/2026;06:28:10;2026;04/10/2026;1;PB;20516;JOÃO PESSOA;77;101;Principal;-1;1171;ESCOLA ESTADUAL DE 1 GRAU DEBORA DUARTE;Convencional;RUA ADRISIO MOTA DE SOUZA S/N;FUNCIONARIOS II;58000000;-7,1780469;-34,8884993;ATIVO;ATIVO
07/10/2026;06:28:10;2026;04/10/2026;1;PB;20516;JOÃO PESSOA;77;102;Principal;-1;1430;ESCOLA MUNICIPAL DARCY RIBEIRO;Convencional;R. GISONITA PEREIRA DA SILVA, S/N;FUNCIONARIOS II;58000000;-7,177786;-34,8814103;ATIVO;ATIVO
07/10/2026;06:28:10;2026;04/10/2026;1;PB;20516;JOÃO PESSOA;77;103;Principal;-1;1430;ESCOLA MUNICIPAL DARCY RIBEIRO;Convencional;R. GISONITA PEREIRA DA SILVA, S/N;FUNCIONARIOS II;58000000;-7,177786;-34,8814103;ATIVO;ATIVO
07/10/2026;06:28:10;2026;04/10/2026;1;PB;20516;JOÃO PESSOA;77;104;Principal;-1;1430;ESCOLA MUNICIPAL DARCY RIBEIRO;Convencional;R. GISONITA PEREIRA DA SILVA, S/N;FUNCIONARIOS II;58000000;-7,177786;-34,8814103;ATIVO;ATIVO
07/10/2026;06:28:10;2026;04/10/2026;1;PB;20516;JOÃO PESSOA;77;105;Principal;-1;1180;ESCOLA TÉCNICA MANOEL LISBOA DE MOURA;Convencional;RUA ANTÔNIO CLAUDINO LEAL, S/N;COSTA E SILVA;58080000;-7,1795461;-34,8993867;ATIVO;ATIVO
07/10/2026;06:28:10;2026;04/10/2026;1;PB;20516;JOÃO PESSOA;77;106;Principal;-1;1180;ESCOLA TÉCNICA MANOEL LISBOA DE MOURA;Convencional;RUA ANTÔNIO CLAUDINO LEAL, S/N;COSTA E SILVA;58080000;-7,1795461;-34,8993867;ATIVO;ATIVO
07/10/2026;06:28:10;2026;04/10/2026;1;PB;20516;JOÃO PESSOA;77;107;Principal;-1;1180;ESCOLA TÉCNICA MANOEL LISBOA DE MOURA;Convencional;RUA ANTÔNIO CLAUDINO LEAL, S/N;COSTA E SILVA;58080000;-7,1795461;-34,8993867;ATIVO;ATIVO
07/10/2026;06:28:10;2026;04/10/2026;1;PB;20516;JOÃO PESSOA;77;108;Principal;-1;1180;ESCOLA TÉCNICA MANOEL LISBOA DE MOURA;Convencional;RUA ANTÔNIO CLAUDINO LEAL, S/N;COSTA E SILVA;58080000;-7,1795461;-34,8993867;ATIVO;ATIVO
07/10/2026;06:28:10;2026;04/10/2026;1;PB;20516;JOÃO PESSOA;77;109;Principal;-1;1180;ESCOLA TÉCNICA MANOEL LISBOA DE MOURA;Convencional;RUA ANTÔNIO CLAUDINO LEAL, S/N;COSTA E SILVA;58080000;-7,1795461;-34,8993867;ATIVO;ATIVO
07/10/2026;06:28:10;2026;04/10/2026;1;PB;20516;JOÃO PESSOA;77;111;Principal;-1;1520;COLÉGIO PARTICULAR INTENSIVO;Convencional;RUA JORN. JOSÉ RAMALHO, 306;COSTA E SILVA;58081110;-7,1783849;-34,8969847;ATIVO;ATIVO
07/10/2026;06:28:10;2026;04/10/2026;1;PB;20516;JOÃO PESSOA;77;112;Principal;-1;1406;CRECHE MUNICIPAL CAPISTRANO DE ABREU;Convencional;R. AURILIA LINS RABELO, S/N;COSTA E SILVA;58000000;-7,1812708;-34,8975256;ATIVO;ATIVO
07/10/2026;06:28:10;2026;04/10/2026;1;PB;20516;JOÃO PESSOA;77;113;Principal;-1;1406;CRECHE MUNICIPAL CAPISTRANO DE ABREU;Convencional;R. AURILIA LINS RABELO, S/N;COSTA E SILVA;58000000;-7,1812708;-34,8975256;ATIVO;ATIVO
07/10/2026;06:28:10;2026;04/10/2026;1;PB;20516;JOÃO PESSOA;77;114;Principal;-1;1406;CRECHE MUNICIPAL CAPISTRANO DE ABREU;Convencional;R. AURILIA LINS RABELO, S/N;COSTA E SILVA;58000000;-7,1812708;-34,8975256;ATIVO;ATIVO
07/10/2026;06:28:10;2026;04/10/2026;1;PB;20516;JOÃO PESSOA;77;115;Principal;-1;1201;ESCOLA MUNICIPAL DUARTE DA SILVEIRA;Convencional;RUA MARIETA ARAUJO NASCIMENTO,265;COSTA E SILVA;00000000;-7,1762577;-34,8945848;ATIVO;ATIVO
07/10/2026;06:28:10;2026;04/10/2026;1;PB;20516;JOÃO PESSOA;77;116;Principal;-1;1201;ESCOLA MUNICIPAL DUARTE DA SILVEIRA;Convencional;RUA MARIETA ARAUJO NASCIMENTO,265;COSTA E SILVA;00000000;-7,1762577;-34,8945848;ATIVO;ATIVO
07/10/2026;06:28:10;2026;04/10/2026;1;PB;20516;JOÃO PESSOA;77;117;Principal;-1;1201;ESCOLA MUNICIPAL DUARTE DA SILVEIRA;Convencional;RUA MARIETA ARAUJO NASCIMENTO,265;COSTA E SILVA;00000000;-7,1762577;-34,8945848;ATIVO;ATIVO
07/10/2026;06:28:10;2026;04/10/2026;1;PB;20516;JOÃO PESSOA;77;118;Principal;-1;1210;ESCOLA MUNICIPAL DUQUE DE CAXIAS;Convencional;RUA GRACILIANO DELGADO, 284;COSTA E SILVA;00000000;-7,1798053;-34,8977041;ATIVO;ATIVO
07/10/2026;06:28:10;2026;04/10/2026;1;PB;20516;JOÃO PESSOA;77;119;Principal;-1;1210;ESCOLA MUNICIPAL DUQUE DE CAXIAS;Convencional;RUA GRACILIANO DELGADO, 284;COSTA E SILVA;00000000;-7,1798053;-34,8977041;ATIVO;ATIVO
07/10/2026;06:28:10;2026;04/10/2026;1;PB;20516;JOÃO PESSOA;77;120;Principal;-1;1210;ESCOLA MUNICIPAL DUQUE DE CAXIAS;Convencional;RUA GRACILIANO DELGADO, 284;COSTA E SILVA;00000000;-7,1798053;-34,8977041;ATIVO;ATIVO
07/10/2026;06:28:10;2026;04/10/2026;1;PB;20516;JOÃO PESSOA;77;121;Principal;-1;1210;ESCOLA MUNICIPAL DUQUE DE CAXIAS;Convencional;RUA GRACILIANO DELGADO, 284;COSTA E SILVA;00000000;-7,1798053;-34,8977041;ATIVO;ATIVO
07/10/2026;06:28:10;2026;04/10/2026;1;PB;20516;JOÃO PESSOA;77;122;Principal;-1;1210;ESCOLA MUNICIPAL DUQUE DE CAXIAS;Convencional;RUA GRACILIANO DELGADO, 284;COSTA E SILVA;00000000;-7,1798053;-34,8977041;ATIVO;ATIVO
07/10/2026;06:28:10;2026;04/10/2026;1;PB;20516;JOÃO PESSOA;77;124;Principal;-1;1236;COLÉGIO EXITTUS - SANTA BÁRBARA;Convencional;RUA DR. ABILIO PAIVA, 16;ERNANI SATIRO;00000000;-7,17530122;-34,89171876;ATIVO;ATIVO
07/10/2026;06:28:10;2026;04/10/2026;1;PB;20516;JOÃO PESSOA;77;125;Principal;-1;1236;COLÉGIO EXITTUS - SANTA BÁRBARA;Convencional;RUA DR. ABILIO PAIVA, 16;ERNANI SATIRO;00000000;-7,17530122;-34,89171876;ATIVO;ATIVO
07/10/2026;06:28:10;2026;04/10/2026;1;PB;20516;JOÃO PESSOA;77;126;Principal;-1;1236;COLÉGIO EXITTUS - SANTA BÁRBARA;Convencional;RUA DR. ABILIO PAIVA, 16;ERNANI SATIRO;00000000;-7,17530122;-34,89171876;ATIVO;ATIVO
07/10/2026;06:28:10;2026;04/10/2026;1;PB;20516;JOÃO PESSOA;77;127;Principal;-1;1236;COLÉGIO EXITTUS - SANTA BÁRBARA;Convencional;RUA DR. ABILIO PAIVA, 16;ERNANI SATIRO;00000000;-7,17530122;-34,89171876;ATIVO;ATIVO
07/10/2026;06:28:10;2026;04/10/2026;1;PB;20516;JOÃO PESSOA;77;128;Principal;-1;1244;ESCOLA ESTADUAL DE 1 GRAU JOAQUIM NABUCO;Convencional;LOTEAMENTO GAUCHINHA, S/N FONE 233-1856;COSTA E SILVA;58000000;-7,1740052;-34,895282;ATIVO;ATIVO
07/10/2026;06:28:10;2026;04/10/2026;1;PB;20516;JOÃO PESSOA;77;129;Principal;-1;1244;ESCOLA ESTADUAL DE 1 GRAU JOAQUIM NABUCO;Convencional;LOTEAMENTO GAUCHINHA, S/N FONE 233-1856;COSTA E SILVA;58000000;-7,1740052;-34,895282;ATIVO;ATIVO
07/10/2026;06:28:10;2026;04/10/2026;1;PB;20516;JOÃO PESSOA;77;130;Principal;-1;1252;ESCOLA ESTADUAL OSWALDO PESSOA;Convencional;R. ADELAIDE FIGUEIREDO GOUVEIA;ERNANI SATIRO;00000000;-7,1745471;-34,8942814;ATIVO;ATIVO
07/10/2026;06:28:10;2026;04/10/2026;1;PB;20516;JOÃO PESSOA;77;131;Principal;-1;1252;ESCOLA ESTADUAL OSWALDO PESSOA;Convencional;R. ADELAIDE FIGUEIREDO GOUVEIA;ERNANI SATIRO;00000000;-7,1745471;-34,8942814;ATIVO;ATIVO
07/10/2026;06:28:10;2026;04/10/2026;1;PB;20516;JOÃO PESSOA;77;132;Principal;-1;1252;ESCOLA ESTADUAL OSWALDO PESSOA;Convencional;R. ADELAIDE FIGUEIREDO GOUVEIA;ERNANI SATIRO;00000000;-7,1745471;-34,8942814;ATIVO;ATIVO
07/10/2026;06:28:10;2026;04/10/2026;1;PB;20516;JOÃO PESSOA;77;133;Principal;-1;1252;ESCOLA ESTADUAL OSWALDO PESSOA;Convencional;R. ADELAIDE FIGUEIREDO GOUVEIA;ERNANI SATIRO;00000000;-7,1745471;-34,8942814;ATIVO;ATIVO
07/10/2026;06:28:10;2026;04/10/2026;1;PB;20516;JOÃO PESSOA;77;134;Principal;-1;1252;ESCOLA ESTADUAL OSWALDO PESSOA;Convencional;R. ADELAIDE FIGUEIREDO GOUVEIA;ERNANI SATIRO;00000000;-7,1745471;-34,8942814;ATIVO;ATIVO
07/10/2026;06:28:10;2026;04/10/2026;1;PB;20516;JOÃO PESSOA;77;135;Principal;-1;1252;ESCOLA ESTADUAL OSWALDO PESSOA;Convencional;R. ADELAIDE FIGUEIREDO GOUVEIA;ERNANI SATIRO;00000000;-7,1745471;-34,8942814;ATIVO;ATIVO
07/10/2026;06:28:10;2026;04/10/2026;1;PB;20516;JOÃO PESSOA;77;136;Principal;-1;1252;ESCOLA ESTADUAL OSWALDO PESSOA;Convencional;R. ADELAIDE FIGUEIREDO GOUVEIA;ERNANI SATIRO;00000000;-7,1745471;-34,8942814;ATIVO;ATIVO
07/10/2026;06:28:10;2026;04/10/2026;1;PB;20516;JOÃO PESSOA;77;137;Principal;-1;1252;ESCOLA ESTADUAL OSWALDO PESSOA;Convencional;R. ADELAIDE FIGUEIREDO GOUVEIA;ERNANI SATIRO;00000000;-7,1745471;-34,8942814;ATIVO;ATIVO
07/10/2026;06:28:10;2026;04/10/2026;1;PB;20516;JOÃO PESSOA;77;138;Principal;-1;1252;ESCOLA ESTADUAL OSWALDO PESSOA;Convencional;R. ADELAIDE FIGUEIREDO GOUVEIA;ERNANI SATIRO;00000000;-7,1745471;-34,8942814;ATIVO;ATIVO
07/10/2026;06:28:10;2026;04/10/2026;1;PB;20516;JOÃO PESSOA;77;139;Principal;-1;1201;ESCOLA MUNICIPAL DUARTE DA SILVEIRA;Convencional;RUA MARIETA ARAUJO NASCIMENTO,265;COSTA E SILVA;00000000;-7,1762577;-34,8945848;ATIVO;ATIVO
07/10/2026;06:28:10;2026;04/10/2026;1;PB;20516;JOÃO PESSOA;77;140;Principal;-1;1201;ESCOLA MUNICIPAL DUARTE DA SILVEIRA;Convencional;RUA MARIETA ARAUJO NASCIMENTO,265;COSTA E SILVA;00000000;-7,1762577;-34,8945848;ATIVO;ATIVO
07/10/2026;06:28:10;2026;04/10/2026;1;PB;20516;JOÃO PESSOA;77;141;Principal;-1;1210;ESCOLA MUNICIPAL DUQUE DE CAXIAS;Convencional;RUA GRACILIANO DELGADO, 284;COSTA E SILVA;00000000;-7,1798053;-34,8977041;ATIVO;ATIVO
07/10/2026;06:28:10;2026;04/10/2026;1;PB;20516;JOÃO PESSOA;77;142;Principal;-1;1279;ESCOLA MUNICIPAL ERNANY SATIRO;Convencional;R PROF JOSE HOLMES 120;ERNANI SATIRO;00000000;-7,1744213;-34,8939598;ATIVO;ATIVO
07/10/2026;06:28:10;2026;04/10/2026;1;PB;20516;JOÃO PESSOA;77;143;Principal;-1;1279;ESCOLA MUNICIPAL ERNANY SATIRO;Convencional;R PROF JOSE HOLMES 120;ERNANI SATIRO;00000000;-7,1744213;-34,8939598;ATIVO;ATIVO
07/10/2026;06:28:10;2026;04/10/2026;1;PB;20516;JOÃO PESSOA;77;144;Principal;-1;1279;ESCOLA MUNICIPAL ERNANY SATIRO;Convencional;R PROF JOSE HOLMES 120;ERNANI SATIRO;00000000;-7,1744213;-34,8939598;ATIVO;ATIVO
07/10/2026;06:28:10;2026;04/10/2026;1;PB;20516;JOÃO PESSOA;77;145;Principal;-1;1287;ESCOLA MUNICIPAL CENTENARIO PRESIDENTE JOAO PESSOA;Convencional;RUA MARTIM LUTERO 520;JARDIM VENEZA;00000000;-7,16784007;-34,90788742;ATIVO;ATIVO
07/10/2026;06:28:10;2026;04/10/2026;1;PB;20516;JOÃO PESSOA;77;146;Principal;-1;1287;ESCOLA MUNICIPAL CENTENARIO PRESIDENTE JOAO PESSOA;Convencional;RUA MARTIM LUTERO 520;JARDIM VENEZA;00000000;-7,16784007;-34,90788742;ATIVO;ATIVO
07/10/2026;06:28:10;2026;04/10/2026;1;PB;20516;JOÃO PESSOA;77;147;Principal;-1;1287;ESCOLA MUNICIPAL CENTENARIO PRESIDENTE JOAO PESSOA;Convencional;RUA MARTIM LUTERO 520;JARDIM VENEZA;00000000;-7,16784007;-34,90788742;ATIVO;ATIVO
07/10/2026;06:28:10;2026;04/10/2026;1;PB;20516;JOÃO PESSOA;77;148;Principal;-1;1287;ESCOLA MUNICIPAL CENTENARIO PRESIDENTE JOAO PESSOA;Convencional;RUA MARTIM LUTERO 520;JARDIM VENEZA;00000000;-7,16784007;-34,90788742;ATIVO;ATIVO
07/10/2026;06:28:10;2026;04/10/2026;1;PB;20516;JOÃO PESSOA;77;149;Principal;-1;1287;ESCOLA MUNICIPAL CENTENARIO PRESIDENTE JOAO PESSOA;Convencional;RUA MARTIM LUTERO 520;JARDIM VENEZA;00000000;-7,16784007;-34,90788742;ATIVO;ATIVO
07/10/2026;06:28:10;2026;04/10/2026;1;PB;20516;JOÃO PESSOA;77;150;Principal;-1;1287;ESCOLA MUNICIPAL CENTENARIO PRESIDENTE JOAO PESSOA;Convencional;RUA MARTIM LUTERO 520;JARDIM VENEZA;00000000;-7,16784007;-34,90788742;ATIVO;ATIVO
07/10/2026;06:28:10;2026;04/10/2026;1;PB;20516;JOÃO PESSOA;77;151;Principal;-1;1317;ESCOLA MUNICIPAL PROF. PAULO FREIRE - CJ NOVA TRINDADE;Convencional;RUA PROJETADA Q-1 L-2- CONJ. NOVA TRINDADE;JARDIM VENEZA;58000000;-7,15984067;-34,90976866;ATIVO;ATIVO
07/10/2026;06:28:10;2026;04/10/2026;1;PB;20516;JOÃO PESSOA;77;152;Principal;-1;1325;ESCOLA MUNICIPAL PEDRA DO REINO;Convencional;RUA BLUMENAL, S/N;GROTAO;58000000;-7,187148;-34,8825581;ATIVO;ATIVO
07/10/2026;06:28:10;2026;04/10/2026;1;PB;20516;JOÃO PESSOA;77;153;Principal;-1;1325;ESCOLA MUNICIPAL PEDRA DO REINO;Convencional;RUA BLUMENAL, S/N;GROTAO;58000000;-7,187148;-34,8825581;ATIVO;ATIVO
07/10/2026;06:28:10;2026;04/10/2026;1;PB;20516;JOÃO PESSOA;77;154;Principal;-1;1325;ESCOLA MUNICIPAL PEDRA DO REINO;Convencional;RUA BLUMENAL, S/N;GROTAO;58000000;-7,187148;-34,8825581;ATIVO;ATIVO
07/10/2026;06:28:10;2026;04/10/2026;1;PB;20516;JOÃO PESSOA;77;155;Principal;-1;1325;ESCOLA MUNICIPAL PEDRA DO REINO;Convencional;RUA BLUMENAL, S/N;GROTAO;58000000;-7,187148;-34,8825581;ATIVO;ATIVO
07/10/2026;06:28:10;2026;04/10/2026;1;PB;20516;JOÃO PESSOA;77;156;Principal;-1;1325;ESCOLA MUNICIPAL PEDRA DO REINO;Convencional;RUA BLUMENAL, S/N;GROTAO;58000000;-7,187148;-34,8825581;ATIVO;ATIVO
07/10/2026;06:28:10;2026;04/10/2026;1;PB;20516;JOÃO PESSOA;77;157;Principal;-1;1503;EEEF GOVERNADOR ANTONIO MARIZ;Convencional;R. TONI CASSIO RODRIGUES ESTRELA, 32;FUNCIONARIOS III;58079090;-7,181789;-34,8836553;ATIVO;ATIVO
07/10/2026;06:28:10;2026;04/10/2026;1;PB;20516;JOÃO PESSOA;77;158;Principal;-1;1503;EEEF GOVERNADOR ANTONIO MARIZ;Convencional;R. TONI CASSIO RODRIGUES ESTRELA, 32;FUNCIONARIOS III;58079090;-7,181789;-34,8836553;ATIVO;ATIVO
07/10/2026;06:28:10;2026;04/10/2026;1;PB;20516;JOÃO PESSOA;77;159;Principal;-1;1317;ESCOLA MUNICIPAL PROF. PAULO FREIRE - CJ NOVA TRINDADE;Convencional;RUA PROJETADA Q-1 L-2- CONJ. NOVA TRINDADE;JARDIM VENEZA;58000000;-7,15984067;-34,90976866;ATIVO;ATIVO
07/10/2026;06:28:10;2026;04/10/2026;1;PB;20516;JOÃO PESSOA;77;160;Principal;-1;1325;ESCOLA MUNICIPAL PEDRA DO REINO;Convencional;RUA BLUMENAL, S/N;GROTAO;58000000;-7,187148;-34,8825581;ATIVO;ATIVO
07/10/2026;06:28:10;2026;04/10/2026;1;PB;20516;JOÃO PESSOA;77;161;Principal;-1;1538;ESC. MUN. LYNALDO C. DE ALBUQUERQUE;Convencional;RUA DA AÇÃO, S/N;INDUSTRIAS;58083000;-7,17859462;-34,9146983;ATIVO;ATIVO
07/10/2026;06:28:10;2026;04/10/2026;1;PB;20516;JOÃO PESSOA;77;163;Principal;-1;1686;CRECHE FABIANA OLIVEIRA LUCENA;Temporário;RUA DAS ALGAROBAS, SN;INDUSTRIAS;58083369;-1;-1;ATIVO;ATIVO
07/10/2026;06:28:10;2026;04/10/2026;1;PB;20516;JOÃO PESSOA;77;164;Principal;-1;1350;ESCOLA MUNICIPAL JOAO MONTEIRO DA FRANCA;Convencional;RUA JOSE VIEIRA DINIZ 66;CONJUNTO JOSE VIEIRA DINIZ;00000000;-7,17101988;-34,9131812;ATIVO;ATIVO
07/10/2026;06:28:10;2026;04/10/2026;1;PB;20516;JOÃO PESSOA;77;165;Principal;-1;1350;ESCOLA MUNICIPAL JOAO MONTEIRO DA FRANCA;Convencional;RUA JOSE VIEIRA DINIZ 66;CONJUNTO JOSE VIEIRA DINIZ;00000000;-7,17101988;-34,9131812;ATIVO;ATIVO
07/10/2026;06:28:10;2026;04/10/2026;1;PB;20516;JOÃO PESSOA;77;166;Principal;-1;1350;ESCOLA MUNICIPAL JOAO MONTEIRO DA FRANCA;Convencional;RUA JOSE VIEIRA DINIZ 66;CONJUNTO JOSE VIEIRA DINIZ;00000000;-7,17101988;-34,9131812;ATIVO;ATIVO
07/10/2026;06:28:10;2026;04/10/2026;1;PB;20516;JOÃO PESSOA;77;167;Principal;-1;1350;ESCOLA MUNICIPAL JOAO MONTEIRO DA FRANCA;Convencional;RUA JOSE VIEIRA DINIZ 66;CONJUNTO JOSE VIEIRA DINIZ;00000000;-7,17101988;-34,9131812;ATIVO;ATIVO
07/10/2026;06:28:10;2026;04/10/2026;1;PB;20516;JOÃO PESSOA;77;168;Principal;-1;1350;ESCOLA MUNICIPAL JOAO MONTEIRO DA FRANCA;Convencional;RUA JOSE VIEIRA DINIZ 66;CONJUNTO JOSE VIEIRA DINIZ;00000000;-7,17101988;-34,9131812;ATIVO;ATIVO
07/10/2026;06:28:10;2026;04/10/2026;1;PB;20516;JOÃO PESSOA;77;169;Principal;-1;1350;ESCOLA MUNICIPAL JOAO MONTEIRO DA FRANCA;Convencional;RUA JOSE VIEIRA DINIZ 66;CONJUNTO JOSE VIEIRA DINIZ;00000000;-7,17101988;-34,9131812;ATIVO;ATIVO
07/10/2026;06:28:10;2026;04/10/2026;1;PB;20516;JOÃO PESSOA;77;170;Principal;-1;1368;ESCOLA ESTADUAL JOSÉ DO PATROCINIO;Convencional;RUA ANTONIO CORREIA DA COSTA, S/N;FUNCIONARIOS II;58078340;-7,1820538;-34,8814192;ATIVO;ATIVO
07/10/2026;06:28:10;2026;04/10/2026;1;PB;20516;JOÃO PESSOA;77;171;Principal;-1;1368;ESCOLA ESTADUAL JOSÉ DO PATROCINIO;Convencional;RUA ANTONIO CORREIA DA COSTA, S/N;FUNCIONARIOS II;58078340;-7,1820538;-34,8814192;ATIVO;ATIVO
07/10/2026;06:28:10;2026;04/10/2026;1;PB;20516;JOÃO PESSOA;77;172;Principal;-1;1368;ESCOLA ESTADUAL JOSÉ DO PATROCINIO;Convencional;RUA ANTONIO CORREIA DA COSTA, S/N;FUNCIONARIOS II;58078340;-7,1820538;-34,8814192;ATIVO;ATIVO
07/10/2026;06:28:10;2026;04/10/2026;1;PB;20516;JOÃO PESSOA;77;173;Principal;-1;1368;ESCOLA ESTADUAL JOSÉ DO PATROCINIO;Convencional;RUA ANTONIO CORREIA DA COSTA, S/N;FUNCIONARIOS II;58078340;-7,1820538;-34,8814192;ATIVO;ATIVO
07/10/2026;06:28:10;2026;04/10/2026;1;PB;20516;JOÃO PESSOA;77;174;Principal;-1;1368;ESCOLA ESTADUAL JOSÉ DO PATROCINIO;Convencional;RUA ANTONIO CORREIA DA COSTA, S/N;FUNCIONARIOS II;58078340;-7,1820538;-34,8814192;ATIVO;ATIVO
07/10/2026;06:28:10;2026;04/10/2026;1;PB;20516;JOÃO PESSOA;77;175;Principal;-1;1368;ESCOLA ESTADUAL JOSÉ DO PATROCINIO;Convencional;RUA ANTONIO CORREIA DA COSTA, S/N;FUNCIONARIOS II;58078340;-7,1820538;-34,8814192;ATIVO;ATIVO
07/10/2026;06:28:10;2026;04/10/2026;1;PB;20516;JOÃO PESSOA;77;176;Principal;-1;1368;ESCOLA ESTADUAL JOSÉ DO PATROCINIO;Convencional;RUA ANTONIO CORREIA DA COSTA, S/N;FUNCIONARIOS II;58078340;-7,1820538;-34,8814192;ATIVO;ATIVO
07/10/2026;06:28:10;2026;04/10/2026;1;PB;20516;JOÃO PESSOA;77;177;Principal;-1;1368;ESCOLA ESTADUAL JOSÉ DO PATROCINIO;Convencional;RUA ANTONIO CORREIA DA COSTA, S/N;FUNCIONARIOS II;58078340;-7,1820538;-34,8814192;ATIVO;ATIVO
07/10/2026;06:28:10;2026;04/10/2026;1;PB;20516;JOÃO PESSOA;77;178;Principal;-1;1430;ESCOLA MUNICIPAL DARCY RIBEIRO;Convencional;R. GISONITA PEREIRA DA SILVA, S/N;FUNCIONARIOS II;58000000;-7,177786;-34,8814103;ATIVO;ATIVO
07/10/2026;06:28:10;2026;04/10/2026;1;PB;20516;JOÃO PESSOA;77;179;Principal;-1;1376;ESCOLA MUNICIPAL THARSILLA BARBOSA DA FRANCA;Convencional;R NOSSA SENHORA DA PAZ 72;GROTAO;00000000;-7,1870022;-34,8830798;ATIVO;ATIVO
07/10/2026;06:28:10;2026;04/10/2026;1;PB;20516;JOÃO PESSOA;77;180;Principal;-1;1376;ESCOLA MUNICIPAL THARSILLA BARBOSA DA FRANCA;Convencional;R NOSSA SENHORA DA PAZ 72;GROTAO;00000000;-7,1870022;-34,8830798;ATIVO;ATIVO
07/10/2026;06:28:10;2026;04/10/2026;1;PB;20516;JOÃO PESSOA;77;181;Principal;-1;1376;ESCOLA MUNICIPAL THARSILLA BARBOSA DA FRANCA;Convencional;R NOSSA SENHORA DA PAZ 72;GROTAO;00000000;-7,1870022;-34,8830798;ATIVO;ATIVO
07/10/2026;06:28:10;2026;04/10/2026;1;PB;20516;JOÃO PESSOA;77;182;Principal;-1;1376;ESCOLA MUNICIPAL THARSILLA BARBOSA DA FRANCA;Convencional;R NOSSA SENHORA DA PAZ 72;GROTAO;00000000;-7,1870022;-34,8830798;ATIVO;ATIVO
07/10/2026;06:28:10;2026;04/10/2026;1;PB;20516;JOÃO PESSOA;77;183;Principal;-1;1376;ESCOLA MUNICIPAL THARSILLA BARBOSA DA FRANCA;Convencional;R NOSSA SENHORA DA PAZ 72;GROTAO;00000000;-7,1870022;-34,8830798;ATIVO;ATIVO
07/10/2026;06:28:10;2026;04/10/2026;1;PB;20516;JOÃO PESSOA;77;184;Principal;-1;1376;ESCOLA MUNICIPAL THARSILLA BARBOSA DA FRANCA;Convencional;R NOSSA SENHORA DA PAZ 72;GROTAO;00000000;-7,1870022;-34,8830798;ATIVO;ATIVO
07/10/2026;06:28:10;2026;04/10/2026;1;PB;20516;JOÃO PESSOA;77;185;Principal;-1;1554;ESCOLA MUNICIPAL MOEMA TINOCO CUNHA LIMA;Convencional;RUA JOSÉ RODRIGUES DE PAIVA, S/N;GROTAO;58079810;-7,1862229;-34,8809144;ATIVO;ATIVO
07/10/2026;06:28:10;2026;04/10/2026;1;PB;20516;JOÃO PESSOA;77;186;Principal;-1;1554;ESCOLA MUNICIPAL MOEMA TINOCO CUNHA LIMA;Convencional;RUA JOSÉ RODRIGUES DE PAIVA, S/N;GROTAO;58079810;-7,1862229;-34,8809144;ATIVO;ATIVO
07/10/2026;06:28:10;2026;04/10/2026;1;PB;20516;JOÃO PESSOA;77;187;Principal;-1;1554;ESCOLA MUNICIPAL MOEMA TINOCO CUNHA LIMA;Convencional;RUA JOSÉ RODRIGUES DE PAIVA, S/N;GROTAO;58079810;-7,1862229;-34,8809144;ATIVO;ATIVO
07/10/2026;06:28:10;2026;04/10/2026;1;PB;20516;JOÃO PESSOA;77;188;Principal;-1;1384;ESC. MUN. CANTALICE LEITE MAGALHÃES;Convencional;RUA MANUEL DE PAULA MAGALHÃES, 57;INDUSTRIAS;58000000;-7,17510475;-34,91983799;ATIVO;ATIVO
07/10/2026;06:28:10;2026;04/10/2026;1;PB;20516;JOÃO PESSOA;77;189;Principal;-1;1384;ESC. MUN. CANTALICE LEITE MAGALHÃES;Convencional;RUA MANUEL DE PAULA MAGALHÃES, 57;INDUSTRIAS;58000000;-7,17510475;-34,91983799;ATIVO;ATIVO
07/10/2026;06:28:10;2026;04/10/2026;1;PB;20516;JOÃO PESSOA;77;190;Principal;-1;1384;ESC. MUN. CANTALICE LEITE MAGALHÃES;Convencional;RUA MANUEL DE PAULA MAGALHÃES, 57;INDUSTRIAS;58000000;-7,17510475;-34,91983799;ATIVO;ATIVO
07/10/2026;06:28:10;2026;04/10/2026;1;PB;20516;JOÃO PESSOA;77;191;Principal;-1;1384;ESC. MUN. CANTALICE LEITE MAGALHÃES;Convencional;RUA MANUEL DE PAULA MAGALHÃES, 57;INDUSTRIAS;58000000;-7,17510475;-34,91983799;ATIVO;ATIVO
07/10/2026;06:28:10;2026;04/10/2026;1;PB;20516;JOÃO PESSOA;77;192;Principal;-1;1384;ESC. MUN. CANTALICE LEITE MAGALHÃES;Convencional;RUA MANUEL DE PAULA MAGALHÃES, 57;INDUSTRIAS;58000000;-7,17510475;-34,91983799;ATIVO;ATIVO
07/10/2026;06:28:10;2026;04/10/2026;1;PB;20516;JOÃO PESSOA;77;193;Principal;-1;1384;ESC. MUN. CANTALICE LEITE MAGALHÃES;Convencional;RUA MANUEL DE PAULA MAGALHÃES, 57;INDUSTRIAS;58000000;-7,17510475;-34,91983799;ATIVO;ATIVO
07/10/2026;06:28:10;2026;04/10/2026;1;PB;20516;JOÃO PESSOA;77;194;Principal;-1;1384;ESC. MUN. CANTALICE LEITE MAGALHÃES;Convencional;RUA MANUEL DE PAULA MAGALHÃES, 57;INDUSTRIAS;58000000;-7,17510475;-34,91983799;ATIVO;ATIVO
07/10/2026;06:28:10;2026;04/10/2026;1;PB;20516;JOÃO PESSOA;77;195;Principal;-1;1384;ESC. MUN. CANTALICE LEITE MAGALHÃES;Convencional;RUA MANUEL DE PAULA MAGALHÃES, 57;INDUSTRIAS;58000000;-7,17510475;-34,91983799;ATIVO;ATIVO
07/10/2026;06:28:10;2026;04/10/2026;1;PB;20516;JOÃO PESSOA;77;196;Principal;-1;1384;ESC. MUN. CANTALICE LEITE MAGALHÃES;Convencional;RUA MANUEL DE PAULA MAGALHÃES, 57;INDUSTRIAS;58000000;-7,17510475;-34,91983799;ATIVO;ATIVO
07/10/2026;06:28:10;2026;04/10/2026;1;PB;20516;JOÃO PESSOA;77;197;Principal;-1;1538;ESC. MUN. LYNALDO C. DE ALBUQUERQUE;Convencional;RUA DA AÇÃO, S/N;INDUSTRIAS;58083000;-7,17859462;-34,9146983;ATIVO;ATIVO
07/10/2026;06:28:10;2026;04/10/2026;1;PB;20516;JOÃO PESSOA;77;198;Principal;-1;1325;ESCOLA MUNICIPAL PEDRA DO REINO;Convencional;RUA BLUMENAL, S/N;GROTAO;58000000;-7,187148;-34,8825581;ATIVO;ATIVO
07/10/2026;06:28:10;2026;04/10/2026;1;PB;20516;JOÃO PESSOA;77;199;Principal;-1;1074;ESCOLA MUNICIPAL PROF.ARNALDO DE BARROS MOREIRA;Convencional;CAPITAO FRANCISCO PEREIRA 375;NOVAIS;58088530;-7,15342818;-34,89740602;ATIVO;ATIVO
07/10/2026;06:28:10;2026;04/10/2026;1;PB;20516;JOÃO PESSOA;77;200;Principal;-1;1333;ESCOLA ESTADUAL SANTOS DUMONT;Convencional;RUA DAS INDUSTRIAS S/N;INDUSTRIAS;58083040;-7,17685175;-34,91714967;ATIVO;ATIVO
07/10/2026;06:28:10;2026;04/10/2026;1;PB;20516;JOÃO PESSOA;77;201;Principal;-1;1430;ESCOLA MUNICIPAL DARCY RIBEIRO;Convencional;R. GISONITA PEREIRA DA SILVA, S/N;FUNCIONARIOS II;58000000;-7,177786;-34,8814103;ATIVO;ATIVO
07/10/2026;06:28:10;2026;04/10/2026;1;PB;20516;JOÃO PESSOA;77;202;Principal;-1;1171;ESCOLA ESTADUAL DE 1 GRAU DEBORA DUARTE;Convencional;RUA ADRISIO MOTA DE SOUZA S/N;FUNCIONARIOS II;58000000;-7,1780469;-34,8884993;ATIVO;ATIVO
07/10/2026;06:28:10;2026;04/10/2026;1;PB;20516;JOÃO PESSOA;77;203;Principal;-1;1317;ESCOLA MUNICIPAL PROF. PAULO FREIRE - CJ NOVA TRINDADE;Convencional;RUA PROJETADA Q-1 L-2- CONJ. NOVA TRINDADE;JARDIM VENEZA;58000000;-7,15984067;-34,90976866;ATIVO;ATIVO
07/10/2026;06:28:10;2026;04/10/2026;1;PB;20516;JOÃO PESSOA;77;204;Principal;-1;1333;ESCOLA ESTADUAL SANTOS DUMONT;Convencional;RUA DAS INDUSTRIAS S/N;INDUSTRIAS;58083040;-7,17685175;-34,91714967;ATIVO;ATIVO
07/10/2026;06:28:10;2026;04/10/2026;1;PB;20516;JOÃO PESSOA;77;205;Principal;-1;1228;ESCOLA MUNICIPAL DE ENSINO FUNDAMENTAL PROF. ANAYDE BEIRIZ;Convencional;RUA CIDADE DE CAJAZEIRAS - CIDADE VERDE;INDUSTRIAS;58000000;-7,17406124;-34,92952111;ATIVO;ATIVO
07/10/2026;06:28:10;2026;04/10/2026;1;PB;20516;JOÃO PESSOA;77;206;Principal;-1;1422;ESCOLA ESTADUAL PROF. PAULO FREIRE;Convencional;R. PROJETADA S/N;JOAO PAULO II;58000000;-7,1780388;-34,8759755;ATIVO;ATIVO
07/10/2026;06:28:10;2026;04/10/2026;1;PB;20516;JOÃO PESSOA;77;207;Principal;-1;1430;ESCOLA MUNICIPAL DARCY RIBEIRO;Convencional;R. GISONITA PEREIRA DA SILVA, S/N;FUNCIONARIOS II;58000000;-7,177786;-34,8814103;ATIVO;ATIVO
07/10/2026;06:28:10;2026;04/10/2026;1;PB;20516;JOÃO PESSOA;77;209;Principal;-1;1406;CRECHE MUNICIPAL CAPISTRANO DE ABREU;Convencional;R. AURILIA LINS RABELO, S/N;COSTA E SILVA;58000000;-7,1812708;-34,8975256;ATIVO;ATIVO
07/10/2026;06:28:10;2026;04/10/2026;1;PB;20516;JOÃO PESSOA;77;210;Principal;-1;1228;ESCOLA MUNICIPAL DE ENSINO FUNDAMENTAL PROF. ANAYDE BEIRIZ;Convencional;RUA CIDADE DE CAJAZEIRAS - CIDADE VERDE;INDUSTRIAS;58000000;-7,17406124;-34,92952111;ATIVO;ATIVO
07/10/2026;06:28:10;2026;04/10/2026;1;PB;20516;JOÃO PESSOA;77;211;Principal;-1;1244;ESCOLA ESTADUAL DE 1 GRAU JOAQUIM NABUCO;Convencional;LOTEAMENTO GAUCHINHA, S/N FONE 233-1856;COSTA E SILVA;58000000;-7,1740052;-34,895282;ATIVO;ATIVO
07/10/2026;06:28:10;2026;04/10/2026;1;PB;20516;JOÃO PESSOA;77;212;Principal;-1;1139;ESCOLA ESTADUAL LUZIA SIMOES BARTOLINI;Convencional;RADIALISTA GERALDO CAMPOS S/N;JARDIM PLANALTO;58088060;-7,1598442;-34,9008248;ATIVO;ATIVO
07/10/2026;06:28:10;2026;04/10/2026;1;PB;20516;JOÃO PESSOA;77;213;Principal;-1;1350;ESCOLA MUNICIPAL JOAO MONTEIRO DA FRANCA;Convencional;RUA JOSE VIEIRA DINIZ 66;CONJUNTO JOSE VIEIRA DINIZ;00000000;-7,17101988;-34,9131812;ATIVO;ATIVO
07/10/2026;06:28:10;2026;04/10/2026;1;PB;20516;JOÃO PESSOA;77;214;Principal;-1;1686;CRECHE FABIANA OLIVEIRA LUCENA;Temporário;RUA DAS ALGAROBAS, SN;INDUSTRIAS;58083369;-1;-1;ATIVO;ATIVO
07/10/2026;06:28:10;2026;04/10/2026;1;PB;20516;JOÃO PESSOA;77;215;Principal;-1;1058;ESCOLA MUNICIPAL LUIZA LIMA LOBO;Convencional;CARTEIRO FRANCISCO INACIO DO REGO FILHO S/N;ALTO DO MATEUS;58090570;-7,1371291;-34,91412507;ATIVO;ATIVO
07/10/2026;06:28:10;2026;04/10/2026;1;PB;20516;JOÃO PESSOA;77;216;Principal;-1;1031;ESCOLA EST DE 1 GRAU HENRIQUE DIAS;Convencional;R CARLOS BORROMEU RIBEIRO S/N;ALTO DO MATEUS;58071060;-7,14279096;-34,91341093;ATIVO;ATIVO
07/10/2026;06:28:10;2026;04/10/2026;1;PB;20516;JOÃO PESSOA;77;218;Principal;-1;1554;ESCOLA MUNICIPAL MOEMA TINOCO CUNHA LIMA;Convencional;RUA JOSÉ RODRIGUES DE PAIVA, S/N;GROTAO;58079810;-7,1862229;-34,8809144;ATIVO;ATIVO
07/10/2026;06:28:10;2026;04/10/2026;1;PB;20516;JOÃO PESSOA;77;219;Principal;-1;1465;ESCOLA MUNICIPAL ANA NERY;Convencional;RUA CORONEL JOSÉ GOMES DE ABREU, S/N;ALTO DO MATEUS;58090820;-7,13104031;-34,91376831;ATIVO;ATIVO
07/10/2026;06:28:10;2026;04/10/2026;1;PB;20516;JOÃO PESSOA;77;220;Principal;-1;1210;ESCOLA MUNICIPAL DUQUE DE CAXIAS;Convencional;RUA GRACILIANO DELGADO, 284;COSTA E SILVA;00000000;-7,1798053;-34,8977041;ATIVO;ATIVO
07/10/2026;06:28:10;2026;04/10/2026;1;PB;20516;JOÃO PESSOA;77;221;Principal;-1;1490;ESCOLA ESTADUAL CONEGO NICODEMOS NEVES;Convencional;PRAÇA LAURO WANDERLEY, S/N;FUNCIONARIOS I;58000000;-7,1602651;-34,8929329;ATIVO;ATIVO
07/10/2026;06:28:10;2026;04/10/2026;1;PB;20516;JOÃO PESSOA;77;222;Principal;-1;1538;ESC. MUN. LYNALDO C. DE ALBUQUERQUE;Convencional;RUA DA AÇÃO, S/N;INDUSTRIAS;58083000;-7,17859462;-34,9146983;ATIVO;ATIVO
07/10/2026;06:28:10;2026;04/10/2026;1;PB;20516;JOÃO PESSOA;77;223;Principal;-1;1201;ESCOLA MUNICIPAL DUARTE DA SILVEIRA;Convencional;RUA MARIETA ARAUJO NASCIMENTO,265;COSTA E SILVA;00000000;-7,1762577;-34,8945848;ATIVO;ATIVO
07/10/2026;06:28:10;2026;04/10/2026;1;PB;20516;JOÃO PESSOA;77;224;Principal;-1;1503;EEEF GOVERNADOR ANTONIO MARIZ;Convencional;R. TONI CASSIO RODRIGUES ESTRELA, 32;FUNCIONARIOS III;58079090;-7,181789;-34,8836553;ATIVO;ATIVO
07/10/2026;06:28:10;2026;04/10/2026;1;PB;20516;JOÃO PESSOA;77;225;Principal;-1;1333;ESCOLA ESTADUAL SANTOS DUMONT;Convencional;RUA DAS INDUSTRIAS S/N;INDUSTRIAS;58083040;-7,17685175;-34,91714967;ATIVO;ATIVO
07/10/2026;06:28:10;2026;04/10/2026;1;PB;20516;JOÃO PESSOA;77;228;Principal;-1;1031;ESCOLA EST DE 1 GRAU HENRIQUE DIAS;Convencional;R CARLOS BORROMEU RIBEIRO S/N;ALTO DO MATEUS;58071060;-7,14279096;-34,91341093;ATIVO;ATIVO
07/10/2026;06:28:10;2026;04/10/2026;1;PB;20516;JOÃO PESSOA;77;229;Principal;-1;1058;ESCOLA MUNICIPAL LUIZA LIMA LOBO;Convencional;CARTEIRO FRANCISCO INACIO DO REGO FILHO S/N;ALTO DO MATEUS;58090570;-7,1371291;-34,91412507;ATIVO;ATIVO
07/10/2026;06:28:10;2026;04/10/2026;1;PB;20516;JOÃO PESSOA;77;231;Principal;-1;1066;ESCOLA MUNICIPAL SEVERINO PATRÍCIO;Convencional;ÍNDIO ARARIBÓIA, S/N;ALTO DO MATEUS;58000000;-7,13399738;-34,91295808;ATIVO;ATIVO
07/10/2026;06:28:10;2026;04/10/2026;1;PB;20516;JOÃO PESSOA;77;232;Principal;-1;1082;ESCOLA ESTADUAL OTAVIO NOVAIS;Convencional;DESEMBARGADOR SANTOS ESTANISLAU S/N;NOVAIS;58088540;-7,15777546;-34,90593175;ATIVO;ATIVO
07/10/2026;06:28:10;2026;04/10/2026;1;PB;20516;JOÃO PESSOA;77;233;Principal;-1;1104;ESCOLA MUNICIPAL JOAO SANTA CRUZ DE OLIVEIRA;Convencional;DESEMBARGADOR SANTOS ESTANISLAU 460;NOVAIS;58088540;-7,15466235;-34,89910203;ATIVO;ATIVO
07/10/2026;06:28:10;2026;04/10/2026;1;PB;20516;JOÃO PESSOA;77;234;Principal;-1;1112;ESCOLA MUNICIPAL BILÍNGUE DOM JOSÉ MARIA PIRES;Convencional;RUA AMBROSIO RODRIGUES DE SOUZA, S/N;NOVAIS;58090025;-7,14945219;-34,90593578;ATIVO;ATIVO
07/10/2026;06:28:10;2026;04/10/2026;1;PB;20516;JOÃO PESSOA;77;236;Principal;-1;1139;ESCOLA ESTADUAL LUZIA SIMOES BARTOLINI;Convencional;RADIALISTA GERALDO CAMPOS S/N;JARDIM PLANALTO;58088060;-7,1598442;-34,9008248;ATIVO;ATIVO
07/10/2026;06:28:10;2026;04/10/2026;1;PB;20516;JOÃO PESSOA;77;237;Principal;-1;1139;ESCOLA ESTADUAL LUZIA SIMOES BARTOLINI;Convencional;RADIALISTA GERALDO CAMPOS S/N;JARDIM PLANALTO;58088060;-7,1598442;-34,9008248;ATIVO;ATIVO
07/10/2026;06:28:10;2026;04/10/2026;1;PB;20516;JOÃO PESSOA;77;238;Principal;-1;1139;ESCOLA ESTADUAL LUZIA SIMOES BARTOLINI;Convencional;RADIALISTA GERALDO CAMPOS S/N;JARDIM PLANALTO;58088060;-7,1598442;-34,9008248;ATIVO;ATIVO
07/10/2026;06:28:10;2026;04/10/2026;1;PB;20516;JOÃO PESSOA;77;239;Principal;-1;1147;ESCOLA ESTADUAL ESCRITOR HORACIO DE ALMEIDA;Convencional;DURVAL COUTINHO S/N;ALTO DO MATEUS;58090260;-7,14082336;-34,91262285;ATIVO;ATIVO
07/10/2026;06:28:10;2026;04/10/2026;1;PB;20516;JOÃO PESSOA;77;240;Principal;-1;1147;ESCOLA ESTADUAL ESCRITOR HORACIO DE ALMEIDA;Convencional;DURVAL COUTINHO S/N;ALTO DO MATEUS;58090260;-7,14082336;-34,91262285;ATIVO;ATIVO
07/10/2026;06:28:10;2026;04/10/2026;1;PB;20516;JOÃO PESSOA;77;241;Principal;-1;1147;ESCOLA ESTADUAL ESCRITOR HORACIO DE ALMEIDA;Convencional;DURVAL COUTINHO S/N;ALTO DO MATEUS;58090260;-7,14082336;-34,91262285;ATIVO;ATIVO
07/10/2026;06:28:10;2026;04/10/2026;1;PB;20516;JOÃO PESSOA;77;242;Principal;-1;1155;ESCOLA MUNICIPAL CASTRO ALVES;Convencional;RUA MANOEL GUERRA;FUNCIONARIOS I;00000000;-7,1591617;-34,8945407;ATIVO;ATIVO
07/10/2026;06:28:10;2026;04/10/2026;1;PB;20516;JOÃO PESSOA;77;243;Principal;-1;1155;ESCOLA MUNICIPAL CASTRO ALVES;Convencional;RUA MANOEL GUERRA;FUNCIONARIOS I;00000000;-7,1591617;-34,8945407;ATIVO;ATIVO
07/10/2026;06:28:10;2026;04/10/2026;1;PB;20516;JOÃO PESSOA;77;244;Principal;-1;1171;ESCOLA ESTADUAL DE 1 GRAU DEBORA DUARTE;Convencional;RUA ADRISIO MOTA DE SOUZA S/N;FUNCIONARIOS II;58000000;-7,1780469;-34,8884993;ATIVO;ATIVO
07/10/2026;06:28:10;2026;04/10/2026;1;PB;20516;JOÃO PESSOA;77;245;Principal;-1;1171;ESCOLA ESTADUAL DE 1 GRAU DEBORA DUARTE;Convencional;RUA ADRISIO MOTA DE SOUZA S/N;FUNCIONARIOS II;58000000;-7,1780469;-34,8884993;ATIVO;ATIVO
07/10/2026;06:28:10;2026;04/10/2026;1;PB;20516;JOÃO PESSOA;77;246;Principal;-1;1171;ESCOLA ESTADUAL DE 1 GRAU DEBORA DUARTE;Convencional;RUA ADRISIO MOTA DE SOUZA S/N;FUNCIONARIOS II;58000000;-7,1780469;-34,8884993;ATIVO;ATIVO
07/10/2026;06:28:10;2026;04/10/2026;1;PB;20516;JOÃO PESSOA;77;247;Principal;-1;1180;ESCOLA TÉCNICA MANOEL LISBOA DE MOURA;Convencional;RUA ANTÔNIO CLAUDINO LEAL, S/N;COSTA E SILVA;58080000;-7,1795461;-34,8993867;ATIVO;ATIVO
07/10/2026;06:28:10;2026;04/10/2026;1;PB;20516;JOÃO PESSOA;77;248;Principal;-1;1180;ESCOLA TÉCNICA MANOEL LISBOA DE MOURA;Convencional;RUA ANTÔNIO CLAUDINO LEAL, S/N;COSTA E SILVA;58080000;-7,1795461;-34,8993867;ATIVO;ATIVO
07/10/2026;06:28:10;2026;04/10/2026;1;PB;20516;JOÃO PESSOA;77;249;Principal;-1;1520;COLÉGIO PARTICULAR INTENSIVO;Convencional;RUA JORN. JOSÉ RAMALHO, 306;COSTA E SILVA;58081110;-7,1783849;-34,8969847;ATIVO;ATIVO
07/10/2026;06:28:10;2026;04/10/2026;1;PB;20516;JOÃO PESSOA;77;250;Principal;-1;1201;ESCOLA MUNICIPAL DUARTE DA SILVEIRA;Convencional;RUA MARIETA ARAUJO NASCIMENTO,265;COSTA E SILVA;00000000;-7,1762577;-34,8945848;ATIVO;ATIVO
07/10/2026;06:28:10;2026;04/10/2026;1;PB;20516;JOÃO PESSOA;77;251;Principal;-1;1252;ESCOLA ESTADUAL OSWALDO PESSOA;Convencional;R. ADELAIDE FIGUEIREDO GOUVEIA;ERNANI SATIRO;00000000;-7,1745471;-34,8942814;ATIVO;ATIVO
07/10/2026;06:28:10;2026;04/10/2026;1;PB;20516;JOÃO PESSOA;77;252;Principal;-1;1252;ESCOLA ESTADUAL OSWALDO PESSOA;Convencional;R. ADELAIDE FIGUEIREDO GOUVEIA;ERNANI SATIRO;00000000;-7,1745471;-34,8942814;ATIVO;ATIVO
07/10/2026;06:28:10;2026;04/10/2026;1;PB;20516;JOÃO PESSOA;77;253;Principal;-1;1252;ESCOLA ESTADUAL OSWALDO PESSOA;Convencional;R. ADELAIDE FIGUEIREDO GOUVEIA;ERNANI SATIRO;00000000;-7,1745471;-34,8942814;ATIVO;ATIVO
07/10/2026;06:28:10;2026;04/10/2026;1;PB;20516;JOÃO PESSOA;77;254;Principal;-1;1287;ESCOLA MUNICIPAL CENTENARIO PRESIDENTE JOAO PESSOA;Convencional;RUA MARTIM LUTERO 520;JARDIM VENEZA;00000000;-7,16784007;-34,90788742;ATIVO;ATIVO
07/10/2026;06:28:10;2026;04/10/2026;1;PB;20516;JOÃO PESSOA;77;255;Principal;-1;1287;ESCOLA MUNICIPAL CENTENARIO PRESIDENTE JOAO PESSOA;Convencional;RUA MARTIM LUTERO 520;JARDIM VENEZA;00000000;-7,16784007;-34,90788742;ATIVO;ATIVO
07/10/2026;06:28:10;2026;04/10/2026;1;PB;20516;JOÃO PESSOA;77;256;Principal;-1;1317;ESCOLA MUNICIPAL PROF. PAULO FREIRE - CJ NOVA TRINDADE;Convencional;RUA PROJETADA Q-1 L-2- CONJ. NOVA TRINDADE;JARDIM VENEZA;58000000;-7,15984067;-34,90976866;ATIVO;ATIVO
07/10/2026;06:28:10;2026;04/10/2026;1;PB;20516;JOÃO PESSOA;77;257;Principal;-1;1350;ESCOLA MUNICIPAL JOAO MONTEIRO DA FRANCA;Convencional;RUA JOSE VIEIRA DINIZ 66;CONJUNTO JOSE VIEIRA DINIZ;00000000;-7,17101988;-34,9131812;ATIVO;ATIVO
07/10/2026;06:28:10;2026;04/10/2026;1;PB;20516;JOÃO PESSOA;77;258;Principal;-1;1368;ESCOLA ESTADUAL JOSÉ DO PATROCINIO;Convencional;RUA ANTONIO CORREIA DA COSTA, S/N;FUNCIONARIOS II;58078340;-7,1820538;-34,8814192;ATIVO;ATIVO
07/10/2026;06:28:10;2026;04/10/2026;1;PB;20516;JOÃO PESSOA;77;259;Principal;-1;1554;ESCOLA MUNICIPAL MOEMA TINOCO CUNHA LIMA;Convencional;RUA JOSÉ RODRIGUES DE PAIVA, S/N;GROTAO;58079810;-7,1862229;-34,8809144;ATIVO;ATIVO
07/10/2026;06:28:10;2026;04/10/2026;1;PB;20516;JOÃO PESSOA;77;260;Principal;-1;1554;ESCOLA MUNICIPAL MOEMA TINOCO CUNHA LIMA;Convencional;RUA JOSÉ RODRIGUES DE PAIVA, S/N;GROTAO;58079810;-7,1862229;-34,8809144;ATIVO;ATIVO
07/10/2026;06:28:10;2026;04/10/2026;1;PB;20516;JOÃO PESSOA;77;261;Principal;-1;1376;ESCOLA MUNICIPAL THARSILLA BARBOSA DA FRANCA;Convencional;R NOSSA SENHORA DA PAZ 72;GROTAO;00000000;-7,1870022;-34,8830798;ATIVO;ATIVO
07/10/2026;06:28:10;2026;04/10/2026;1;PB;20516;JOÃO PESSOA;77;262;Principal;-1;1376;ESCOLA MUNICIPAL THARSILLA BARBOSA DA FRANCA;Convencional;R NOSSA SENHORA DA PAZ 72;GROTAO;00000000;-7,1870022;-34,8830798;ATIVO;ATIVO
07/10/2026;06:28:10;2026;04/10/2026;1;PB;20516;JOÃO PESSOA;77;263;Principal;-1;1376;ESCOLA MUNICIPAL THARSILLA BARBOSA DA FRANCA;Convencional;R NOSSA SENHORA DA PAZ 72;GROTAO;00000000;-7,1870022;-34,8830798;ATIVO;ATIVO
07/10/2026;06:28:10;2026;04/10/2026;1;PB;20516;JOÃO PESSOA;77;264;Principal;-1;1384;ESC. MUN. CANTALICE LEITE MAGALHÃES;Convencional;RUA MANUEL DE PAULA MAGALHÃES, 57;INDUSTRIAS;58000000;-7,17510475;-34,91983799;ATIVO;ATIVO
07/10/2026;06:28:10;2026;04/10/2026;1;PB;20516;JOÃO PESSOA;77;265;Principal;-1;1384;ESC. MUN. CANTALICE LEITE MAGALHÃES;Convencional;RUA MANUEL DE PAULA MAGALHÃES, 57;INDUSTRIAS;58000000;-7,17510475;-34,91983799;ATIVO;ATIVO
07/10/2026;06:28:10;2026;04/10/2026;1;PB;20516;JOÃO PESSOA;77;266;Principal;-1;1384;ESC. MUN. CANTALICE LEITE MAGALHÃES;Convencional;RUA MANUEL DE PAULA MAGALHÃES, 57;INDUSTRIAS;58000000;-7,17510475;-34,91983799;ATIVO;ATIVO
07/10/2026;06:28:10;2026;04/10/2026;1;PB;20516;JOÃO PESSOA;77;267;Principal;-1;1430;ESCOLA MUNICIPAL DARCY RIBEIRO;Convencional;R. GISONITA PEREIRA DA SILVA, S/N;FUNCIONARIOS II;58000000;-7,177786;-34,8814103;ATIVO;ATIVO
07/10/2026;06:28:10;2026;04/10/2026;1;PB;20516;JOÃO PESSOA;77;268;Principal;-1;1430;ESCOLA MUNICIPAL DARCY RIBEIRO;Convencional;R. GISONITA PEREIRA DA SILVA, S/N;FUNCIONARIOS II;58000000;-7,177786;-34,8814103;ATIVO;ATIVO
07/10/2026;06:28:10;2026;04/10/2026;1;PB;20516;JOÃO PESSOA;77;269;Principal;-1;1465;ESCOLA MUNICIPAL ANA NERY;Convencional;RUA CORONEL JOSÉ GOMES DE ABREU, S/N;ALTO DO MATEUS;58090820;-7,13104031;-34,91376831;ATIVO;ATIVO
07/10/2026;06:28:10;2026;04/10/2026;1;PB;20516;JOÃO PESSOA;77;270;Principal;-1;1490;ESCOLA ESTADUAL CONEGO NICODEMOS NEVES;Convencional;PRAÇA LAURO WANDERLEY, S/N;FUNCIONARIOS I;58000000;-7,1602651;-34,8929329;ATIVO;ATIVO
07/10/2026;06:28:10;2026;04/10/2026;1;PB;20516;JOÃO PESSOA;77;271;Principal;-1;1490;ESCOLA ESTADUAL CONEGO NICODEMOS NEVES;Convencional;PRAÇA LAURO WANDERLEY, S/N;FUNCIONARIOS I;58000000;-7,1602651;-34,8929329;ATIVO;ATIVO
07/10/2026;06:28:10;2026;04/10/2026;1;PB;20516;JOÃO PESSOA;77;272;Principal;-1;1210;ESCOLA MUNICIPAL DUQUE DE CAXIAS;Convencional;RUA GRACILIANO DELGADO, 284;COSTA E SILVA;00000000;-7,1798053;-34,8977041;ATIVO;ATIVO
07/10/2026;06:28:10;2026;04/10/2026;1;PB;20516;JOÃO PESSOA;77;273;Principal;-1;1333;ESCOLA ESTADUAL SANTOS DUMONT;Convencional;RUA DAS INDUSTRIAS S/N;INDUSTRIAS;58083040;-7,17685175;-34,91714967;ATIVO;ATIVO
07/10/2026;06:28:10;2026;04/10/2026;1;PB;20516;JOÃO PESSOA;77;274;Principal;-1;1228;ESCOLA MUNICIPAL DE ENSINO FUNDAMENTAL PROF. ANAYDE BEIRIZ;Convencional;RUA CIDADE DE CAJAZEIRAS - CIDADE VERDE;INDUSTRIAS;58000000;-7,17406124;-34,92952111;ATIVO;ATIVO
07/10/2026;06:28:10;2026;04/10/2026;1;PB;20516;JOÃO PESSOA;77;276;Principal;-1;1430;ESCOLA MUNICIPAL DARCY RIBEIRO;Convencional;R. GISONITA PEREIRA DA SILVA, S/N;FUNCIONARIOS II;58000000;-7,177786;-34,8814103;ATIVO;ATIVO
07/10/2026;06:28:10;2026;04/10/2026;1;PB;20516;JOÃO PESSOA;77;277;Principal;-1;1317;ESCOLA MUNICIPAL PROF. PAULO FREIRE - CJ NOVA TRINDADE;Convencional;RUA PROJETADA Q-1 L-2- CONJ. NOVA TRINDADE;JARDIM VENEZA;58000000;-7,15984067;-34,90976866;ATIVO;ATIVO
07/10/2026;06:28:10;2026;04/10/2026;1;PB;20516;JOÃO PESSOA;77;278;Principal;-1;1112;ESCOLA MUNICIPAL BILÍNGUE DOM JOSÉ MARIA PIRES;Convencional;RUA AMBROSIO RODRIGUES DE SOUZA, S/N;NOVAIS;58090025;-7,14945219;-34,90593578;ATIVO;ATIVO
07/10/2026;06:28:10;2026;04/10/2026;1;PB;20516;JOÃO PESSOA;77;279;Principal;-1;1325;ESCOLA MUNICIPAL PEDRA DO REINO;Convencional;RUA BLUMENAL, S/N;GROTAO;58000000;-7,187148;-34,8825581;ATIVO;ATIVO
07/10/2026;06:28:10;2026;04/10/2026;1;PB;20516;JOÃO PESSOA;77;280;Principal;-1;1554;ESCOLA MUNICIPAL MOEMA TINOCO CUNHA LIMA;Convencional;RUA JOSÉ RODRIGUES DE PAIVA, S/N;GROTAO;58079810;-7,1862229;-34,8809144;ATIVO;ATIVO
07/10/2026;06:28:10;2026;04/10/2026;1;PB;20516;JOÃO PESSOA;77;281;Principal;-1;1180;ESCOLA TÉCNICA MANOEL LISBOA DE MOURA;Convencional;RUA ANTÔNIO CLAUDINO LEAL, S/N;COSTA E SILVA;58080000;-7,1795461;-34,8993867;ATIVO;ATIVO
07/10/2026;06:28:10;2026;04/10/2026;1;PB;20516;JOÃO PESSOA;77;282;Principal;-1;1422;ESCOLA ESTADUAL PROF. PAULO FREIRE;Convencional;R. PROJETADA S/N;JOAO PAULO II;58000000;-7,1780388;-34,8759755;ATIVO;ATIVO
07/10/2026;06:28:10;2026;04/10/2026;1;PB;20516;JOÃO PESSOA;77;283;Principal;-1;1228;ESCOLA MUNICIPAL DE ENSINO FUNDAMENTAL PROF. ANAYDE BEIRIZ;Convencional;RUA CIDADE DE CAJAZEIRAS - CIDADE VERDE;INDUSTRIAS;58000000;-7,17406124;-34,92952111;ATIVO;ATIVO
07/10/2026;06:28:10;2026;04/10/2026;1;PB;20516;JOÃO PESSOA;77;284;Principal;-1;1430;ESCOLA MUNICIPAL DARCY RIBEIRO;Convencional;R. GISONITA PEREIRA DA SILVA, S/N;FUNCIONARIOS II;58000000;-7,177786;-34,8814103;ATIVO;ATIVO
07/10/2026;06:28:10;2026;04/10/2026;1;PB;20516;JOÃO PESSOA;77;285;Principal;-1;1031;ESCOLA EST DE 1 GRAU HENRIQUE DIAS;Convencional;R CARLOS BORROMEU RIBEIRO S/N;ALTO DO MATEUS;58071060;-7,14279096;-34,91341093;ATIVO;ATIVO
07/10/2026;06:28:10;2026;04/10/2026;1;PB;20516;JOÃO PESSOA;77;286;Principal;-1;1139;ESCOLA ESTADUAL LUZIA SIMOES BARTOLINI;Convencional;RADIALISTA GERALDO CAMPOS S/N;JARDIM PLANALTO;58088060;-7,1598442;-34,9008248;ATIVO;ATIVO
07/10/2026;06:28:10;2026;04/10/2026;1;PB;20516;JOÃO PESSOA;77;287;Principal;-1;1112;ESCOLA MUNICIPAL BILÍNGUE DOM JOSÉ MARIA PIRES;Convencional;RUA AMBROSIO RODRIGUES DE SOUZA, S/N;NOVAIS;58090025;-7,14945219;-34,90593578;ATIVO;ATIVO
07/10/2026;06:28:10;2026;04/10/2026;1;PB;20516;JOÃO PESSOA;77;288;Principal;-1;1490;ESCOLA ESTADUAL CONEGO NICODEMOS NEVES;Convencional;PRAÇA LAURO WANDERLEY, S/N;FUNCIONARIOS I;58000000;-7,1602651;-34,8929329;ATIVO;ATIVO
07/10/2026;06:28:10;2026;04/10/2026;1;PB;20516;JOÃO PESSOA;77;289;Principal;-1;1686;CRECHE FABIANA OLIVEIRA LUCENA;Temporário;RUA DAS ALGAROBAS, SN;INDUSTRIAS;58083369;-1;-1;ATIVO;ATIVO
07/10/2026;06:28:10;2026;04/10/2026;1;PB;20516;JOÃO PESSOA;77;290;Principal;-1;1503;EEEF GOVERNADOR ANTONIO MARIZ;Convencional;R. TONI CASSIO RODRIGUES ESTRELA, 32;FUNCIONARIOS III;58079090;-7,181789;-34,8836553;ATIVO;ATIVO
07/10/2026;06:28:10;2026;04/10/2026;1;PB;20516;JOÃO PESSOA;77;291;Principal;-1;1228;ESCOLA MUNICIPAL DE ENSINO FUNDAMENTAL PROF. ANAYDE BEIRIZ;Convencional;RUA CIDADE DE CAJAZEIRAS - CIDADE VERDE;INDUSTRIAS;58000000;-7,17406124;-34,92952111;ATIVO;ATIVO
07/10/2026;06:28:10;2026;04/10/2026;1;PB;20516;JOÃO PESSOA;77;292;Principal;-1;1538;ESC. MUN. LYNALDO C. DE ALBUQUERQUE;Convencional;RUA DA AÇÃO, S/N;INDUSTRIAS;58083000;-7,17859462;-34,9146983;ATIVO;ATIVO
07/10/2026;06:28:10;2026;04/10/2026;1;PB;20516;JOÃO PESSOA;77;293;Principal;-1;1520;COLÉGIO PARTICULAR INTENSIVO;Convencional;RUA JORN. JOSÉ RAMALHO, 306;COSTA E SILVA;58081110;-7,1783849;-34,8969847;ATIVO;ATIVO
07/10/2026;06:28:10;2026;04/10/2026;1;PB;20516;JOÃO PESSOA;77;294;Principal;-1;1422;ESCOLA ESTADUAL PROF. PAULO FREIRE;Convencional;R. PROJETADA S/N;JOAO PAULO II;58000000;-7,1780388;-34,8759755;ATIVO;ATIVO
07/10/2026;06:28:10;2026;04/10/2026;1;PB;20516;JOÃO PESSOA;77;295;Principal;-1;1228;ESCOLA MUNICIPAL DE ENSINO FUNDAMENTAL PROF. ANAYDE BEIRIZ;Convencional;RUA CIDADE DE CAJAZEIRAS - CIDADE VERDE;INDUSTRIAS;58000000;-7,17406124;-34,92952111;ATIVO;ATIVO
07/10/2026;06:28:10;2026;04/10/2026;1;PB;20516;JOÃO PESSOA;77;296;Principal;-1;1422;ESCOLA ESTADUAL PROF. PAULO FREIRE;Convencional;R. PROJETADA S/N;JOAO PAULO II;58000000;-7,1780388;-34,8759755;ATIVO;ATIVO
07/10/2026;06:28:10;2026;04/10/2026;1;PB;20516;JOÃO PESSOA;77;297;Principal;-1;1112;ESCOLA MUNICIPAL BILÍNGUE DOM JOSÉ MARIA PIRES;Convencional;RUA AMBROSIO RODRIGUES DE SOUZA, S/N;NOVAIS;58090025;-7,14945219;-34,90593578;ATIVO;ATIVO
07/10/2026;06:28:10;2026;04/10/2026;1;PB;20516;JOÃO PESSOA;77;298;Principal;-1;1228;ESCOLA MUNICIPAL DE ENSINO FUNDAMENTAL PROF. ANAYDE BEIRIZ;Convencional;RUA CIDADE DE CAJAZEIRAS - CIDADE VERDE;INDUSTRIAS;58000000;-7,17406124;-34,92952111;ATIVO;ATIVO
07/10/2026;06:28:10;2026;04/10/2026;1;PB;20516;JOÃO PESSOA;77;299;Principal;-1;1058;ESCOLA MUNICIPAL LUIZA LIMA LOBO;Convencional;CARTEIRO FRANCISCO INACIO DO REGO FILHO S/N;ALTO DO MATEUS;58090570;-7,1371291;-34,91412507;ATIVO;ATIVO
07/10/2026;06:28:10;2026;04/10/2026;1;PB;20516;JOÃO PESSOA;77;300;Principal;-1;1490;ESCOLA ESTADUAL CONEGO NICODEMOS NEVES;Convencional;PRAÇA LAURO WANDERLEY, S/N;FUNCIONARIOS I;58000000;-7,1602651;-34,8929329;ATIVO;ATIVO
07/10/2026;06:28:10;2026;04/10/2026;1;PB;20516;JOÃO PESSOA;77;301;Principal;-1;1538;ESC. MUN. LYNALDO C. DE ALBUQUERQUE;Convencional;RUA DA AÇÃO, S/N;INDUSTRIAS;58083000;-7,17859462;-34,9146983;ATIVO;ATIVO
07/10/2026;06:28:10;2026;04/10/2026;1;PB;20516;JOÃO PESSOA;77;303;Principal;-1;1228;ESCOLA MUNICIPAL DE ENSINO FUNDAMENTAL PROF. ANAYDE BEIRIZ;Convencional;RUA CIDADE DE CAJAZEIRAS - CIDADE VERDE;INDUSTRIAS;58000000;-7,17406124;-34,92952111;ATIVO;ATIVO
07/10/2026;06:28:10;2026;04/10/2026;1;PB;20516;JOÃO PESSOA;77;304;Principal;-1;1171;ESCOLA ESTADUAL DE 1 GRAU DEBORA DUARTE;Convencional;RUA ADRISIO MOTA DE SOUZA S/N;FUNCIONARIOS II;58000000;-7,1780469;-34,8884993;ATIVO;ATIVO
07/10/2026;06:28:10;2026;04/10/2026;1;PB;20516;JOÃO PESSOA;77;305;Principal;-1;1244;ESCOLA ESTADUAL DE 1 GRAU JOAQUIM NABUCO;Convencional;LOTEAMENTO GAUCHINHA, S/N FONE 233-1856;COSTA E SILVA;58000000;-7,1740052;-34,895282;ATIVO;ATIVO
07/10/2026;06:28:10;2026;04/10/2026;1;PB;20516;JOÃO PESSOA;77;306;Principal;-1;1155;ESCOLA MUNICIPAL CASTRO ALVES;Convencional;RUA MANOEL GUERRA;FUNCIONARIOS I;00000000;-7,1591617;-34,8945407;ATIVO;ATIVO
07/10/2026;06:28:10;2026;04/10/2026;1;PB;20516;JOÃO PESSOA;77;307;Principal;-1;1228;ESCOLA MUNICIPAL DE ENSINO FUNDAMENTAL PROF. ANAYDE BEIRIZ;Convencional;RUA CIDADE DE CAJAZEIRAS - CIDADE VERDE;INDUSTRIAS;58000000;-7,17406124;-34,92952111;ATIVO;ATIVO
07/10/2026;06:28:10;2026;04/10/2026;1;PB;20516;JOÃO PESSOA;77;308;Principal;-1;1171;ESCOLA ESTADUAL DE 1 GRAU DEBORA DUARTE;Convencional;RUA ADRISIO MOTA DE SOUZA S/N;FUNCIONARIOS II;58000000;-7,1780469;-34,8884993;ATIVO;ATIVO
07/10/2026;06:28:10;2026;04/10/2026;1;PB;20516;JOÃO PESSOA;77;309;Principal;-1;1180;ESCOLA TÉCNICA MANOEL LISBOA DE MOURA;Convencional;RUA ANTÔNIO CLAUDINO LEAL, S/N;COSTA E SILVA;58080000;-7,1795461;-34,8993867;ATIVO;ATIVO
07/10/2026;06:28:10;2026;04/10/2026;1;PB;20516;JOÃO PESSOA;77;310;Principal;-1;1686;CRECHE FABIANA OLIVEIRA LUCENA;Temporário;RUA DAS ALGAROBAS, SN;INDUSTRIAS;58083369;-1;-1;ATIVO;ATIVO
07/10/2026;06:28:10;2026;04/10/2026;1;PB;20516;JOÃO PESSOA;77;311;Principal;-1;1228;ESCOLA MUNICIPAL DE ENSINO FUNDAMENTAL PROF. ANAYDE BEIRIZ;Convencional;RUA CIDADE DE CAJAZEIRAS - CIDADE VERDE;INDUSTRIAS;58000000;-7,17406124;-34,92952111;ATIVO;ATIVO
07/10/2026;06:28:10;2026;04/10/2026;1;PB;20516;JOÃO PESSOA;77;312;Principal;-1;1538;ESC. MUN. LYNALDO C. DE ALBUQUERQUE;Convencional;RUA DA AÇÃO, S/N;INDUSTRIAS;58083000;-7,17859462;-34,9146983;ATIVO;ATIVO
07/10/2026;06:28:10;2026;04/10/2026;1;PB;20516;JOÃO PESSOA;77;313;Principal;-1;1171;ESCOLA ESTADUAL DE 1 GRAU DEBORA DUARTE;Convencional;RUA ADRISIO MOTA DE SOUZA S/N;FUNCIONARIOS II;58000000;-7,1780469;-34,8884993;ATIVO;ATIVO
07/10/2026;06:28:10;2026;04/10/2026;1;PB;20516;JOÃO PESSOA;77;314;Principal;-1;1295;ESCOLA MUNICIPAL CELSO MONTEIRO FURTADO;Convencional;RUA MARIA CARNEIRO DOS SANTOS, 50;JOAO PAULO II;58076700;-7,1736298;-34,8810546;ATIVO;ATIVO
07/10/2026;06:28:10;2026;04/10/2026;1;PB;20516;JOÃO PESSOA;77;315;Principal;-1;1384;ESC. MUN. CANTALICE LEITE MAGALHÃES;Convencional;RUA MANUEL DE PAULA MAGALHÃES, 57;INDUSTRIAS;58000000;-7,17510475;-34,91983799;ATIVO;ATIVO
07/10/2026;06:28:10;2026;04/10/2026;1;PB;20516;JOÃO PESSOA;77;316;Principal;-1;1210;ESCOLA MUNICIPAL DUQUE DE CAXIAS;Convencional;RUA GRACILIANO DELGADO, 284;COSTA E SILVA;00000000;-7,1798053;-34,8977041;ATIVO;ATIVO
07/10/2026;06:28:10;2026;04/10/2026;1;PB;20516;JOÃO PESSOA;77;317;Principal;-1;1538;ESC. MUN. LYNALDO C. DE ALBUQUERQUE;Convencional;RUA DA AÇÃO, S/N;INDUSTRIAS;58083000;-7,17859462;-34,9146983;ATIVO;ATIVO
07/10/2026;06:28:10;2026;04/10/2026;1;PB;20516;JOÃO PESSOA;77;318;Principal;-1;1384;ESC. MUN. CANTALICE LEITE MAGALHÃES;Convencional;RUA MANUEL DE PAULA MAGALHÃES, 57;INDUSTRIAS;58000000;-7,17510475;-34,91983799;ATIVO;ATIVO
07/10/2026;06:28:10;2026;04/10/2026;1;PB;20516;JOÃO PESSOA;77;320;Principal;-1;1295;ESCOLA MUNICIPAL CELSO MONTEIRO FURTADO;Convencional;RUA MARIA CARNEIRO DOS SANTOS, 50;JOAO PAULO II;58076700;-7,1736298;-34,8810546;ATIVO;ATIVO
07/10/2026;06:28:10;2026;04/10/2026;1;PB;20516;JOÃO PESSOA;77;321;Principal;-1;1538;ESC. MUN. LYNALDO C. DE ALBUQUERQUE;Convencional;RUA DA AÇÃO, S/N;INDUSTRIAS;58083000;-7,17859462;-34,9146983;ATIVO;ATIVO
07/10/2026;06:28:10;2026;04/10/2026;1;PB;20516;JOÃO PESSOA;77;322;Principal;-1;1287;ESCOLA MUNICIPAL CENTENARIO PRESIDENTE JOAO PESSOA;Convencional;RUA MARTIM LUTERO 520;JARDIM VENEZA;00000000;-7,16784007;-34,90788742;ATIVO;ATIVO
07/10/2026;06:28:10;2026;04/10/2026;1;PB;20516;JOÃO PESSOA;77;323;Principal;-1;1228;ESCOLA MUNICIPAL DE ENSINO FUNDAMENTAL PROF. ANAYDE BEIRIZ;Convencional;RUA CIDADE DE CAJAZEIRAS - CIDADE VERDE;INDUSTRIAS;58000000;-7,17406124;-34,92952111;ATIVO;ATIVO
07/10/2026;06:28:10;2026;04/10/2026;1;PB;20516;JOÃO PESSOA;77;324;Principal;-1;1422;ESCOLA ESTADUAL PROF. PAULO FREIRE;Convencional;R. PROJETADA S/N;JOAO PAULO II;58000000;-7,1780388;-34,8759755;ATIVO;ATIVO
07/10/2026;06:28:10;2026;04/10/2026;1;PB;20516;JOÃO PESSOA;77;326;Principal;-1;1503;EEEF GOVERNADOR ANTONIO MARIZ;Convencional;R. TONI CASSIO RODRIGUES ESTRELA, 32;FUNCIONARIOS III;58079090;-7,181789;-34,8836553;ATIVO;ATIVO
07/10/2026;06:28:10;2026;04/10/2026;1;PB;20516;JOÃO PESSOA;77;327;Principal;-1;1686;CRECHE FABIANA OLIVEIRA LUCENA;Temporário;RUA DAS ALGAROBAS, SN;INDUSTRIAS;58083369;-1;-1;ATIVO;ATIVO
07/10/2026;06:28:10;2026;04/10/2026;1;PB;20516;JOÃO PESSOA;77;328;Principal;-1;1562;FACENE;Convencional;AV FREI GALVÃO, 12, GRAMAME;GRAMAME;58000000;-7,2053935;-34,8575903;ATIVO;ATIVO
07/10/2026;06:28:10;2026;04/10/2026;1;PB;20516;JOÃO PESSOA;77;329;Principal;-1;1562;FACENE;Convencional;AV FREI GALVÃO, 12, GRAMAME;GRAMAME;58000000;-7,2053935;-34,8575903;ATIVO;ATIVO
07/10/2026;06:28:10;2026;04/10/2026;1;PB;20516;JOÃO PESSOA;77;330;Principal;-1;1562;FACENE;Convencional;AV FREI GALVÃO, 12, GRAMAME;GRAMAME;58000000;-7,2053935;-34,8575903;ATIVO;ATIVO
07/10/2026;06:28:10;2026;04/10/2026;1;PB;20516;JOÃO PESSOA;77;331;Principal;-1;1562;FACENE;Convencional;AV FREI GALVÃO, 12, GRAMAME;GRAMAME;58000000;-7,2053935;-34,8575903;ATIVO;ATIVO
07/10/2026;06:28:10;2026;04/10/2026;1;PB;20516;JOÃO PESSOA;77;332;Principal;-1;1562;FACENE;Convencional;AV FREI GALVÃO, 12, GRAMAME;GRAMAME;58000000;-7,2053935;-34,8575903;ATIVO;ATIVO
07/10/2026;06:28:10;2026;04/10/2026;1;PB;20516;JOÃO PESSOA;77;333;Principal;-1;1562;FACENE;Convencional;AV FREI GALVÃO, 12, GRAMAME;GRAMAME;58000000;-7,2053935;-34,8575903;ATIVO;ATIVO
07/10/2026;06:28:10;2026;04/10/2026;1;PB;20516;JOÃO PESSOA;77;334;Principal;-1;1562;FACENE;Convencional;AV FREI GALVÃO, 12, GRAMAME;GRAMAME;58000000;-7,2053935;-34,8575903;ATIVO;ATIVO
07/10/2026;06:28:10;2026;04/10/2026;1;PB;20516;JOÃO PESSOA;77;335;Principal;-1;1562;FACENE;Convencional;AV FREI GALVÃO, 12, GRAMAME;GRAMAME;58000000;-7,2053935;-34,8575903;ATIVO;ATIVO
07/10/2026;06:28:10;2026;04/10/2026;1;PB;20516;JOÃO PESSOA;77;336;Principal;-1;1562;FACENE;Convencional;AV FREI GALVÃO, 12, GRAMAME;GRAMAME;58000000;-7,2053935;-34,8575903;ATIVO;ATIVO
07/10/2026;06:28:10;2026;04/10/2026;1;PB;20516;JOÃO PESSOA;77;337;Principal;-1;1562;FACENE;Convencional;AV FREI GALVÃO, 12, GRAMAME;GRAMAME;58000000;-7,2053935;-34,8575903;ATIVO;ATIVO
07/10/2026;06:28:10;2026;04/10/2026;1;PB;20516;JOÃO PESSOA;77;338;Principal;-1;1562;FACENE;Convencional;AV FREI GALVÃO, 12, GRAMAME;GRAMAME;58000000;-7,2053935;-34,8575903;ATIVO;ATIVO
07/10/2026;06:28:10;2026;04/10/2026;1;PB;20516;JOÃO PESSOA;77;339;Principal;-1;1562;FACENE;Convencional;AV FREI GALVÃO, 12, GRAMAME;GRAMAME;58000000;-7,2053935;-34,8575903;ATIVO;ATIVO
07/10/2026;06:28:10;2026;04/10/2026;1;PB;20516;JOÃO PESSOA;77;340;Principal;-1;1570;ESCOLA PROFESSORA ANTONIA SOCORRO SILVA MACHADO;Convencional;AVENIDA ABELARDO JUREMA, 277, RODOVIA PB 008;PARATIBE;58000000;-7,2120022;-34,8301042;ATIVO;ATIVO
07/10/2026;06:28:10;2026;04/10/2026;1;PB;20516;JOÃO PESSOA;77;341;Principal;-1;1570;ESCOLA PROFESSORA ANTONIA SOCORRO SILVA MACHADO;Convencional;AVENIDA ABELARDO JUREMA, 277, RODOVIA PB 008;PARATIBE;58000000;-7,2120022;-34,8301042;ATIVO;ATIVO
07/10/2026;06:28:10;2026;04/10/2026;1;PB;20516;JOÃO PESSOA;77;342;Principal;-1;1570;ESCOLA PROFESSORA ANTONIA SOCORRO SILVA MACHADO;Convencional;AVENIDA ABELARDO JUREMA, 277, RODOVIA PB 008;PARATIBE;58000000;-7,2120022;-34,8301042;ATIVO;ATIVO
07/10/2026;06:28:10;2026;04/10/2026;1;PB;20516;JOÃO PESSOA;77;343;Principal;-1;1570;ESCOLA PROFESSORA ANTONIA SOCORRO SILVA MACHADO;Convencional;AVENIDA ABELARDO JUREMA, 277, RODOVIA PB 008;PARATIBE;58000000;-7,2120022;-34,8301042;ATIVO;ATIVO
07/10/2026;06:28:10;2026;04/10/2026;1;PB;20516;JOÃO PESSOA;77;344;Principal;-1;1570;ESCOLA PROFESSORA ANTONIA SOCORRO SILVA MACHADO;Convencional;AVENIDA ABELARDO JUREMA, 277, RODOVIA PB 008;PARATIBE;58000000;-7,2120022;-34,8301042;ATIVO;ATIVO
07/10/2026;06:28:10;2026;04/10/2026;1;PB;20516;JOÃO PESSOA;77;345;Principal;-1;1589;ESCOLA ESTADUAL CINEASTA LINDUARTE NORONHA;Convencional;R. ANTÔNIO FERNANDES, S/N;GRAMAME;58069325;-7,1951536;-34,8807667;ATIVO;ATIVO
07/10/2026;06:28:10;2026;04/10/2026;1;PB;20516;JOÃO PESSOA;77;346;Principal;-1;1589;ESCOLA ESTADUAL CINEASTA LINDUARTE NORONHA;Convencional;R. ANTÔNIO FERNANDES, S/N;GRAMAME;58069325;-7,1951536;-34,8807667;ATIVO;ATIVO
07/10/2026;06:28:10;2026;04/10/2026;1;PB;20516;JOÃO PESSOA;77;347;Principal;-1;1589;ESCOLA ESTADUAL CINEASTA LINDUARTE NORONHA;Convencional;R. ANTÔNIO FERNANDES, S/N;GRAMAME;58069325;-7,1951536;-34,8807667;ATIVO;ATIVO
07/10/2026;06:28:10;2026;04/10/2026;1;PB;20516;JOÃO PESSOA;77;348;Principal;-1;1589;ESCOLA ESTADUAL CINEASTA LINDUARTE NORONHA;Convencional;R. ANTÔNIO FERNANDES, S/N;GRAMAME;58069325;-7,1951536;-34,8807667;ATIVO;ATIVO
07/10/2026;06:28:10;2026;04/10/2026;1;PB;20516;JOÃO PESSOA;77;349;Principal;-1;1597;ESCOLA MUNICIPAL DE ENS. FUND. JORNALISTA RAIMUNDO NONATO BATISTA;Convencional;RUA JOAQUIM MONTEIRO DA FRANCA, S/N - CONJUNTO GERVÁSIO MAIA;GRAMAME;58000000;-7,1990009;-34,884655;ATIVO;ATIVO
07/10/2026;06:28:10;2026;04/10/2026;1;PB;20516;JOÃO PESSOA;77;350;Principal;-1;1597;ESCOLA MUNICIPAL DE ENS. FUND. JORNALISTA RAIMUNDO NONATO BATISTA;Convencional;RUA JOAQUIM MONTEIRO DA FRANCA, S/N - CONJUNTO GERVÁSIO MAIA;GRAMAME;58000000;-7,1990009;-34,884655;ATIVO;ATIVO
07/10/2026;06:28:10;2026;04/10/2026;1;PB;20516;JOÃO PESSOA;77;351;Principal;-1;1597;ESCOLA MUNICIPAL DE ENS. FUND. JORNALISTA RAIMUNDO NONATO BATISTA;Convencional;RUA JOAQUIM MONTEIRO DA FRANCA, S/N - CONJUNTO GERVÁSIO MAIA;GRAMAME;58000000;-7,1990009;-34,884655;ATIVO;ATIVO
07/10/2026;06:28:10;2026;04/10/2026;1;PB;20516;JOÃO PESSOA;77;352;Principal;-1;1597;ESCOLA MUNICIPAL DE ENS. FUND. JORNALISTA RAIMUNDO NONATO BATISTA;Convencional;RUA JOAQUIM MONTEIRO DA FRANCA, S/N - CONJUNTO GERVÁSIO MAIA;GRAMAME;58000000;-7,1990009;-34,884655;ATIVO;ATIVO
07/10/2026;06:28:10;2026;04/10/2026;1;PB;20516;JOÃO PESSOA;77;353;Principal;-1;1597;ESCOLA MUNICIPAL DE ENS. FUND. JORNALISTA RAIMUNDO NONATO BATISTA;Convencional;RUA JOAQUIM MONTEIRO DA FRANCA, S/N - CONJUNTO GERVÁSIO MAIA;GRAMAME;58000000;-7,1990009;-34,884655;ATIVO;ATIVO
07/10/2026;06:28:10;2026;04/10/2026;1;PB;20516;JOÃO PESSOA;77;354;Principal;-1;1597;ESCOLA MUNICIPAL DE ENS. FUND. JORNALISTA RAIMUNDO NONATO BATISTA;Convencional;RUA JOAQUIM MONTEIRO DA FRANCA, S/N - CONJUNTO GERVÁSIO MAIA;GRAMAME;58000000;-7,1990009;-34,884655;ATIVO;ATIVO
07/10/2026;06:28:10;2026;04/10/2026;1;PB;20516;JOÃO PESSOA;77;355;Principal;-1;1600;ESCOLA MUNICIPAL ANTENOR NAVARRO;Convencional;ESTRADA DE GRAMAME ZONA RURAL;GRAMAME;00000000;-7,202869;-34,884522;ATIVO;ATIVO
07/10/2026;06:28:10;2026;04/10/2026;1;PB;20516;JOÃO PESSOA;77;356;Principal;-1;1600;ESCOLA MUNICIPAL ANTENOR NAVARRO;Convencional;ESTRADA DE GRAMAME ZONA RURAL;GRAMAME;00000000;-7,202869;-34,884522;ATIVO;ATIVO
07/10/2026;06:28:10;2026;04/10/2026;1;PB;20516;JOÃO PESSOA;77;357;Principal;-1;1600;ESCOLA MUNICIPAL ANTENOR NAVARRO;Convencional;ESTRADA DE GRAMAME ZONA RURAL;GRAMAME;00000000;-7,202869;-34,884522;ATIVO;ATIVO
07/10/2026;06:28:10;2026;04/10/2026;1;PB;20516;JOÃO PESSOA;77;358;Principal;-1;1600;ESCOLA MUNICIPAL ANTENOR NAVARRO;Convencional;ESTRADA DE GRAMAME ZONA RURAL;GRAMAME;00000000;-7,202869;-34,884522;ATIVO;ATIVO
07/10/2026;06:28:10;2026;04/10/2026;1;PB;20516;JOÃO PESSOA;77;359;Principal;-1;1600;ESCOLA MUNICIPAL ANTENOR NAVARRO;Convencional;ESTRADA DE GRAMAME ZONA RURAL;GRAMAME;00000000;-7,202869;-34,884522;ATIVO;ATIVO
07/10/2026;06:28:10;2026;04/10/2026;1;PB;20516;JOÃO PESSOA;77;360;Principal;-1;1600;ESCOLA MUNICIPAL ANTENOR NAVARRO;Convencional;ESTRADA DE GRAMAME ZONA RURAL;GRAMAME;00000000;-7,202869;-34,884522;ATIVO;ATIVO
07/10/2026;06:28:10;2026;04/10/2026;1;PB;20516;JOÃO PESSOA;77;361;Principal;-1;1600;ESCOLA MUNICIPAL ANTENOR NAVARRO;Convencional;ESTRADA DE GRAMAME ZONA RURAL;GRAMAME;00000000;-7,202869;-34,884522;ATIVO;ATIVO
07/10/2026;06:28:10;2026;04/10/2026;1;PB;20516;JOÃO PESSOA;77;362;Principal;-1;1600;ESCOLA MUNICIPAL ANTENOR NAVARRO;Convencional;ESTRADA DE GRAMAME ZONA RURAL;GRAMAME;00000000;-7,202869;-34,884522;ATIVO;ATIVO
07/10/2026;06:28:10;2026;04/10/2026;1;PB;20516;JOÃO PESSOA;77;363;Principal;-1;1600;ESCOLA MUNICIPAL ANTENOR NAVARRO;Convencional;ESTRADA DE GRAMAME ZONA RURAL;GRAMAME;00000000;-7,202869;-34,884522;ATIVO;ATIVO
07/10/2026;06:28:10;2026;04/10/2026;1;PB;20516;JOÃO PESSOA;77;364;Principal;-1;1627;ESCOLA MUNICIPAL DOM MARCELO PINTO CARVALHEIRA;Convencional;R. PROFA. MARIA APARECIDA PEREIRA CRUZ - LOT. SONHO MEU II;PARATIBE;58062055;-7,2095982;-34,836267;ATIVO;ATIVO
07/10/2026;06:28:10;2026;04/10/2026;1;PB;20516;JOÃO PESSOA;77;365;Principal;-1;1627;ESCOLA MUNICIPAL DOM MARCELO PINTO CARVALHEIRA;Convencional;R. PROFA. MARIA APARECIDA PEREIRA CRUZ - LOT. SONHO MEU II;PARATIBE;58062055;-7,2095982;-34,836267;ATIVO;ATIVO
07/10/2026;06:28:10;2026;04/10/2026;1;PB;20516;JOÃO PESSOA;77;366;Principal;-1;1627;ESCOLA MUNICIPAL DOM MARCELO PINTO CARVALHEIRA;Convencional;R. PROFA. MARIA APARECIDA PEREIRA CRUZ - LOT. SONHO MEU II;PARATIBE;58062055;-7,2095982;-34,836267;ATIVO;ATIVO
07/10/2026;06:28:10;2026;04/10/2026;1;PB;20516;JOÃO PESSOA;77;367;Principal;-1;1627;ESCOLA MUNICIPAL DOM MARCELO PINTO CARVALHEIRA;Convencional;R. PROFA. MARIA APARECIDA PEREIRA CRUZ - LOT. SONHO MEU II;PARATIBE;58062055;-7,2095982;-34,836267;ATIVO;ATIVO
07/10/2026;06:28:10;2026;04/10/2026;1;PB;20516;JOÃO PESSOA;77;368;Principal;-1;1627;ESCOLA MUNICIPAL DOM MARCELO PINTO CARVALHEIRA;Convencional;R. PROFA. MARIA APARECIDA PEREIRA CRUZ - LOT. SONHO MEU II;PARATIBE;58062055;-7,2095982;-34,836267;ATIVO;ATIVO
07/10/2026;06:28:10;2026;04/10/2026;1;PB;20516;JOÃO PESSOA;77;369;Principal;-1;1627;ESCOLA MUNICIPAL DOM MARCELO PINTO CARVALHEIRA;Convencional;R. PROFA. MARIA APARECIDA PEREIRA CRUZ - LOT. SONHO MEU II;PARATIBE;58062055;-7,2095982;-34,836267;ATIVO;ATIVO
07/10/2026;06:28:10;2026;04/10/2026;1;PB;20516;JOÃO PESSOA;77;370;Principal;-1;1627;ESCOLA MUNICIPAL DOM MARCELO PINTO CARVALHEIRA;Convencional;R. PROFA. MARIA APARECIDA PEREIRA CRUZ - LOT. SONHO MEU II;PARATIBE;58062055;-7,2095982;-34,836267;ATIVO;ATIVO
07/10/2026;06:28:10;2026;04/10/2026;1;PB;20516;JOÃO PESSOA;77;371;Principal;-1;1600;ESCOLA MUNICIPAL ANTENOR NAVARRO;Convencional;ESTRADA DE GRAMAME ZONA RURAL;GRAMAME;00000000;-7,202869;-34,884522;ATIVO;ATIVO
07/10/2026;06:28:10;2026;04/10/2026;1;PB;20516;JOÃO PESSOA;77;372;Principal;-1;1430;ESCOLA MUNICIPAL DARCY RIBEIRO;Convencional;R. GISONITA PEREIRA DA SILVA, S/N;FUNCIONARIOS II;58000000;-7,177786;-34,8814103;ATIVO;ATIVO
07/10/2026;06:28:10;2026;04/10/2026;1;PB;20516;JOÃO PESSOA;77;373;Principal;-1;1350;ESCOLA MUNICIPAL JOAO MONTEIRO DA FRANCA;Convencional;RUA JOSE VIEIRA DINIZ 66;CONJUNTO JOSE VIEIRA DINIZ;00000000;-7,17101988;-34,9131812;ATIVO;ATIVO
07/10/2026;06:28:10;2026;04/10/2026;1;PB;20516;JOÃO PESSOA;77;374;Principal;-1;1228;ESCOLA MUNICIPAL DE ENSINO FUNDAMENTAL PROF. ANAYDE BEIRIZ;Convencional;RUA CIDADE DE CAJAZEIRAS - CIDADE VERDE;INDUSTRIAS;58000000;-7,17406124;-34,92952111;ATIVO;ATIVO
07/10/2026;06:28:10;2026;04/10/2026;1;PB;20516;JOÃO PESSOA;77;375;Principal;-1;1562;FACENE;Convencional;AV FREI GALVÃO, 12, GRAMAME;GRAMAME;58000000;-7,2053935;-34,8575903;ATIVO;ATIVO
07/10/2026;06:28:10;2026;04/10/2026;1;PB;20516;JOÃO PESSOA;77;376;Principal;-1;1627;ESCOLA MUNICIPAL DOM MARCELO PINTO CARVALHEIRA;Convencional;R. PROFA. MARIA APARECIDA PEREIRA CRUZ - LOT. SONHO MEU II;PARATIBE;58062055;-7,2095982;-34,836267;ATIVO;ATIVO
07/10/2026;06:28:10;2026;04/10/2026;1;PB;20516;JOÃO PESSOA;77;377;Principal;-1;1570;ESCOLA PROFESSORA ANTONIA SOCORRO SILVA MACHADO;Convencional;AVENIDA ABELARDO JUREMA, 277, RODOVIA PB 008;PARATIBE;58000000;-7,2120022;-34,8301042;ATIVO;ATIVO
07/10/2026;06:28:10;2026;04/10/2026;1;PB;20516;JOÃO PESSOA;77;378;Principal;-1;1562;FACENE;Convencional;AV FREI GALVÃO, 12, GRAMAME;GRAMAME;58000000;-7,2053935;-34,8575903;ATIVO;ATIVO
07/10/2026;06:28:10;2026;04/10/2026;1;PB;20516;JOÃO PESSOA;77;379;Principal;-1;1600;ESCOLA MUNICIPAL ANTENOR NAVARRO;Convencional;ESTRADA DE GRAMAME ZONA RURAL;GRAMAME;00000000;-7,202869;-34,884522;ATIVO;ATIVO
07/10/2026;06:28:10;2026;04/10/2026;1;PB;20516;JOÃO PESSOA;77;380;Principal;-1;1597;ESCOLA MUNICIPAL DE ENS. FUND. JORNALISTA RAIMUNDO NONATO BATISTA;Convencional;RUA JOAQUIM MONTEIRO DA FRANCA, S/N - CONJUNTO GERVÁSIO MAIA;GRAMAME;58000000;-7,1990009;-34,884655;ATIVO;ATIVO
07/10/2026;06:28:10;2026;04/10/2026;1;PB;20516;JOÃO PESSOA;77;381;Principal;-1;1562;FACENE;Convencional;AV FREI GALVÃO, 12, GRAMAME;GRAMAME;58000000;-7,2053935;-34,8575903;ATIVO;ATIVO
07/10/2026;06:28:10;2026;04/10/2026;1;PB;20516;JOÃO PESSOA;77;382;Principal;-1;1570;ESCOLA PROFESSORA ANTONIA SOCORRO SILVA MACHADO;Convencional;AVENIDA ABELARDO JUREMA, 277, RODOVIA PB 008;PARATIBE;58000000;-7,2120022;-34,8301042;ATIVO;ATIVO
07/10/2026;06:28:10;2026;04/10/2026;1;PB;20516;JOÃO PESSOA;77;383;Principal;-1;1589;ESCOLA ESTADUAL CINEASTA LINDUARTE NORONHA;Convencional;R. ANTÔNIO FERNANDES, S/N;GRAMAME;58069325;-7,1951536;-34,8807667;ATIVO;ATIVO
07/10/2026;06:28:10;2026;04/10/2026;1;PB;20516;JOÃO PESSOA;77;385;Principal;-1;1562;FACENE;Convencional;AV FREI GALVÃO, 12, GRAMAME;GRAMAME;58000000;-7,2053935;-34,8575903;ATIVO;ATIVO
07/10/2026;06:28:10;2026;04/10/2026;1;PB;20516;JOÃO PESSOA;77;386;Principal;-1;1228;ESCOLA MUNICIPAL DE ENSINO FUNDAMENTAL PROF. ANAYDE BEIRIZ;Convencional;RUA CIDADE DE CAJAZEIRAS - CIDADE VERDE;INDUSTRIAS;58000000;-7,17406124;-34,92952111;ATIVO;ATIVO
07/10/2026;06:28:10;2026;04/10/2026;1;PB;20516;JOÃO PESSOA;77;387;Principal;-1;1562;FACENE;Convencional;AV FREI GALVÃO, 12, GRAMAME;GRAMAME;58000000;-7,2053935;-34,8575903;ATIVO;ATIVO
07/10/2026;06:28:10;2026;04/10/2026;1;PB;20516;JOÃO PESSOA;77;388;Principal;-1;1600;ESCOLA MUNICIPAL ANTENOR NAVARRO;Convencional;ESTRADA DE GRAMAME ZONA RURAL;GRAMAME;00000000;-7,202869;-34,884522;ATIVO;ATIVO
07/10/2026;06:28:10;2026;04/10/2026;1;PB;20516;JOÃO PESSOA;77;389;Principal;-1;1287;ESCOLA MUNICIPAL CENTENARIO PRESIDENTE JOAO PESSOA;Convencional;RUA MARTIM LUTERO 520;JARDIM VENEZA;00000000;-7,16784007;-34,90788742;ATIVO;ATIVO
07/10/2026;06:28:10;2026;04/10/2026;1;PB;20516;JOÃO PESSOA;77;390;Principal;-1;1627;ESCOLA MUNICIPAL DOM MARCELO PINTO CARVALHEIRA;Convencional;R. PROFA. MARIA APARECIDA PEREIRA CRUZ - LOT. SONHO MEU II;PARATIBE;58062055;-7,2095982;-34,836267;ATIVO;ATIVO
07/10/2026;06:28:10;2026;04/10/2026;1;PB;20516;JOÃO PESSOA;77;391;Principal;-1;1562;FACENE;Convencional;AV FREI GALVÃO, 12, GRAMAME;GRAMAME;58000000;-7,2053935;-34,8575903;ATIVO;ATIVO
07/10/2026;06:28:10;2026;04/10/2026;1;PB;20516;JOÃO PESSOA;77;392;Principal;-1;1562;FACENE;Convencional;AV FREI GALVÃO, 12, GRAMAME;GRAMAME;58000000;-7,2053935;-34,8575903;ATIVO;ATIVO
07/10/2026;06:28:10;2026;04/10/2026;1;PB;20516;JOÃO PESSOA;77;393;Principal;-1;1597;ESCOLA MUNICIPAL DE ENS. FUND. JORNALISTA RAIMUNDO NONATO BATISTA;Convencional;RUA JOAQUIM MONTEIRO DA FRANCA, S/N - CONJUNTO GERVÁSIO MAIA;GRAMAME;58000000;-7,1990009;-34,884655;ATIVO;ATIVO
07/10/2026;06:28:10;2026;04/10/2026;1;PB;20516;JOÃO PESSOA;77;394;Principal;-1;1627;ESCOLA MUNICIPAL DOM MARCELO PINTO CARVALHEIRA;Convencional;R. PROFA. MARIA APARECIDA PEREIRA CRUZ - LOT. SONHO MEU II;PARATIBE;58062055;-7,2095982;-34,836267;ATIVO;ATIVO
07/10/2026;06:28:10;2026;04/10/2026;1;PB;20516;JOÃO PESSOA;77;395;Principal;-1;1538;ESC. MUN. LYNALDO C. DE ALBUQUERQUE;Convencional;RUA DA AÇÃO, S/N;INDUSTRIAS;58083000;-7,17859462;-34,9146983;ATIVO;ATIVO
07/10/2026;06:28:10;2026;04/10/2026;1;PB;20516;JOÃO PESSOA;77;396;Principal;-1;1228;ESCOLA MUNICIPAL DE ENSINO FUNDAMENTAL PROF. ANAYDE BEIRIZ;Convencional;RUA CIDADE DE CAJAZEIRAS - CIDADE VERDE;INDUSTRIAS;58000000;-7,17406124;-34,92952111;ATIVO;ATIVO
07/10/2026;06:28:10;2026;04/10/2026;1;PB;20516;JOÃO PESSOA;77;397;Principal;-1;1422;ESCOLA ESTADUAL PROF. PAULO FREIRE;Convencional;R. PROJETADA S/N;JOAO PAULO II;58000000;-7,1780388;-34,8759755;ATIVO;ATIVO
07/10/2026;06:28:10;2026;04/10/2026;1;PB;20516;JOÃO PESSOA;77;398;Principal;-1;1600;ESCOLA MUNICIPAL ANTENOR NAVARRO;Convencional;ESTRADA DE GRAMAME ZONA RURAL;GRAMAME;00000000;-7,202869;-34,884522;ATIVO;ATIVO
07/10/2026;06:28:10;2026;04/10/2026;1;PB;20516;JOÃO PESSOA;77;399;Principal;-1;1562;FACENE;Convencional;AV FREI GALVÃO, 12, GRAMAME;GRAMAME;58000000;-7,2053935;-34,8575903;ATIVO;ATIVO
07/10/2026;06:28:10;2026;04/10/2026;1;PB;20516;JOÃO PESSOA;77;400;Agregada;18;1040;ESCOLA ESTADUAL DE 1.GRAU CLAUDINA M. DE MOURA;Convencional;CARTEIRO FRANCISCO INACIO DO REGO FILHO S/N;ALTO DO MATEUS;58090570;-7,13674835;-34,91394753;ATIVO;ATIVO
07/10/2026;06:28:10;2026;04/10/2026;1;PB;20516;JOÃO PESSOA;77;401;Principal;-1;1589;ESCOLA ESTADUAL CINEASTA LINDUARTE NORONHA;Convencional;R. ANTÔNIO FERNANDES, S/N;GRAMAME;58069325;-7,1951536;-34,8807667;ATIVO;ATIVO
07/10/2026;06:28:10;2026;04/10/2026;1;PB;20516;JOÃO PESSOA;77;402;Principal;-1;1627;ESCOLA MUNICIPAL DOM MARCELO PINTO CARVALHEIRA;Convencional;R. PROFA. MARIA APARECIDA PEREIRA CRUZ - LOT. SONHO MEU II;PARATIBE;58062055;-7,2095982;-34,836267;ATIVO;ATIVO
07/10/2026;06:28:10;2026;04/10/2026;1;PB;20516;JOÃO PESSOA;77;403;Principal;-1;1562;FACENE;Convencional;AV FREI GALVÃO, 12, GRAMAME;GRAMAME;58000000;-7,2053935;-34,8575903;ATIVO;ATIVO
07/10/2026;06:28:10;2026;04/10/2026;1;PB;20516;JOÃO PESSOA;77;404;Principal;-1;1295;ESCOLA MUNICIPAL CELSO MONTEIRO FURTADO;Convencional;RUA MARIA CARNEIRO DOS SANTOS, 50;JOAO PAULO II;58076700;-7,1736298;-34,8810546;ATIVO;ATIVO
07/10/2026;06:28:10;2026;04/10/2026;1;PB;20516;JOÃO PESSOA;77;405;Principal;-1;1350;ESCOLA MUNICIPAL JOAO MONTEIRO DA FRANCA;Convencional;RUA JOSE VIEIRA DINIZ 66;CONJUNTO JOSE VIEIRA DINIZ;00000000;-7,17101988;-34,9131812;ATIVO;ATIVO
07/10/2026;06:28:10;2026;04/10/2026;1;PB;20516;JOÃO PESSOA;77;406;Principal;-1;1066;ESCOLA MUNICIPAL SEVERINO PATRÍCIO;Convencional;ÍNDIO ARARIBÓIA, S/N;ALTO DO MATEUS;58000000;-7,13399738;-34,91295808;ATIVO;ATIVO
07/10/2026;06:28:10;2026;04/10/2026;1;PB;20516;JOÃO PESSOA;77;407;Principal;-1;1562;FACENE;Convencional;AV FREI GALVÃO, 12, GRAMAME;GRAMAME;58000000;-7,2053935;-34,8575903;ATIVO;ATIVO
07/10/2026;06:28:10;2026;04/10/2026;1;PB;20516;JOÃO PESSOA;77;408;Agregada;64;1414;ESCOLA ESTADUAL JOSE DE ALENCAR;Convencional;RUA JOSE FERNANDES DINIZ, S/N - JARDIM GUAÍBA;FUNCIONARIOS I;58000000;-7,16393228;-34,88850784;ATIVO;ATIVO
07/10/2026;06:28:10;2026;04/10/2026;1;PB;20516;JOÃO PESSOA;77;409;Principal;-1;1228;ESCOLA MUNICIPAL DE ENSINO FUNDAMENTAL PROF. ANAYDE BEIRIZ;Convencional;RUA CIDADE DE CAJAZEIRAS - CIDADE VERDE;INDUSTRIAS;58000000;-7,17406124;-34,92952111;ATIVO;ATIVO
07/10/2026;06:28:10;2026;04/10/2026;1;PB;20516;JOÃO PESSOA;77;410;Principal;-1;1643;EMEF DEP FERNANDO PAULO CARRILHO MILANEZ;Convencional;RUA ALBERTO DE MIRANDA HENRIQUE - PERIMETRAL SUL;GRAMAME;58068228;-7,199245;-34,8678;ATIVO;ATIVO
07/10/2026;06:28:10;2026;04/10/2026;1;PB;20516;JOÃO PESSOA;77;411;Principal;-1;1597;ESCOLA MUNICIPAL DE ENS. FUND. JORNALISTA RAIMUNDO NONATO BATISTA;Convencional;RUA JOAQUIM MONTEIRO DA FRANCA, S/N - CONJUNTO GERVÁSIO MAIA;GRAMAME;58000000;-7,1990009;-34,884655;ATIVO;ATIVO
07/10/2026;06:28:10;2026;04/10/2026;1;PB;20516;JOÃO PESSOA;77;412;Principal;-1;1562;FACENE;Convencional;AV FREI GALVÃO, 12, GRAMAME;GRAMAME;58000000;-7,2053935;-34,8575903;ATIVO;ATIVO
07/10/2026;06:28:10;2026;04/10/2026;1;PB;20516;JOÃO PESSOA;77;413;Agregada;77;1635;EMEF EUCLIDES DA CUNHA - PRÓX. AO USF;Convencional;RUA VALÊNCIO LINS DE MENDONÇA, 37;JARDIM PLANALTO;58088110;-7,1572937;-34,9004888;ATIVO;ATIVO
07/10/2026;06:28:10;2026;04/10/2026;1;PB;20516;JOÃO PESSOA;77;414;Principal;-1;1651;ESCOLA MUNICIPAL ANTONIA LUCIA NAVARRO BRAGA - LUCIA BRAGA;Convencional;RUA ATHAYDE CARNEIRO DE ARAÚJO, 958, VISTA ALEGRE;GRAMAME;58079780;-7,191961;-34,8881123;ATIVO;ATIVO
07/10/2026;06:28:10;2026;04/10/2026;1;PB;20516;JOÃO PESSOA;77;415;Principal;-1;1651;ESCOLA MUNICIPAL ANTONIA LUCIA NAVARRO BRAGA - LUCIA BRAGA;Convencional;RUA ATHAYDE CARNEIRO DE ARAÚJO, 958, VISTA ALEGRE;GRAMAME;58079780;-7,191961;-34,8881123;ATIVO;ATIVO
07/10/2026;06:28:10;2026;04/10/2026;1;PB;20516;JOÃO PESSOA;77;416;Principal;-1;1287;ESCOLA MUNICIPAL CENTENARIO PRESIDENTE JOAO PESSOA;Convencional;RUA MARTIM LUTERO 520;JARDIM VENEZA;00000000;-7,16784007;-34,90788742;ATIVO;ATIVO
07/10/2026;06:28:10;2026;04/10/2026;1;PB;20516;JOÃO PESSOA;77;417;Principal;-1;1600;ESCOLA MUNICIPAL ANTENOR NAVARRO;Convencional;ESTRADA DE GRAMAME ZONA RURAL;GRAMAME;00000000;-7,202869;-34,884522;ATIVO;ATIVO
07/10/2026;06:28:10;2026;04/10/2026;1;PB;20516;JOÃO PESSOA;77;418;Principal;-1;1643;EMEF DEP FERNANDO PAULO CARRILHO MILANEZ;Convencional;RUA ALBERTO DE MIRANDA HENRIQUE - PERIMETRAL SUL;GRAMAME;58068228;-7,199245;-34,8678;ATIVO;ATIVO
07/10/2026;06:28:10;2026;04/10/2026;1;PB;20516;JOÃO PESSOA;77;419;Principal;-1;1228;ESCOLA MUNICIPAL DE ENSINO FUNDAMENTAL PROF. ANAYDE BEIRIZ;Convencional;RUA CIDADE DE CAJAZEIRAS - CIDADE VERDE;INDUSTRIAS;58000000;-7,17406124;-34,92952111;ATIVO;ATIVO
07/10/2026;06:28:10;2026;04/10/2026;1;PB;20516;JOÃO PESSOA;77;420;Principal;-1;1660;COLÉGIO INA;Convencional;AV LOURIVAL BEZERRA DOS SANTOS, 10;GRAMAME;58000000;-7,2118816;-34,8420966;ATIVO;ATIVO
07/10/2026;06:28:10;2026;04/10/2026;1;PB;20516;JOÃO PESSOA;77;421;Principal;-1;1538;ESC. MUN. LYNALDO C. DE ALBUQUERQUE;Convencional;RUA DA AÇÃO, S/N;INDUSTRIAS;58083000;-7,17859462;-34,9146983;ATIVO;ATIVO
07/10/2026;06:28:10;2026;04/10/2026;1;PB;20516;JOÃO PESSOA;77;422;Principal;-1;1660;COLÉGIO INA;Convencional;AV LOURIVAL BEZERRA DOS SANTOS, 10;GRAMAME;58000000;-7,2118816;-34,8420966;ATIVO;ATIVO
07/10/2026;06:28:10;2026;04/10/2026;1;PB;20516;JOÃO PESSOA;77;423;Principal;-1;1643;EMEF DEP FERNANDO PAULO CARRILHO MILANEZ;Convencional;RUA ALBERTO DE MIRANDA HENRIQUE - PERIMETRAL SUL;GRAMAME;58068228;-7,199245;-34,8678;ATIVO;ATIVO
07/10/2026;06:28:10;2026;04/10/2026;1;PB;20516;JOÃO PESSOA;77;424;Principal;-1;1422;ESCOLA ESTADUAL PROF. PAULO FREIRE;Convencional;R. PROJETADA S/N;JOAO PAULO II;58000000;-7,1780388;-34,8759755;ATIVO;ATIVO
07/10/2026;06:28:10;2026;04/10/2026;1;PB;20516;JOÃO PESSOA;77;425;Principal;-1;1660;COLÉGIO INA;Convencional;AV LOURIVAL BEZERRA DOS SANTOS, 10;GRAMAME;58000000;-7,2118816;-34,8420966;ATIVO;ATIVO
07/10/2026;06:28:10;2026;04/10/2026;1;PB;20516;JOÃO PESSOA;77;426;Principal;-1;1350;ESCOLA MUNICIPAL JOAO MONTEIRO DA FRANCA;Convencional;RUA JOSE VIEIRA DINIZ 66;CONJUNTO JOSE VIEIRA DINIZ;00000000;-7,17101988;-34,9131812;ATIVO;ATIVO
07/10/2026;06:28:10;2026;04/10/2026;1;PB;20516;JOÃO PESSOA;77;427;Principal;-1;1678;EMEF ANISIO TEIXEIRA;Convencional;RUA LOURENÇO CESAR, 369;ESPLANADA I;58080000;-7,1701103;-34,8884182;ATIVO;ATIVO
07/10/2026;06:28:10;2026;04/10/2026;1;PB;20516;JOÃO PESSOA;77;428;Principal;-1;1660;COLÉGIO INA;Convencional;AV LOURIVAL BEZERRA DOS SANTOS, 10;GRAMAME;58000000;-7,2118816;-34,8420966;ATIVO;ATIVO
07/10/2026;06:28:10;2026;04/10/2026;1;PB;20516;JOÃO PESSOA;77;429;Principal;-1;1643;EMEF DEP FERNANDO PAULO CARRILHO MILANEZ;Convencional;RUA ALBERTO DE MIRANDA HENRIQUE - PERIMETRAL SUL;GRAMAME;58068228;-7,199245;-34,8678;ATIVO;ATIVO
07/10/2026;06:28:10;2026;04/10/2026;1;PB;20516;JOÃO PESSOA;77;430;Principal;-1;1228;ESCOLA MUNICIPAL DE ENSINO FUNDAMENTAL PROF. ANAYDE BEIRIZ;Convencional;RUA CIDADE DE CAJAZEIRAS - CIDADE VERDE;INDUSTRIAS;58000000;-7,17406124;-34,92952111;ATIVO;ATIVO
07/10/2026;06:28:10;2026;04/10/2026;1;PB;20516;JOÃO PESSOA;77;431;Principal;-1;1660;COLÉGIO INA;Convencional;AV LOURIVAL BEZERRA DOS SANTOS, 10;GRAMAME;58000000;-7,2118816;-34,8420966;ATIVO;ATIVO
07/10/2026;06:28:10;2026;04/10/2026;1;PB;20516;JOÃO PESSOA;77;432;Principal;-1;1660;COLÉGIO INA;Convencional;AV LOURIVAL BEZERRA DOS SANTOS, 10;GRAMAME;58000000;-7,2118816;-34,8420966;ATIVO;ATIVO
07/10/2026;06:28:10;2026;04/10/2026;1;PB;20516;JOÃO PESSOA;77;433;Principal;-1;1570;ESCOLA PROFESSORA ANTONIA SOCORRO SILVA MACHADO;Convencional;AVENIDA ABELARDO JUREMA, 277, RODOVIA PB 008;PARATIBE;58000000;-7,2120022;-34,8301042;ATIVO;ATIVO
07/10/2026;06:28:10;2026;04/10/2026;1;PB;20516;JOÃO PESSOA;77;434;Principal;-1;1643;EMEF DEP FERNANDO PAULO CARRILHO MILANEZ;Convencional;RUA ALBERTO DE MIRANDA HENRIQUE - PERIMETRAL SUL;GRAMAME;58068228;-7,199245;-34,8678;ATIVO;ATIVO
07/10/2026;06:28:10;2026;04/10/2026;1;PB;20516;JOÃO PESSOA;77;435;Principal;-1;1660;COLÉGIO INA;Convencional;AV LOURIVAL BEZERRA DOS SANTOS, 10;GRAMAME;58000000;-7,2118816;-34,8420966;ATIVO;ATIVO
07/10/2026;06:28:10;2026;04/10/2026;1;PB;20516;JOÃO PESSOA;77;436;Principal;-1;1660;COLÉGIO INA;Convencional;AV LOURIVAL BEZERRA DOS SANTOS, 10;GRAMAME;58000000;-7,2118816;-34,8420966;ATIVO;ATIVO
07/10/2026;06:28:10;2026;04/10/2026;1;PB;20516;JOÃO PESSOA;77;437;Agregada;323;1228;ESCOLA MUNICIPAL DE ENSINO FUNDAMENTAL PROF. ANAYDE BEIRIZ;Convencional;RUA CIDADE DE CAJAZEIRAS - CIDADE VERDE;INDUSTRIAS;58000000;-7,17406124;-34,92952111;ATIVO;ATIVO
07/10/2026;06:28:10;2026;04/10/2026;1;PB;20516;JOÃO PESSOA;77;438;Principal;-1;1643;EMEF DEP FERNANDO PAULO CARRILHO MILANEZ;Convencional;RUA ALBERTO DE MIRANDA HENRIQUE - PERIMETRAL SUL;GRAMAME;58068228;-7,199245;-34,8678;ATIVO;ATIVO
07/10/2026;06:28:10;2026;04/10/2026;1;PB;20516;JOÃO PESSOA;77;439;Principal;-1;1660;COLÉGIO INA;Convencional;AV LOURIVAL BEZERRA DOS SANTOS, 10;GRAMAME;58000000;-7,2118816;-34,8420966;ATIVO;ATIVO
07/10/2026;06:28:10;2026;04/10/2026;1;PB;20516;JOÃO PESSOA;77;440;Agregada;389;1287;ESCOLA MUNICIPAL CENTENARIO PRESIDENTE JOAO PESSOA;Convencional;RUA MARTIM LUTERO 520;JARDIM VENEZA;00000000;-7,16784007;-34,90788742;ATIVO;ATIVO
